id,os
e5e8baae-e589-43b7-8100-e12c7c766736,iOS
47611368-82f2-4b8e-95fe-45381666bb96,Android
5ae59b45-42fd-4a81-b480-d58be5b37ad3,Android
c7c4df01-2f12-4378-9c7f-c2ed4d8bac81,Android
b19ed656-6ff6-4f55-b82d-23ca263116c2,iOS
ec9aae49-6839-4222-9afa-5229615d14d0,iOS
526fc502-853b-444f-9146-3633bde7da79,iOS
867177dc-ee58-4646-b821-a2d984b57079,Android
9d715e2e-7a6d-47e2-8304-e3eafdb02450,Android
7d9d161c-44cd-4402-87a2-29397e4a0dfa,Android
44cac530-7369-4dec-ac47-6c553d8ba75d,iOS
f4f17244-7d49-4b3f-a772-f9b63a006811,Android
07b625f7-65fd-497a-8c8d-28e0bc0faa63,Android
129a3dec-5988-44a5-a1e1-23b94837a42b,iOS
1210cb51-4f82-4b7a-99ed-f6d87b46335d,iOS
0d093a67-d1f3-43d9-a04f-7366c551e3a3,iOS
57b6fa86-b662-40ac-a1c8-9ea7c90ac2e9,iOS
fbb2cdac-69d8-4d1a-a129-eef0f8f6d208,Android
d2c9d4fa-1c8d-432c-8f36-a55ea5d3c200,Android
3011c9c1-bfdb-4ada-83e2-250f330efe02,iOS
7720d530-1bdf-4333-a161-650d00138033,Android
17905184-bb5c-4d43-9362-65f383ed68e5,iOS
4ce269f1-aadb-4f1b-a9d5-fb18335fd0e4,iOS
f4f03750-7c21-445a-836f-748248e719e0,iOS
6d2c8fee-9f6f-4ae7-9bf5-be50bc88799b,Android
d116ea49-285a-416b-acca-38965bb239a4,Android
21e51dcd-c0fe-4e44-a458-d320c84c7c89,iOS
05320ebd-edb7-433b-9d0e-8c7cc418bdda,Android
7a95ff98-c9b0-451f-92a3-de39c2d58b00,Android
41048b1d-7429-4dbd-8b0e-7ceddf850fda,iOS
9c3f1cd2-929c-47de-897a-91f893e83900,Android
49a81f83-7a09-4bea-9fe5-6e618c11facb,iOS
d462e257-7af8-4fa0-a860-d87902716796,iOS
bb300dab-87ee-497a-b8b3-5d893c43540e,Android
e45fc578-b976-4b84-95ac-8d23829099a8,Android
17d8c452-e535-4b5c-bf43-63f4fc7c7aaa,Android
f3ddcc8c-b030-4339-a43b-ddc4b626681f,iOS
b8857ef7-da26-44b9-ab30-4d759554c004,iOS
07c380c7-f020-4c8b-8222-ed873d9d1dfe,Android
86a6fd9a-2139-41f1-9769-9b06b14358c8,Android
a57c440d-9a81-484f-871a-3cb340751881,iOS
1f6cb89d-f5ee-4446-8304-83220d273318,Android
a5b56815-c056-4ae1-a11a-1b0a48eccbf7,iOS
07742842-9282-48e0-87bb-722b080cac59,Android
99fda82b-2c0a-4061-9c9b-01f6f55e65db,iOS
a433b704-eca1-46d4-8b0b-e5c4c574d523,Android
95df7085-ee24-420d-aa40-7f40fc1f23d5,iOS
489d3f09-b2e9-4f0e-8d45-72c0f925d3df,Android
07aab880-03c8-4a4a-8c79-b3119c075bf3,Android
9e27db56-66cc-467f-b5fc-e8800277bb2b,iOS
0cfe2de5-bab3-432a-a83c-6fb2b4e0b614,Android
7022c41d-fe5f-432b-89ff-434ec0c80a41,Android
cf41cdb9-c4f9-4f07-a4e6-82d786c9a36d,Android
eb5d4b17-20e5-41dd-8d46-971d10c74095,Android
c5cde156-8520-45a2-8a7f-650478b9e2c5,Android
e6d73b71-5461-4139-9c98-5c96572c1be7,Android
f4b86bc3-7d95-4738-8eb3-d45d7eabd489,iOS
4304b240-9560-4701-905a-6ebb40d0c797,iOS
354f9d13-a0cc-4ae1-add1-86979e8c0ec3,iOS
fda30120-9aa8-433c-915e-d61ffbfeb901,iOS
f84ecb03-bf8a-4126-9f55-958e61c02224,iOS
f3cdcbe3-19d4-43f9-b065-7ab46f86d75e,iOS
af79f731-edac-43bd-b327-3eea898b08ae,Android
55c3a9a4-ed45-43e5-9f35-d074f0fedd5c,iOS
cb73062e-424d-4f56-bb56-a66400f6753f,iOS
c4ac5d04-9da8-4e17-83f8-1fa596ce9b45,Android
14437cbe-3d97-4c21-a0c1-c1a11198e3f6,iOS
f2948615-e88c-4e51-a587-2e7b11a533fb,Android
579c7039-75a8-4a51-ae28-e331e02a038c,iOS
144068f5-bf99-4796-914e-f8523c3944cf,Android
b8c8c1f1-08f0-43f2-ab6d-4d43f0dd8e37,Android
e6f6eed9-0342-45a6-a398-5ca556f6b742,iOS
965005a9-d567-49f4-8bf4-269612d4cefe,iOS
3a1ffc9f-ae7a-4d25-9a81-5081214b60be,Android
b9dfb062-1d62-431e-822e-0b741b965ecd,Android
d45520a6-a1d1-482a-9740-287240012753,Android
e2e1d681-214f-49cd-8af9-535a3f824812,Android
f1f09b2f-81b2-4423-8802-229eb143a8b0,iOS
1a726a49-25cc-4178-ac83-30cb27c831d5,iOS
3a33b3b3-5bee-4854-ab88-71bf6dd05785,iOS
fc996e2d-81e2-4fc6-957d-06969dbcbcb2,Android
21f1a9e9-b5e6-41af-ad80-b2d8603ddcf0,Android
4a7a800b-97ab-4904-82ae-7c630bd2b4e9,iOS
86b385fc-36ed-486d-bdc4-ab3261e46f8d,iOS
10a881ee-a327-438a-bb85-d951ef5fb8bf,iOS
f3231ca4-6a36-4c1d-8153-b6a86fd19851,iOS
3cc73792-01fb-4d70-8cfb-9872a152b8e5,Android
91f01dbb-ef57-4fda-9c3c-46d151bf1cf7,Android
21d24b6a-3d4e-45d9-a376-1f3cc8d62874,Android
4dca7ccd-b0fa-4bb7-b9e9-e0fd62351def,Android
5930213d-7b15-4cfc-9571-5934a54712f0,iOS
64a07fa6-f14c-4769-a580-e645d4d7dd4f,Android
07a37f9f-7d05-4c6c-8116-22189b757e25,Android
2c18b03a-6db5-42b7-8bee-292ca6b64fc5,Android
cdc8f02e-8c41-4fc7-aa39-f1f5404cd6cd,Android
bf3ab6bc-2890-4a85-bf01-2102ff7f4ce6,Android
ec4ad7a4-d289-453f-9c2d-bd9b7129f833,Android
593e6e65-d007-467e-9492-a52d47e439ee,Android
ec6d47bc-7482-4a9e-8f4c-cad3ac4c27c2,iOS
2f3840ad-1553-4e05-95cd-c3657968d6c4,iOS
115cca9d-e7f0-4103-be8f-bf7247b5a610,iOS
b88fa616-1f1f-43a0-9b21-241029526fe1,Android
8fd9c52b-ee1e-4a90-a408-2d275208ae36,iOS
d75f7e91-be88-4dfc-aa36-c291414cf4ad,Android
0861fee8-777f-4748-9adf-92e6772f1e01,Android
0ecefbeb-cb3d-4037-b673-aaec43a25ac1,iOS
72ad543b-4261-4429-9ddf-399533451655,Android
c98b35ab-b598-474e-804f-bb0725b19c02,Android
c0cf76b1-e03d-40ce-b464-d98d288906d4,iOS
b730f457-52b6-4ff1-9171-483ceff10831,iOS
229f119e-1cb7-4805-9642-d623ca1d4921,iOS
91460b8d-910a-4d32-b4b3-1c9032426192,iOS
3dbe6beb-5411-4d30-90aa-4d077a0eccc6,Android
20c927a7-b364-466f-8559-1146e310a3ff,Android
37622150-51be-4aad-a355-65e7e1d893a8,Android
34992ea3-25d4-42c1-976b-dec4dd3992de,Android
f2e14ac5-22f5-480a-a132-29235f488642,Android
d111cab2-b16f-4529-8fd2-5cf4b3b763c3,iOS
f2aac7fd-b514-4360-8359-a9a8d740c9b9,Android
d6804e06-7387-4242-b4ae-b5f3dd0362e5,Android
1c39b76b-8a57-4323-a809-3ceff16009ae,Android
2a3add7a-be92-43b2-a6f9-89308dabd9c0,Android
b603a569-8576-44da-bd07-f6b651ae5de2,iOS
6b5e4d03-7ecd-44b6-833b-9ecd7d976e54,iOS
5ba3ca60-039b-4abe-b7aa-7c6b510e8095,iOS
6e696525-9ec4-4883-8d24-07abf1ce8f3e,Android
5c8ea3ee-c68d-4013-9c5e-10c1292eb6f1,Android
41b886f6-9d2d-45f7-ac65-2596fde8ed26,Android
cdc5747a-f307-4e05-bdec-f5e32596cfda,iOS
7e0888d3-8f16-4167-aa6d-d4ac104c28ee,Android
f29627d2-4e6b-47e4-b7d8-8a24a3ff100e,Android
7a8e8721-4af4-42b1-a2ce-1bb616ab920d,iOS
e43b1250-2512-473a-97c6-b9ac6ee8fd9f,iOS
c9275121-d473-4bc7-910e-a1085129ee6d,iOS
887da7c8-3755-4205-8171-6fffff5f62fa,Android
3f6cfd9a-0842-4847-9cc8-3ae2298e1279,iOS
f268d71b-5450-48e8-8e02-207dd72a40c2,Android
cefc1578-6125-4c5f-8fd6-a931a8f79a03,Android
6a7b21de-1db6-4e67-a0db-45f33042599e,iOS
ef615ab9-87cb-418c-8fdc-75a0800333b8,Android
c9515f09-250d-4c5e-9ffe-eacf4182d869,Android
0e606b4e-5792-4fa6-a625-d237dd5c11f9,iOS
c66282da-5b62-4dce-93ed-0229ea7d6f21,Android
976fc814-5c7c-4671-986d-a78bb754b34c,iOS
3601a32b-4cff-47bc-8800-2bae8edbb73d,iOS
8890bc6c-7130-405b-a7e9-e10e46a41de0,iOS
8cfe9eb4-3eae-4028-bf71-f5e71da0485d,Android
654f75cc-56fe-44fe-a4a4-869b14c3a333,Android
dc1ea61f-110b-46f5-be66-f1f9ed63b6ce,iOS
566031af-ab55-47d6-bd78-beb3ca9b61a3,iOS
2a99c85c-9a44-47d3-ba74-53dcefc302be,Android
60682fd7-b09e-4cd0-a427-385f2b077685,iOS
9979b569-a912-4914-983a-649f2166ff00,iOS
e2bb99bc-3c97-48aa-bc9a-71b45f12dea0,Android
9d6accf1-f8e9-458e-8858-d2d71870acc7,Android
7f948d90-1796-421f-9150-aa4bcb6bfe30,iOS
be21da24-c7f8-44a8-ae6e-80622fed7d87,Android
7768ac06-c400-4bb0-a4fa-aada8826109c,Android
f02e1fe4-976d-45cf-a08d-20a41f0fd62d,iOS
fac6f305-5361-4523-b6a6-1b53fe935fa8,Android
a7a54342-5550-4d21-8640-325fb1d7ab00,iOS
a2cc0ad3-1e90-47a2-bf61-5c80dba42ee4,Android
9eaf8d66-8044-4998-a922-36461c7b767b,Android
f411085d-d625-408d-86ef-9916e1e2fdfd,Android
f0c0c53e-c096-4723-8788-a5c01f7c4238,iOS
97d7b4d5-fd07-4ee0-b7a1-6e93adb51645,Android
cbdfb925-4efb-42ae-816e-8bd36d377d68,iOS
ad2bec18-b47b-4b3a-82fe-790d1498ac93,iOS
4d488c4d-0b78-4966-8ebc-c4e365805c7f,iOS
db86abc9-e906-4b69-89d0-c67170a156ee,Android
8df942fe-e820-4186-aa9a-2f9ee61f76b2,Android
76191117-58f0-4c30-a272-bbe07b34f658,iOS
0bb22d33-9d5a-42c5-bcb3-1d8a0a9d4c36,Android
f26e37c9-452a-42fa-95a8-8636964f2245,iOS
ba996350-c48c-452b-8c76-7ed0f7d20c2e,Android
1cdac2cd-137d-413e-83a5-08ec51ded511,iOS
8f2fed2a-708b-4f15-afb7-5a83c2e8ccb6,Android
f0657836-0a19-4633-aac0-d71ed3f98eeb,iOS
d4ea466d-307a-4805-9865-73b6da84fbba,Android
80725b9a-8faa-4f9d-b122-65e8dbae6b9d,iOS
a8760429-7b7d-466d-a82a-4a600d40af57,iOS
bcdca182-a5a7-4cb9-a0ef-3e32c661a6a0,iOS
38655fba-ec65-4628-97cc-4fcb292651b4,Android
fc180d8d-c165-4bb7-98a8-b42ca2aa6a8c,Android
ed6c8e51-79a8-4463-b117-bde787d856b8,iOS
4c8bec4e-2ecf-49fd-ae1d-7bc638bc59b5,Android
1351e7df-045c-445b-bd03-5fc700d2ae1e,Android
fb325b6c-23bf-4d32-b6a5-bf58d3913211,Android
a37babf9-d98b-4406-866a-42b4752d15d5,Android
09e7d4b8-a4fc-4b21-aa01-0bce8845fc2b,iOS
b8e3f0ae-cc56-49ed-9cbc-0500f0f3142b,iOS
211aaad9-1fcf-4960-a2eb-0b315a1aca3d,Android
afa04464-3e46-48fe-9745-7c2bd08d8bdb,Android
5cb1dfc1-97a4-400e-84f9-183340f7da35,Android
cd93f5ab-1f5d-4fc2-8024-c7d4c5fb92c7,iOS
877963fe-7694-4f0f-8529-603a4a0fc356,iOS
28424180-78da-4bc9-96a7-978a794c3dee,Android
025f4830-72d9-4f1f-91b6-db6bad1ab204,Android
30839a01-b5fa-451b-88f0-b2f363e19cd2,Android
5b602df7-d990-413c-b83e-408466723b57,Android
84ece284-1402-4ad3-98ee-af4768362e22,Android
2dd7febf-a674-42e6-875d-66a64b3fdafc,iOS
6eec9117-2cf1-44f8-b78d-acf5d4a8a0a0,iOS
d4bdcb58-8064-4345-a864-2c839b6278a0,Android
91795679-e5b2-4484-b18d-3c287186dee5,Android
12ccc31a-8659-49d7-80ac-bbfba6d30a88,iOS
cba3fda9-321d-4d4f-9fef-98b39b901760,iOS
da933eff-9290-4dc9-aaf8-8cec51519a77,Android
4e35ee9d-a39b-4c36-b0fe-f4ce954603f7,iOS
c53b9c4c-539f-48f3-b208-86313ff564b4,iOS
9a9f97ca-0616-403c-8595-8cef9eb4e5e7,Android
b396f1d0-dc37-4e41-b65c-5cbcc1ebdb06,Android
28c43e3e-46c9-4f99-98ad-ffb7e3fa3f72,Android
bb87817d-f3a7-4b1d-b2ab-0491762072ca,iOS
4d1fc86c-547f-490c-9bcd-f772da95dc38,Android
df5bb64f-8fed-47e7-9f9d-952d70f2a6fd,iOS
52f05455-0e7c-48b7-8d63-9bb96e7e4873,iOS
cca9186a-c679-4eaa-a892-dc840d75d838,Android
51358420-05ec-4310-9c12-27ffe2e33e2b,Android
447440f4-5fda-4a86-ab5d-0d2d841e58fa,Android
ca7b2405-11bd-4989-b70a-4fd392ff5a9f,Android
2b444291-3936-4cfc-9e5c-544af4ae4405,Android
0bf33e61-4d2b-43a9-bc6f-477d6aded6a0,iOS
66c89f66-e7d9-4337-ae31-487a49f92aa1,iOS
8e33e042-0a86-46d5-b39d-d8c5fb5cd051,iOS
a1f0ef17-9852-4058-8a77-df941eed9a09,iOS
25b44fb6-8df3-4a5d-8aa8-4a0cefa1ff97,Android
482ffe22-58d9-423a-929d-fe37beb28047,iOS
2932f010-63ee-4e7f-a5e8-954778a12a03,Android
253e81ab-e204-4cf5-88a2-9bf28c0629bc,Android
9685f429-e9cf-4fc7-8090-f61698ec9df0,Android
91965a7f-8e11-4563-9247-a9dc94d49c61,Android
441cd963-c2ca-494e-9310-e98c1e80c490,Android
03b7afdd-8a0b-4f61-b51a-28c4d302f80e,Android
416c81bb-1a0e-4f13-a6b2-e6d34ab0eb4d,iOS
16fd8fab-8120-4742-9fe4-bdf867ce46d6,Android
57993acf-3d21-4c92-a6e7-cdce1bf320c8,iOS
539d83bf-fae6-4a72-9184-159d3399fa62,iOS
f6e362fc-544a-48e4-871c-0f1e8050502d,Android
1d27a937-d887-4862-a8f3-27a9e8b6de9b,iOS
d0223ae5-e57e-469f-bb2e-04632f6c7bbc,Android
9b95eae4-b1c3-4a4e-b7a2-76a3b3de7fae,Android
0fd3a0e4-0d1b-4039-a2b8-8b4fbc469d32,Android
f415b144-c1aa-4397-ac0a-e2a71918f465,iOS
4cf5fc70-89c5-4844-bfbd-7243e5b47ba3,iOS
a8c24a60-1526-42fa-a966-8127fd613a39,Android
15f41330-11b4-4355-970b-dca1c7c5f553,Android
27ed3d9c-5f91-4ef8-b0a4-bd5ff1a185fa,Android
c95ee2d5-0d51-4e34-a023-379101077b31,Android
2e3150c1-bda1-474f-aceb-8d472fd67721,Android
5bc6380e-e421-42d2-a16d-8d6252aa1c40,iOS
f23e16d1-3406-4cb0-aef7-c58010037a2a,iOS
db28bec9-fd09-4382-83cd-558e981c1b02,Android
4ab9bff5-108d-4c46-9a8c-85c759135434,iOS
23569a23-3233-4946-a6f5-9e68769a58e5,iOS
bd4c2777-aaf4-4fce-be0f-8ae878893868,Android
615951ba-7619-462d-bbe1-fc8a81522468,Android
583f573e-3df2-4185-87f8-8dc5cf575f39,Android
e0fb527a-5117-460f-bf55-904b696b694f,Android
923bae12-3e74-4bbc-a151-288552d99c3e,iOS
1ffbb161-0040-4106-9c3f-9e6dd6913b93,Android
57313a29-f5b0-4901-a92f-a67b47189cd5,Android
1f9038aa-11f5-4081-9827-b8bc81490175,iOS
af837be8-e2d4-4d63-a0f4-9419b586818e,Android
cbb6fa7f-c2a0-4dea-840c-de0c92f0e0bb,Android
4444d05c-ea33-4b62-a8be-f95951e8ae43,Android
2dc2c6ea-e07c-447a-be61-5f93a41383e6,Android
4a4c2815-ee3d-4227-abdc-c9ecbfbc6eb1,Android
251964c7-6ed2-4f32-8283-b659d6f7b6df,iOS
492c6c8b-7344-4728-9a8c-587dcf2efcd3,iOS
df58106a-09d9-40ec-b889-1aeec3c4384f,Android
8c59fde1-59f8-4d43-af6e-dfffa60a7959,Android
4a24b4ea-b9d9-4695-ba9f-b881f84d69cd,Android
f9512964-e5df-4229-ba3f-72214243c302,Android
45bfe8a4-8aed-4063-93a0-2a586225fa7c,Android
e3ca91e4-b5fe-44ca-8640-3d8e310379d7,Android
0c038242-34ea-4e0f-a1f6-8b72781b6226,Android
c18b1865-0be0-4711-8e8a-784d9ae62b2c,Android
4fe677ba-9ee5-4468-9083-acfd54261062,Android
5c1eb188-37d1-4acb-8623-fb73e501031c,Android
8000b478-572b-447f-b158-4ad1ca7babf9,Android
6ff42309-675c-4841-b6c2-68566193a368,iOS
8dc014b6-40d7-4af1-a422-420ff0c03d39,iOS
2f3b8c7b-276d-471b-a640-57e9e4c85dc7,iOS
27e86a92-9288-4e1e-a947-1847c06a2ad5,Android
6303439a-6b71-4864-ae1a-3c243fb66b50,iOS
242cd3db-a53f-4a17-a40b-6afb3e2b41d8,Android
4adcd90b-2bbd-4c48-aa4e-5e358643890b,Android
00b3e182-efff-4839-9286-276bdd61f048,iOS
136c0e53-1508-480a-891b-4bce499da349,Android
2ea8b8f3-7006-4f3e-8fbf-88a0ece5e90d,iOS
f06f90dd-df29-46a7-86f2-81b10cf626e4,iOS
0fae2e4b-d3b9-4409-ad88-9a30492e4c32,Android
2405341e-69c1-44cb-8f4d-10a3afe2fbfe,iOS
88e1c05f-946f-43ec-8959-72a2f919b0e0,iOS
c968f875-155e-4f85-8233-8fc20d4d1df0,Android
0772bb47-0f72-4ca8-8951-01eb6962b2c1,Android
ad9390ae-e691-4dd3-958c-e1a141b82fdc,iOS
7e06db6e-269b-4d7f-b6be-af1e68f422ff,Android
8e6bc94a-35de-472a-a82a-caae997005c6,iOS
3604485e-d03e-4ef9-b4a9-ad25143f4dcc,iOS
e39b5621-66c3-429d-a486-d79bd4ffb1ee,Android
eb491e6e-85b9-4039-bb39-a0e551083e1e,Android
e98ca87c-2052-4495-af10-c4c044cd84a1,Android
724a207b-b0a8-4781-864b-706db9154d95,Android
11fb28b6-8d28-496a-966f-7628dfe4fa82,Android
e1557ec1-2464-4fd3-a8f6-4c21e1945231,Android
50783f19-5035-4441-ae39-6f16f5216fa1,iOS
1ca9d9d7-217e-4e35-be64-9fadb9499151,Android
2b5b65f3-323f-4c1d-8a66-7013a6c0337d,iOS
fb9ae883-05f5-4290-be2b-b8587bfa2ca0,Android
ee6583a9-603d-4e43-bbb4-2a7506253f73,iOS
b797bd82-1b44-41c1-b8d8-a25b647e1a05,iOS
95381c40-fcce-4e8a-8e6a-64083ad9fa45,Android
6e7d3df1-c2b4-4c66-bf9d-2c67d9589000,Android
a5fc6e2a-8ad7-4a34-a550-735d34721dea,Android
637e5613-385c-426e-a783-edeccdedda16,Android
d4692a1b-263b-47b5-9e04-36b2077341e1,iOS
a169a594-0380-499c-8742-1d41eb4f8521,iOS
cb73ba72-6b60-4cb5-aaac-575f3f120711,iOS
b7e9d406-e8ee-4959-8c2b-5c2fea5a435a,Android
d4b9134b-e778-423a-a88e-b4f5721e6fcb,Android
13f79441-086e-4e0e-be11-84aae280d374,Android
cbfdff28-9fce-46bd-abcf-183b48bb4f40,iOS
b0227623-a245-483c-9136-5d875b55fc94,Android
ca26877a-7111-4f72-97c1-eca647d1105f,Android
1c457fb9-b655-4fa9-a034-2adb4f60d5d2,Android
0495f863-e037-4a51-a641-65c5c5b145cf,Android
6b783cfa-06c4-4565-9912-e263f0040d27,Android
d94ea5d2-eb34-4a8c-8fb5-158790781ff3,iOS
dc275988-19bf-4ed3-bf0f-ddc8276d3f5d,iOS
857d54f6-2c54-4f41-8518-81191b63fba0,Android
f963342e-e487-4d2c-8e29-da5b31eea820,iOS
dbfd16fe-614e-4f82-9f27-dc3e6e985135,iOS
cff24167-192f-4af0-9eb0-61ba61ab0871,iOS
fc21ae41-8956-4d6c-b32f-528422fc4f16,iOS
d057f6c7-5f45-45d1-8faa-157291fc4189,Android
7d9bdd49-266c-4357-aa71-a8d2e39dcef8,Android
5f170fe6-7bf4-4a42-928e-6755a75fc160,Android
e8a88442-7615-42bb-8492-da06cad38c3b,iOS
e8828698-b203-4670-a707-51644f4e7014,Android
ed691a02-1595-4d97-a3f0-50d796686611,Android
cffbc0e6-0387-4ef3-9db8-aad5eec8caa6,iOS
f2baf4b7-482a-4a66-851d-f979c96925ec,Android
fc545b06-4449-4075-a5ea-990d0c3d4796,iOS
44184b00-597b-4c26-aa18-a8f171402726,Android
82d6edde-476a-4cf8-a381-b8f108bdc7b2,Android
d9ddb8a4-892c-47d5-9c5b-75d28a8310cc,iOS
a4a86de4-e1d4-4241-958c-75f7d260db53,iOS
2e08dfae-d2f8-4bb0-bba3-21f67d567a36,Android
f8e3550a-a445-447e-bcc9-792e289b49b0,Android
2950843b-8a63-4cab-8a2c-18d4598dfff7,Android
961d2131-c704-434e-a9a0-8a88e1317378,Android
8c843090-b207-432e-8e9a-d38e459f516d,iOS
78ef1658-0efb-45d5-90f5-0f6c29b5a620,iOS
f5140654-41f5-4f87-ae5d-5a4b2c9c5844,Android
e01831dd-ec72-492b-b78c-b16de0bbf720,iOS
73d0e202-f5a4-4ea1-8708-9f32b11d8347,Android
54a212b2-4e18-4749-9053-f6a812c161d0,Android
5a66c60c-2376-4299-b16f-7836d8367e74,Android
1935f5be-5a8e-4c1a-9cba-959517079a27,iOS
373c360d-7cb1-40dc-9791-26adb9ec058b,Android
27081635-7f28-403b-9f20-156eaa6c802c,Android
287b2d20-bf4b-4b71-83cd-725fe6615d9e,Android
c7f2995a-377a-4d78-b927-7e5bc9a525e0,Android
aedc6829-2990-43c8-8a84-9f2ea64103ec,iOS
232fa50e-3c28-4ae4-a561-73b0461c7632,Android
d53d2b4a-19f8-4f30-9205-fc13a67d59b7,Android
d27b534f-19e9-40af-a695-0f02424e97f9,iOS
44d013cb-157b-4551-8fb9-20d64d5b4a83,iOS
d25b1ac6-3ed0-4dee-8396-5688433f11a9,iOS
069861bd-b7ad-42e0-9477-e8c2899c1100,iOS
cf7dc754-aa68-4670-8659-788c49b32996,iOS
a3095a75-7c7c-449c-a13c-3c6b85d89289,Android
cb824a0d-51dd-4613-a1a2-1aa0eeff9e71,iOS
03a67e36-c085-4273-9f52-abf923b9b4c7,iOS
49f7b14b-ab98-4ba0-abdc-c38756b65233,Android
077c945f-45c7-46a3-b1d3-78a879e224b4,iOS
4a1d0d1c-9fe3-4908-984d-0724ea0779c0,Android
4922c081-7bb7-4102-b453-668e18207abb,iOS
9c5dedc7-89de-4f64-a5ba-24e4cbc55abf,iOS
41937c3a-6c3f-4b8d-aa52-557f8ed8bba5,Android
4fa4d107-d2b9-47b9-b101-dc7f5bbc5ae4,Android
44cd2ba0-75c2-4c2d-848d-c616e0dd64a3,Android
15bb350c-dc37-4fff-b8d0-d6300735c4b9,Android
1d75706e-a0aa-408b-8221-f2dc0416aff0,Android
6a83cb2a-e04e-4cd5-bb94-dca30670534e,iOS
51170210-9865-4a54-804b-14eccddd2758,iOS
3a54abbc-cb42-461b-87f1-53c48948d24a,Android
7664e218-f10e-40a7-8668-de3fed71ab9c,Android
ce31fd84-1eed-429b-8407-7304faa18f44,Android
e956a45f-cf1d-46ce-8a16-ef237d9c31d5,Android
71936e7d-10f4-4c6f-927a-94f80ea982ec,iOS
59dadf62-c21d-41a3-bbaf-9a9dd21fc514,Android
cc0ab37b-5d57-4347-9bc0-e87994f25e2d,iOS
be9b593c-60a3-4b4a-9106-4218f3faecf5,Android
2b00e991-a8f1-47b3-a308-128708946874,Android
ba660a09-ad8b-4f5a-98a4-bf5a10eb3034,Android
4dc10add-e47b-435c-8e45-62c010446f2b,Android
03947898-7f95-4ed1-ad74-19ebc10a9f51,Android
4d8a0ca7-223a-467c-9e67-289f87f269c1,iOS
7e76b096-52e1-4297-ba15-ee633256aba2,Android
17bbc16d-1e36-4d2b-a3ff-eac6ec7986c8,Android
4a4d02b9-b28b-4e69-9800-675160a39d0b,Android
40a0731d-ebbd-430b-a752-b0e86d0788d4,iOS
5ebf46ae-8abb-4437-b6f3-05d52862b7d7,Android
9c1314ef-b47f-49b0-956c-4dc57b688b99,iOS
b4d49d2f-1106-4179-9cad-eab30683f410,iOS
eeb14a8e-83af-4321-b3e4-7d7fbde5b71e,Android
6fcc83fb-43e9-4410-b45b-862224ff2b57,iOS
e3b07bec-812a-4db1-b590-9f8a810d3064,iOS
8d6de5c1-89a0-4c30-9d4c-98cfbe745e25,Android
8abe1f32-ce65-4834-90e1-91eaa63459d6,Android
079cbce6-dcf0-4450-baf0-bc36d9ceecce,Android
6644cf33-0ea3-4ce8-b408-a7d1633b0d06,Android
9fde235b-e8c6-458f-8af0-51edddcd86b7,Android
44865026-a841-4332-833a-88d100fd228a,iOS
cfeaeb39-396f-4872-a2f5-d4e5dbf66c7e,iOS
f928ee66-7d38-40fa-b293-7bb45fad5de4,Android
9e7e717c-045f-44f3-b93f-85031157856f,Android
d9a6f6aa-ec9a-4745-8801-b4749964988f,Android
0c3b2fc5-4b5c-4e98-9be0-cbd1751ab46f,Android
a52dab6f-5d69-40d0-8e0b-c8d2098b7f9e,iOS
61e42454-a173-461e-a1fe-710f4ef9f563,Android
76fea0da-7842-4a6a-a0a9-250d17df5257,iOS
b0e360a3-4676-45e9-a065-4f11fe05345f,Android
26184bbc-e299-43d1-b553-99c1d374d54d,Android
908ed695-d191-4ced-a5e7-9305842d68e8,Android
e1ce847b-544d-461e-86f3-9effa990dfae,iOS
94491b06-71e1-4365-bea9-a1da0d8515a1,iOS
453f41dd-f62c-4acd-b6cf-a8dc22198b30,iOS
093f5af4-a261-486b-8473-f323ac62c954,Android
ca3a53a6-dd67-4b77-8398-963420fd0617,Android
427153bb-2f24-4554-b405-1fc80491d1da,iOS
904c7525-8f10-47f7-a2bc-a5c8938de7ce,iOS
a2df9939-66e1-464d-8425-2124b91bb163,Android
0c5c436f-4007-4db6-b2c7-8c7712a8db72,iOS
0de07f6a-fd87-493d-b13a-40f992bfdbe5,Android
3d702215-e7dd-4225-8be1-78acbf6bf038,Android
8c938b09-7793-4df0-8474-61318cc717e5,iOS
ff6db4bb-b0af-45bd-a0e9-e965c9ebb1fd,iOS
81d940ec-1bba-4fee-b582-efce4da88a8f,Android
a944bda9-2085-45e5-a465-8bb1fee07264,iOS
2b3887fa-0de7-48c0-9104-3fbbee6f0d47,iOS
22a2f29b-5767-4bc7-bbb7-a0bfc87ed000,Android
77bfd97a-b29e-42d5-a842-1cfe6a7b63ba,Android
9ddeb9e1-19e8-44ad-82d0-a881e5962e01,Android
888c8915-2644-45ea-abcd-a8c8ccd3b25f,Android
15d18cfd-ef5e-4e27-81b0-40d5cb117f17,iOS
cd4e3897-ebb3-4aa0-8833-b233a61c4616,iOS
a99e966d-04d1-4b46-a089-c7d3237e6fa8,Android
c91045d1-0940-4daa-b97e-663d7af75fed,Android
8a383eac-03ab-4d7c-89ef-e32b991f3fd6,Android
2f36be25-36bf-464a-a5d8-7a54d1f63a38,Android
02cc517e-1ae3-4e9b-ae71-3d1397f6fd9f,iOS
188814e8-9c63-41e8-9d70-cf5c8e2c6104,Android
999ffd1a-0fcc-43ad-9e2c-51759794e251,iOS
663f3a69-448d-4486-9366-19ae3610aa89,Android
622574cf-315c-4967-a8dd-105f18cf85b7,iOS
1f4d59de-c898-44ef-b7e5-7142ac5a9ce2,iOS
c71105a0-9f8a-496d-92b7-f883c5f5f0b8,iOS
add28c8e-55fe-412e-b311-8258156ee52f,Android
cbad49fc-a352-4ff3-aac8-5f36338d924a,Android
caa1a475-d7ba-4de8-b740-8031cf3addde,Android
e8e39e51-91ab-4538-9a1b-88f42c213a96,Android
595783fe-7bfd-4256-85b9-6f496a83fb98,iOS
b355cc36-f15e-42af-a86e-5174084ab40b,iOS
18c0f745-505b-46b4-8151-e81f9fe7b8c2,Android
2489d1fc-2d89-437f-acd4-ac139bfcfbcd,iOS
2be657ff-a961-41ec-bf79-163da4d60974,Android
8b51df86-7610-48fa-bb41-57a42e3de473,iOS
06e87e58-2885-4de6-bed7-559aaa55e0e7,Android
aa7ea6b8-65c8-4e68-8381-328a17bd203d,iOS
33dddf62-68ae-4c01-9015-25b7d0037161,Android
5d82348f-0348-4647-a030-a205518cf5ea,Android
1ba1a780-ffe0-4a47-be01-ad37df01d4fb,Android
851d226b-3e30-4778-9b63-f33ec7dcd8d1,iOS
f00352a1-e1a4-4e5e-bfdf-3dd3ed85fd8e,Android
c4201b15-2956-4c05-a0e8-c41f8ed36eff,Android
aca718fe-2c08-4505-a118-e1e0031a9e79,Android
faef9eab-c6b4-4e65-8071-ea20309b1292,Android
14beb3cd-6b54-4714-9341-d62dd8976f14,Android
363a60fb-5d38-42ab-b4d3-bc1a24cd3a6a,Android
0e230060-02c8-4fad-b1e3-9e27a74dfb94,Android
1d320987-5cd1-4dde-ad68-99481c090ff5,Android
8de606bd-1698-4f83-90d2-6cd7a7b9dea1,Android
db7d4c8f-9b51-4f55-b43d-0fbb6b305907,iOS
d02fea60-ebfd-4747-b185-3a1da96b9e31,iOS
872be417-da12-4fc4-846f-d4b903c4fefe,Android
87ed5f27-6cc5-4789-8fa2-a881ab585cde,Android
e2568c94-a130-434f-9937-b898346bd14e,Android
e339afb8-a34b-4595-bd5d-2667fd0da514,Android
a7a43059-d65c-4fdf-bf4f-8251db634bb5,iOS
e968d8dd-9f74-4e24-a037-8317f20da203,iOS
bc574d5b-bbc4-4b3e-8335-e661365a47c7,Android
73860acc-cd3c-4dfe-8311-f12fc6644fb1,iOS
b520e8ee-bf75-41b4-af89-70d8cd153701,Android
7ea29404-7c81-4811-b88b-cda9cbd98fbf,iOS
2a3d7269-70e9-4c1b-a134-fad958c80ec2,Android
4657a05b-a521-46cc-b76d-6ceb142e58ae,Android
6ec2cc8c-a69e-4f60-919e-38960ea53038,Android
a4e7e49e-e9bd-45f4-8bc3-6beb443ccd0f,Android
e064ce5c-8c9c-42ff-8cfd-028bbbf7396d,iOS
784632b8-4055-49e4-9273-da89ac13b234,Android
e046b2dc-9f6e-4399-90ec-44e0a4f2af5b,Android
3e2156ef-9f32-44b0-838f-216d9ddd8303,iOS
edd6431e-c4bc-4ba9-9d28-92af9a065d63,Android
032e643f-943e-43eb-8d27-a241ab1ece22,Android
53bea955-9030-46d2-8069-ad69cddac84d,Android
372ecdbb-6b99-476d-976e-2a2fa5ce576a,Android
3e90fe01-56e9-4928-a8a5-ecdd2700a1d8,Android
58101777-a83c-44e0-954d-b798977c6af6,Android
7d577e25-a7af-4022-92d1-6806fc2d7901,Android
6726bcb2-7076-4ca2-ae3b-fc3b38665b5f,Android
eab455d3-2fca-47ff-8fc2-a27d5defbb80,iOS
a0dc9adf-fcce-4f57-99b9-3e6ac5560638,iOS
85d862fd-620e-47f5-b67d-29974da3f46a,iOS
e72844d1-a68a-4711-9093-7c2f8f78ef16,Android
99051c88-3ecf-4d08-bf0f-9ac0024ccaa3,Android
194fa247-1509-4a34-9ff2-4addc343bc90,iOS
5ad59e36-bb2e-429b-88f9-c7cbacaf2535,Android
f3140e04-919d-439f-bd72-cc528bf7d400,iOS
4897d450-5c51-43ba-b741-1f794ee41d16,Android
b368798d-3b25-4e93-a2ac-eee37f02c47d,Android
1312d3bd-6e72-469a-9f94-0dc413dcb73f,Android
d8cf7fbe-a75a-4cce-bdaa-485997887358,Android
bbb964cf-39b5-48c3-899a-4991f40d1d40,Android
48ff3508-7618-4de5-a7f7-770e46e8e19a,iOS
f91a17e6-dc89-445e-b24b-d1efc86be45b,iOS
e21f8b6b-562c-42e3-824f-f00be0105c3a,Android
a80e1d4d-a26f-46db-b2f9-849be3cc61dd,Android
c4dfa4cc-8248-408d-a8d8-13e91dc9f54c,Android
18dc784a-3f15-4c98-b05e-731236b5e4a7,Android
f200bfc7-7a86-4332-b574-9d0caa0f0a44,Android
76218928-aa85-4865-b716-4954ed9305b7,Android
ee38feae-2699-4aaa-a425-10b4a27ea08a,Android
af529fbb-0c86-4c70-8bc3-06be76c9cb03,Android
ae42cce7-0e84-4581-a218-46fe39f31a31,iOS
48dc9b5f-9508-4e13-8f54-ce9c3c4df927,Android
f69766d8-565b-4972-9ea8-1327e1d47b3b,iOS
b4540033-4e64-413b-a651-9e1c6ca809de,Android
19889945-f141-4716-a624-d1323a7619cf,Android
a8c0ef7a-8323-489d-b6f3-1bdefeacd107,iOS
7e6c2d2c-5680-463a-9648-0b3e5cfd22fe,Android
a1c63beb-67c4-4b65-ad50-29d4a4013c8d,Android
7218c7d7-f612-4256-897c-bc1518c8f212,iOS
e7118c9a-c0c5-4886-ba5a-f5bec77d6c02,iOS
0c4122c9-e073-43a5-a00c-04c99356ffc4,Android
8d70a182-7d0b-430a-a52c-65936c47bf64,Android
014afaa4-74a0-4ec2-80e2-d6f34373b3e1,Android
64aff83e-8a54-4aea-80f8-3b4c88a32579,Android
5cf9c584-0632-4b14-8271-aa8085fbaf10,Android
bed22e76-40e5-42b0-a14f-1353f1982de2,Android
72e636e1-c394-4c36-8af8-9ddf6a4b2b02,Android
d5e56edc-2ccd-45d1-98c1-a9beabc7e208,Android
1e4057ac-4f5c-4c69-9dd9-46b9c31269b8,Android
efdb3b5b-0c24-4cf1-9d3c-d3fb16ff8b04,iOS
1b964793-3024-44a2-80f3-ee884a1edf5f,iOS
5b7c6489-2b4c-484a-8824-dce1396c2b7e,Android
1457b82a-adbc-47a2-a880-ea4806a9cd5b,Android
8eb4098b-b27c-46e5-8eba-8e6623b1778a,Android
783f7117-ff04-4e9f-a526-f49583fc28a7,iOS
c2450ff7-053a-4dd9-ab94-15922a979aa1,iOS
81376597-a02f-4b6e-863f-4d2235cf5d52,iOS
071ccd05-455b-4cf8-b451-23aff5e5974d,iOS
24624c5d-d213-4122-9f51-baa2247a4dd7,Android
c4d65455-377c-4387-bcd2-742921d3b458,iOS
5bc49b3a-1513-47fe-aac1-dc6a6ceeb1d1,Android
e82f852a-645e-4469-9d89-068463fa27bd,Android
e6bfcb3c-f377-4161-aaca-191bd8991c72,iOS
c6310557-0364-4094-93f7-10b5243552c5,Android
28f8160b-bd5d-4026-bafb-0b5db6f8b77e,Android
cfd2a535-6c01-4f13-be80-85e29b6cd93a,iOS
6031b29c-c891-4ac3-8c25-37f0a9f1aab0,Android
a5099a93-5131-4813-8d08-0684f00830b8,Android
342394c8-0dc9-47f9-b268-1e40ef95115f,Android
0e50a647-7078-4e3e-a5b9-34384c89a8ac,iOS
f0f0bc92-b6ab-44e1-93f0-1694fa662247,Android
beae252e-64e7-4743-9569-fda3ca036276,Android
e4e9f7ad-ddb5-4d14-b456-3bdc711ff364,iOS
0cdeb93b-2014-44f1-9e11-5749de599f35,Android
84baeefd-050e-4e61-bac1-788f3f313aa5,Android
c75f037d-bb65-429d-ab4a-616738da381a,Android
f7383e48-9618-4c98-b777-3c4d8d3129d7,iOS
09da599f-5a4d-4299-a938-bda5ddbad48c,Android
0c1b023d-659e-4f08-8aec-e0e8f17a6db0,iOS
93bd3351-31a4-421d-9fa0-b2ec0c35cc0a,iOS
b18bbdec-0bab-4c49-ab44-e4b7fccf309e,iOS
9c97a6ad-044c-4f73-a033-378629fa1618,iOS
24048276-3d79-4dcc-8f9f-ba2d7bd49ca4,iOS
f3e377cc-dbbf-4d45-9fbb-88722245ceaf,iOS
d4267f4c-523f-453e-854d-839071c0206d,Android
2e5abfb3-3b98-41fb-8c1d-5b01029353bc,iOS
55b8a6da-8502-4f47-a358-b4c2ba427739,iOS
abdf1a0a-0b97-4348-908c-f2ece23a5c49,Android
b2826b93-28ed-47b5-b57b-cb02d5ae5c47,Android
06b7759c-dd3b-418b-8039-2ca1458631a0,Android
3d8af886-fc7f-468e-a6a9-618f46025257,iOS
859b773c-c8ed-47fe-b486-ba405f36839b,iOS
39077a21-827c-450b-9345-62a22ec7dd77,iOS
80ef4385-6735-4760-b6d5-5bb46a424e0c,iOS
c0d8e11a-c71d-41a3-9252-ae207f8918a5,iOS
04657f1f-e3a8-4dcf-a5ff-4f17c8c33bc3,iOS
d7762809-9089-4968-b85e-c6d62b893ec0,iOS
501bd448-6d92-45bc-964b-374e63c75566,iOS
6a333415-e68e-45e7-820e-32dfb0b2318e,Android
06fbe482-89af-45ce-aae6-1c7c953b90d6,iOS
f560a744-dbe9-454b-a2bb-f4a910428b01,iOS
d3232f93-d267-486d-806e-8af2d2d84307,Android
c2f894d6-01a5-41f8-b40f-98ddd73e28b3,Android
4480d80b-75a9-4f3e-8549-bd79ab6482f4,iOS
48290316-c06a-4241-bec9-5ba2fd9da315,Android
668e3916-0e55-4393-8319-381c16277993,Android
8334c9c9-c1dd-4ba3-91c6-17e618036b80,iOS
25d2e1e2-c83a-44d1-ac9b-ecadf70e7a53,Android
e550f843-a4f4-4a2c-aba5-31d0d8f78c92,Android
8f9224bc-9ce1-4f46-abc1-d13cdcc951f1,iOS
028f87e3-1f36-45a7-b3bf-f77cfc60ee94,iOS
ed623824-4cc4-4e13-8888-0bd210848aed,Android
1f6ff2e8-85d9-4291-b002-23b50cb386e2,Android
fcca1203-2766-43e0-8118-9689317a269b,iOS
97dfd4c8-f620-45d4-8624-1148d867a356,iOS
be199091-9bf7-4bac-84f4-6da1d82d03a6,iOS
459de743-e0d9-471e-8f3c-a7cad2d76f37,Android
e606c289-6a05-48e5-99ad-d5930c715ea2,Android
d022badd-3fbe-4089-a499-3ceb7fdbf448,iOS
a715c4f0-4c5e-4471-8585-8064fee07ee3,Android
8dc75d10-d6bf-4da6-a2dd-d217bfcbb424,Android
8af2c919-5d65-48af-a1d7-1defefd9966d,iOS
3386d3fc-ba18-4936-8afd-d5d156155932,iOS
a9e70090-a473-4764-9f8a-6581bcfbecfe,Android
2310cb2c-1e45-4acb-a974-3cf3262c5a2f,Android
484a44fb-3a07-44ce-8f66-22b2f0988f88,Android
e14c4bc2-6210-449a-b446-a67f6a3fe1d9,Android
f846dc30-1129-4f0a-8f58-23d7153a2364,iOS
76f84589-9504-4b41-946e-9e4c1fa32d27,Android
403e03af-b843-42ca-b825-5b53fc4b9552,Android
20ed9c78-ef0f-4ca5-bb5b-982cb118ca54,iOS
3620045a-4a35-4106-b06a-9f38ac574e7a,iOS
e3090ec3-d960-48b6-8a1c-59f85eff8d47,iOS
9a17f125-daaa-420a-887a-d0b82246a059,iOS
389dad5b-613c-44ee-9af9-b35ca7d78437,iOS
0cc1bfc7-c042-4565-baf8-da286a0b8cfb,iOS
d6e6cc76-6c49-47b7-8c1f-fb4944ac6214,iOS
07185bec-70b3-4664-b556-060f2054c9f4,iOS
0a2472b2-c094-4958-971c-da619ba9d07b,Android
6031bebd-e376-468e-9b31-2659827f6298,Android
fcad8f49-3d86-4de9-ad3a-699c6427b2ed,Android
4f865918-7857-46d4-9c61-34845dd01a8e,Android
711e7f0b-f591-4a9d-b67b-51fc49d7b5ee,Android
d8c9fa05-04df-4ee9-92e7-e81f0d1d8868,iOS
6afdb3d2-decf-4d73-9a5b-b2ca9699e8c0,Android
76ba8aa8-95f4-4f5f-8881-f81a85f4058c,Android
87595eff-3b2e-4e16-94ae-146f2dce9683,Android
8ecb1563-37fe-4a17-8841-df93943461ac,Android
148ea530-f8ab-4158-84d5-45b6057058f3,iOS
5326d03c-56e9-4f5c-bcaa-e3cb553e15bc,iOS
8885a33c-7a7b-4543-963f-e86624e5b68b,iOS
9d4e3c3e-980e-4a47-88d5-5d055e92d217,Android
87debdc1-02d4-437c-a24a-b3058bea8c4b,Android
40546178-37e6-4eb3-843b-d7571409f4e7,iOS
453aa82d-8c46-4524-b876-228dced7ff73,Android
bf7e8c8f-52a6-45be-9c95-e86e1eae7372,Android
c7306af2-5721-4b97-a3c0-dd1ed141e1eb,iOS
b15dc545-b1ed-4165-963d-78d935521603,iOS
2e3b5020-0e88-437e-9f97-0ca7dcebdbce,iOS
5bc8acf8-a53c-4b66-8104-f2e34fa05106,iOS
03311065-47d1-4dbf-8f63-b84330a007ce,iOS
3cf053a5-e7d0-400d-8f56-6b5b80846ddf,iOS
c7ec98db-875b-41d5-bfde-ef4983a02695,iOS
416221b8-c3b6-47a8-8383-e7e012aaac45,iOS
1f3b3a68-84ef-4ff6-a155-51de1b107615,Android
174704ec-7a3e-470c-a78a-c570463ede02,iOS
3f7ab1dc-a429-4fdc-b09a-c8f2fd417c9c,Android
f3d35e10-dafc-46da-ad59-06540399424c,Android
1eb72701-b8d6-4e3d-bc14-3f06213b9026,Android
d8248b30-f74f-46b4-94cf-fd63465471b1,iOS
3afcbc9f-a6a5-4e88-bf4e-44f212958eb4,iOS
6af0f750-09b7-46f0-9f73-eeb685bea7b6,Android
fd72e02e-5fb1-43af-83e9-cfb0f20fa673,Android
03391d7b-a19a-42bf-aee2-4bf331499420,Android
1c5d75cc-3ea2-4b42-9b84-eef32ad49024,iOS
dc05b9ab-c52d-4372-8aa1-e0605d80e8a6,iOS
3d3eb13e-2f2f-4e10-b54a-be895c169744,Android
b31aaced-2366-42c3-ae9b-de12b4a98c08,Android
c86a2bde-96f7-464c-8868-17df38b45a26,Android
28f680f7-10e3-4388-9157-b698fbb81462,Android
537e4953-2e35-42a2-97e7-a9c6f49f61ea,iOS
8f0ca4e7-d2ff-4aec-ab5d-0b191a970c64,Android
c6f75938-42bd-4b6e-b93d-8303bd377c3b,iOS
9f755bfb-ee84-4caf-9cc3-b6d4ba5d8cd6,iOS
18d2d02e-fed0-4e4d-96b8-8f85ea93cc6e,Android
89be59ef-f4a5-4c2e-88ef-e4510396e9b3,Android
4587dbbd-e816-4b1f-82e9-c504a80d0cba,iOS
3b490694-1788-43eb-8631-c9e481156703,iOS
621bb26b-266b-40a5-9fc4-620a3955f1da,Android
158ec990-edb4-4bce-999f-acd20ccb8ecf,iOS
2059629f-a02a-4e1b-9f62-f6eb384624f1,Android
096a81e2-d7d2-4ad6-a3ec-6cbbd25323dc,iOS
0d3254a3-a1a5-4ad0-88ca-517c42c5032e,Android
142041eb-510d-4a34-9109-56c8d0b271bb,Android
8811bd30-e90b-4fdd-9701-5fe9f621929e,iOS
b1ed8b10-3fca-40dd-88e4-37468580cb69,iOS
916e141c-f318-4ffa-bdfe-d6a834bbb642,iOS
eebe44bb-03d5-45f1-82e8-e42de6e755c0,iOS
9f387e35-e5d7-4d83-86cd-f1ab4ed4a5a4,Android
dc923485-1286-41d8-b967-8d4a8c67c53f,iOS
56b9fe8a-5f42-4457-8e32-c6807995db23,Android
60200e2e-d2f3-44f5-9742-d95ae9a367d0,iOS
26e5c0cc-07df-4f38-adc9-7b8342bbaecf,Android
0a57740d-890c-40de-ba50-ed28fe092841,Android
28611b4e-8893-4ad2-9905-5d6b49e53100,Android
9f3b0329-270a-432a-9efe-8d822333d1a8,Android
8d1d5fda-b80e-42e1-8f8f-bd04d9fd0d28,Android
93dc8342-46c0-435f-9d37-7df08c6c5d4d,iOS
90e9b4e5-5784-4406-a5de-f6c3e8e15b47,Android
a850648e-450a-476a-97fe-cf1e8d2d3bb4,Android
3ca6760e-9540-4542-8772-070f857c125f,Android
a53e1b49-cf3a-4285-bc98-d605f3b401f3,iOS
f8979171-363f-4ec4-8a4a-2b4861b6c24d,Android
614cc767-4c7e-4ec4-917e-7f4587407cbf,Android
fbf4a7f8-8a8e-4d05-9b0b-9aaffa422c15,iOS
ffe8344a-c9e4-4d38-abfd-3a92dcd5adfb,iOS
1329c034-56ed-4c34-9e37-d2f8cf6d632f,Android
b94105db-97f7-4503-953e-4abfdfce8b3a,Android
d204b10b-02c8-47f3-b99b-0fade91460e1,Android
bee3ac54-1195-4fb2-b698-9aac2781255e,iOS
58c32a2f-48f8-4fe6-ba12-fb000bf14b83,Android
4ca208a2-fac4-43fb-9f39-6145ec5ad6bb,iOS
ad6e7371-d9c9-41de-b487-cb4279ecdd96,iOS
e8f81938-3948-44eb-9d74-f87497a25305,iOS
0d5a1e41-cbf2-483a-a974-4f73cbda1c5a,Android
3002a713-4b3f-4775-a4ef-439e5cac7027,Android
47f1db8e-b641-4eb9-8eda-c74358288ddb,Android
d6d20bd2-8abd-489a-bc76-c0967d5b9995,iOS
cc19a8fd-79c3-453c-a656-b669ab58d0fd,Android
c58bde8b-9911-4ed4-a9da-1573a83df02e,iOS
8db068a4-d334-48b8-b1cf-592bdff15ebc,Android
e23221e0-b17c-437b-999e-d597abb0725b,Android
824f0542-de73-45e4-ae5f-3e2ed80e52a3,iOS
5d2df0fc-98d5-4f66-a161-6980039ad8f7,Android
2ade701e-9d4c-41b0-b133-cd76289ce25c,iOS
d6bef2b2-8ecc-4597-80b2-90b6a938f383,Android
0a6983e9-1ea7-4520-8bc1-d35ff3775c33,Android
cef9b739-41f6-4033-9ecb-4ef443fe6e92,iOS
7acdcdba-45e8-46ef-9f6f-5c0302bf277c,Android
247e7a00-f558-442b-88f5-734b6182f361,iOS
78c0f8ef-7da3-439d-a43b-08eb16f23239,Android
a49bd240-d8c0-42e0-9d3b-df4b804b2d3a,Android
5da33e70-0258-4201-b4a2-5dde4642f0eb,Android
00d40f2a-0eac-4d1a-9e48-7840341b008e,iOS
0f0dce57-57d6-4949-9464-92948ce03948,Android
509bde07-0fc9-4086-824e-fbb4d0903fe7,Android
09064901-3382-4503-9677-aed733c5d87b,iOS
1fa53673-b17b-48a3-a903-aad6c2393681,iOS
17333f77-2280-4265-8c27-9e2724dbea65,Android
c99e675e-d576-4bf3-8b5f-a09f659e90ce,Android
ca4bdad5-2525-4077-8dbd-6b7f1606c87b,Android
b8735bf3-0ae4-4016-857f-fc2939b48fa0,Android
dc173e42-a05f-455b-a871-a9f35c6fb910,Android
05d66056-0129-49ef-b5c1-14288c42f476,iOS
f66beb1a-abd6-49d9-9855-5de9dd1a29d9,iOS
4c494479-4ac9-4618-a550-7d969ffdee94,iOS
24ae394c-226c-40fe-9a93-5315cc7805d7,Android
889ba914-6019-425a-89d7-750438a79849,iOS
afeb20cc-c4e7-4744-b17a-17d981b63e57,Android
818e9706-7a8c-4e61-9a26-5dd02268f992,Android
705118dc-c09a-4a78-b48a-e63e099f8d33,Android
512644e1-4340-4be0-a439-0d82a2779052,iOS
944534fd-00b3-44db-a7ed-fb1bd9afb0d0,Android
7edd68cc-8f01-455a-93e9-0509b95d75e2,iOS
4a1d51af-03d6-45f8-aeda-6729deadc9d4,Android
a7646e53-560a-4c72-8cba-b10fb5dc0b7a,iOS
282c159e-4fa5-4797-96b6-d717969a7fa4,iOS
e94c99bb-e72c-45e7-ac31-43fc97c22efa,Android
e1ceb5f5-20ed-4476-849d-81ae6d886a22,iOS
66a15302-7a50-4acc-acd3-10defaa76103,iOS
18afc042-741e-43da-85bd-cb72b1637f2c,Android
99d26923-2319-434c-b884-71fbf6156dbf,Android
6c3cab10-4d57-46ab-a03f-32eb83e100a2,Android
c773667d-178e-46ac-9854-2758476dad87,Android
c58a0936-7bb7-46f6-bf39-1716589b8c42,Android
430678fc-6cec-4805-8799-55cbaba330d5,iOS
4009705e-6bc5-49ea-9505-2f641573c642,iOS
f54933ed-e587-4e00-92e7-8cb1e8831247,iOS
b6ee28b8-ebee-4b9a-93cd-c4e45f0850a7,Android
acf87c30-3513-4900-a170-f83ba684c975,Android
6887925f-4b62-4387-9795-d0ba20199ec6,Android
cec74fe8-c11c-47b9-bbc3-180bc1805faf,Android
6afb1c30-bfe6-406d-b4de-0740ad0b9655,Android
7291a2da-bf46-434c-bae4-72960ba1486e,iOS
49c48c2e-cbff-43e4-943f-f6c550143a02,Android
605986ab-efac-4b23-9cd6-f8d410c6f952,Android
507bf52c-2c4d-4be4-9570-ebfab30224f8,Android
2f531030-b27a-4e3c-8e69-74ffd49da3ff,iOS
00a53912-bde3-4292-b87a-b3f15aa38f8f,Android
8263269d-88fa-4ef8-ac3f-7feb6c04623e,Android
5d2f66df-d9d0-4e9f-876d-f5a36bb334f4,Android
a61cadc8-d9c7-4b00-bf3c-534aeb8753b6,Android
90f0bf59-c35b-459b-8356-bf8143272f29,Android
ca173e8e-cdbd-41c1-b291-ec00e91ad311,Android
571ee90f-b7ef-466a-bd65-e35f261d639a,iOS
e730d8c0-f13c-4852-80f0-35d496587946,Android
41903c04-3591-4a1f-8296-11c0734756ef,Android
022f6106-5e4c-448b-b1fd-244ee63218d5,Android
5a50b00f-cd9b-4fae-bce9-ab26615f6ce7,Android
3771acc8-78eb-4e2d-88ed-b07be07e86d6,Android
e567ea25-3b2f-4295-9a10-69ef2aa0f313,Android
83265848-c6fc-4ac6-88ec-6fa03bbbda53,Android
84eed2c1-6163-40b2-b1bc-7a64594eae07,iOS
fe5bf2de-97d3-4ca1-a2f9-736266a25225,Android
29c65fae-f348-4fed-8b2a-178833140230,Android
9a443419-077b-4d69-b9ba-5302be1dc4c9,iOS
21141a73-e894-411f-a41d-d9177a4b1219,Android
056f02a7-a617-49af-8fc3-e0f29a93dfd4,Android
8064f242-734d-4b7b-974d-ea0423962b14,Android
e3aff61e-dcd9-46a5-b964-ff84df6c5a85,Android
2dbfacc3-5035-45b7-b229-b76cf2fb0270,iOS
a6a862de-beed-44cd-99da-eaec1b595dda,iOS
64094c12-07e7-4a8d-8dd7-c3328e569895,iOS
58d49649-2bd7-44a4-bf13-38df844d656b,Android
d6da7af2-369c-4641-afaf-c81fb344e357,iOS
ad60aee2-caf3-428f-878f-aafbebd95b55,iOS
ce86c718-74d6-4a44-bd4b-d367137464da,iOS
674e99ec-2fd9-4233-9e0a-08fdbd92eb9a,Android
c9bd8d8e-1439-466a-a107-1e295287cd03,Android
323d495e-b343-498a-abad-fe1e2eea9a40,iOS
5fa848b3-126c-4e3d-9a2b-8a3dd1c254cd,iOS
b544292b-f97d-407c-8371-b149c33c961d,Android
d7b6c549-8fab-4898-bf23-71ccef03d378,Android
c872dcfb-6f3e-4611-8a39-e88559b034da,iOS
1b90c6fe-ba71-4fe6-a48b-c8370f7cfb2d,Android
ab1b7486-448d-466a-bb5a-103d79f308db,iOS
8f7cc301-0bed-430d-a529-83580533c5bc,iOS
f16ee4b5-deef-4de7-bacc-56557dd7f7f2,Android
806f3b17-a4bc-412d-8bc5-0abcf9dd1a89,Android
f941ee80-e65f-432d-8c69-14c1eac51117,Android
5154436e-16fc-4131-a3bb-ef1459874b68,iOS
88eb3d8e-0d90-42c8-b6c8-0a7603aadfd0,Android
518efffd-615d-488a-948d-55930a5f7a9c,Android
0a919cea-e2c2-4437-a75a-d723a0cebc9e,iOS
7241c3d7-eaa2-4acf-b8f0-3502dde11c16,Android
431f45eb-dbbb-4679-84c9-30591dba98d0,iOS
8c7698db-fd01-4267-bdea-ad08c987f151,Android
dedba36a-8ac2-45c3-8619-5db2436ddc74,iOS
b36bb292-cfa8-41f5-8261-4a6d0ba96e25,Android
676d47ad-412f-4ade-b421-72a3233923f0,iOS
081bc25e-dd40-4319-9302-5e7157d0d26d,Android
03039031-5d07-417e-98b8-19421766da4c,Android
5a21a09b-ddfd-4f68-85bb-df58058e7924,Android
492e1d7d-a68e-4925-ba8b-797310fc4b03,iOS
041a007f-7d5a-4d53-9b57-d976a2c97448,Android
41f77ffe-16f4-4515-ba43-f55cd9e503c5,iOS
bccae1af-7661-4440-a193-28ff3aa4a177,Android
4ac0c383-b37a-433a-adf1-4e99567947ee,iOS
2d0d58d0-a7c0-4347-9692-e1b7e40cc3ff,iOS
e0368c65-621a-43f6-8eb3-a3c09ce95564,iOS
e00899ac-a935-44a7-8204-58d37d418588,Android
f0b9d2b3-1a05-49db-a9b7-7a8c3229e2bc,Android
645d74af-27f8-492e-a07a-883990e92d56,iOS
c7f03477-3f7a-46f3-bd8f-4673ff655e3b,Android
85538524-43e0-4524-b733-9bd9d97810b5,Android
84c47553-6635-4d53-8d92-fa0111b68eae,Android
27a196e2-5500-4cef-be1c-5859ca96701d,Android
4ed6e016-6445-42b0-9c81-d0f5d05d46c7,Android
093c76cb-dd78-4ade-9621-60a7f17886b3,Android
c13c2424-9ea1-4e89-b45f-8cb1935800de,iOS
c58e7764-09ab-4401-a15d-17048d6fdb7b,iOS
0fea38e6-d1f6-4054-b2ef-aaffaa533d89,Android
cacb5c7b-167a-4530-8c87-1843146b6267,Android
03943328-2880-41db-a6e1-19a0f2daebe5,iOS
2c2715e1-342d-42f7-969b-721f2c5a853a,iOS
eedebd07-9ed1-48f1-840d-fdc955fb56d8,Android
91d115a3-7dbe-434c-a3fc-da037d71f478,Android
ea8baf79-34a8-46b0-afd9-eebd7b0cff08,iOS
f2d91df3-fe07-47c1-a732-988d6a36fd64,iOS
56be8a58-0abf-4444-b0d6-1697a2f7e096,Android
01dc34f2-4f6e-4283-affd-e49d99a5fcf9,Android
f230b559-1b1f-4491-a755-77ea5d40bd0a,iOS
229e15e3-e75a-44f4-87ed-c256b82d7c86,iOS
903c7ed8-3d6d-4973-bee6-f7ddb621672b,iOS
3ce58472-24c5-479e-8dba-8e18155b5c83,Android
73b27e1f-3343-4595-b133-2ca35a17b385,iOS
db7f18ba-31ed-4fdf-99b0-bf5eda45fe02,iOS
324132c8-d5fe-44cc-a04a-0964ded784f9,Android
1d6997e3-235d-42b4-8a4e-88b298f14ca3,iOS
cfb4f723-05db-48ec-b51d-400ea39f41e2,Android
c30933a8-9cc5-413a-81a0-34aef8ea4751,iOS
c37ce34c-60b7-4c28-8293-bd7e2a9e8248,iOS
4957eb4f-e248-4471-8642-10816981cf82,iOS
86710da1-7843-4bba-bbd6-f1c92bc3c51a,Android
58a9a244-e750-48fa-baa8-7cb03fcec5e3,Android
f971ca9e-cec7-43ad-ad82-0290505362f0,Android
93c40e70-8589-4251-8888-a202fd19c409,iOS
1c136b9b-111f-4df7-a02a-0f833286114f,Android
8e5a343c-501a-42e8-b7c4-481c2b08d09e,iOS
ae8d0475-a9cc-4804-a90e-3495d3b395a4,iOS
dfe3c608-5105-46e4-8bcf-c09a7748e552,Android
b0558541-4340-40c3-a806-ce111d888c8b,iOS
92d50dba-2833-4ea9-a949-dcf8ec3bb87c,iOS
cf91f661-b0df-4dfa-b79d-e6fb9651462e,iOS
471226a4-40b7-490f-ab94-4913ab59c23c,iOS
f8bb2de0-205b-4cab-92b8-dd3e279c1da1,iOS
fe4f2820-52c5-4842-91c6-c543c988dc56,Android
19ceddd1-13b5-4d61-b178-d34701ffee58,Android
5ce654c2-823b-4699-8ff5-b623d7b18952,Android
5b3bc36e-b83a-4eb7-ad6c-d22b4c167904,Android
7d5ea0b2-c467-4d26-9d02-4ad81186f227,iOS
0daf7150-26e8-47c8-b8cf-b692a39877ab,iOS
fd34fe53-f8e0-4424-a414-f268d4b468d2,iOS
15ed227a-b04d-4d29-ad2a-fcca260e8321,Android
176f426e-c316-4d5f-846b-5cb51202564a,iOS
492cf893-9488-4407-83c1-51bf99b71d68,Android
a7c9b943-23cf-4ea4-aa8d-1902a978c458,Android
9e797591-0456-4eeb-b6e6-e83215d716e8,Android
ec5f9fd6-5f27-4f3e-b6f8-efe8d74354a7,Android
51e1541b-8928-4e1c-b511-a6f121fd5e71,iOS
e16cd56e-9bfd-456f-9f8e-4089ddf60319,Android
b10567ba-a6cc-4b55-9ad9-96cf275f3bae,Android
c8476fd8-5d7a-43e3-83c8-f9fa030e0d1b,iOS
f40d5c90-1d4a-40bf-9865-dc608302dd0f,Android
bbfbfb47-41c4-484a-b5c8-d218ec937731,Android
d192c1ff-eda2-45b0-9d75-cdad4a0be622,Android
e09619a7-f3b4-4a32-aafd-03d50706abcc,Android
c41414bf-ef13-4282-9267-12cdbdf2395c,Android
491d275f-cf6f-4e22-bf77-462bdb0c5554,iOS
88ee64ba-f124-4c71-b4bd-864a00d93d40,iOS
fc55b51c-b4da-46cf-9b74-380ba4f52a0c,Android
9eb5b49d-b1b5-41ec-a281-4265651a11a2,Android
298f1d93-61a9-4e92-baa8-08887f0e9398,iOS
4b88f74e-09d6-47d9-82c2-081e01e19036,iOS
7dca29ac-efc8-4d47-9206-dde2f52a7656,Android
849cd073-077f-41c1-8b7b-4d5c5f7a5766,Android
7d0b4111-be95-4595-a7cc-c83683d3948e,Android
9cc0b30e-8273-40ed-80b0-bba0b0e38c9a,iOS
cbca54fb-cc13-4c72-b6d4-420c242034c1,iOS
08e56e98-ad46-4199-a332-e1060dfe7ff9,iOS
315c56fa-2d68-4f4b-b047-6a9f6eec07fa,Android
9a28dbea-c785-48fe-8765-d0c6e2367d45,iOS
5cca25c5-78a8-480c-8eaa-036549167b25,Android
44fdd229-9cab-4080-9a4f-a024f03b0cc1,iOS
4f299cfb-6760-4013-a4be-54b9f45e37b0,Android
1f296e94-c927-4642-883c-a388f19a9784,Android
96efed9b-148d-4286-b047-70e71bd8e45a,Android
20a96727-02ef-4d1f-80d8-2dfd48f5f9be,iOS
90efbab6-1123-4ec8-b80b-005980af4df9,iOS
b7a5b8f3-9ff3-429e-ad24-3ec0eb5f7ee7,iOS
094e0c63-b2ea-4d4d-9a64-676003b31a36,Android
6eb1b9eb-6824-4683-805e-0579a22449f1,Android
8ad4af77-ce1f-4c67-b415-a8f2214f09c0,Android
54ea7a9a-e997-4125-a8f3-a782929e365e,Android
8d604668-b565-4dd8-a1b4-af3224352a67,Android
97b52619-545a-46b1-90ef-441f2ed910b7,iOS
6a8b3cee-6899-4e57-8c79-b1c025745cbb,Android
9f05d058-2bdc-479a-9948-a108ae13a712,Android
7ec63e67-598a-4afc-b43a-52a3cc4f0e7b,iOS
e744f216-badc-40ff-870f-bac91c351e2f,Android
e1bd1933-3e4e-43d6-b6df-4c23973828e8,iOS
eeb1061d-e702-46f2-8ccf-26478c9fc196,iOS
5d4cea25-14e3-46ba-a36c-a04d7a9dfeb8,Android
38a278a8-12f0-4afe-9639-63241278e0dc,iOS
b299b23a-0c67-4f87-b0e8-5e4eb42b8ba7,Android
073c2627-9701-424f-8ab9-5915938bf4d5,iOS
af6be273-1771-47f4-a64e-20daf6926aa1,iOS
81536d55-bf44-4399-a8e6-4f851e4c9afc,iOS
b9cd56df-f96e-425b-a1d7-5a2bb8077fb9,iOS
bcf4c631-83ef-4089-975b-36cfb4d48e33,Android
ae4b7531-08d7-4ccb-8728-2613de18611f,iOS
b4ccaa19-9ae0-4bcd-a5cf-50a8c05b25a7,Android
e887e7dc-7bf3-4b5b-956d-c974bf9ac60a,Android
bd8446ef-5b80-47be-8c61-22e608c8e217,Android
78c96f0c-383d-43e3-a320-a5d17b32e2ed,Android
dba610c3-ebb7-426f-a6c1-470912e183fb,Android
249c1c7a-6916-49d6-90a5-282f67c6cc4c,iOS
2c8be609-b9b5-41bd-91ed-6ab90da90f5a,iOS
70194c51-90eb-43e6-bf35-966b7e7b0494,iOS
a18f296b-a862-4fe2-b95d-949d3a39e083,Android
817c0022-f83b-4c67-826c-de50166a6fc5,iOS
c2f73b4b-eec0-4b35-88b7-c20045e870d7,Android
0e4bd131-0b5d-4c46-901f-0310dc88d1f0,Android
1f0b0a50-8235-4674-80bd-aab16dfebb2a,iOS
9f3b0cca-a70f-4786-a242-f90da20c6a62,Android
85f54ab8-46db-478f-a824-969fd7d4696f,iOS
7a321351-1138-47cf-94a6-e52b314d0b25,iOS
3df9872e-ddeb-4db4-8a3b-918675de3dc9,Android
e349aef8-d1a5-40f7-8a2a-0b7a4b9c735e,Android
add2239a-4008-45bb-8ed9-eb48153028a4,Android
498a34ff-5881-43fe-92b9-5420377976f7,Android
035f8e6e-70a1-4b5b-bbf4-e7c8fc45f919,iOS
b5f06c30-4088-4322-8740-6c0c5ab50dc6,Android
ff323fc6-a3ca-4e83-a0c3-a1e81425a5a5,Android
66bedd46-ea5f-4aa1-9164-348629615936,Android
07551ea8-0e95-40e4-a8ce-cf4fe9a6b44d,iOS
a6a80c80-3554-4e97-a877-b2936376c85e,Android
0e706c70-50f4-455a-a433-9c6e2071bb36,iOS
b65be3b5-4f8c-4827-a1dc-b5eb860c4243,iOS
a30ba50c-3959-4ef2-94f0-7d5d7f531dc2,Android
304e6065-ec85-49e6-af0d-32346db01b67,iOS
f5f23c77-93e6-478c-ae7f-95b883a3141a,Android
414b25c8-224a-4237-93d7-d54e28374369,Android
4e86bf2f-5a54-4ea5-b668-9af13be12687,iOS
8a61be25-9087-4505-8ede-00ceb88c1ab1,Android
0545b33a-e25c-4eb8-bf53-e72f2bea137b,Android
bbee5320-e081-4b00-b333-3a85520cee45,Android
d324fb63-ab33-4349-8afc-29579dd41724,Android
7b07574c-7074-4f0b-9007-391e82c77b05,Android
4a1022ee-97ef-40c6-8b33-b2dc02f01dfb,Android
8413937f-0f0b-416d-a276-3eef2bee3840,Android
1c483e48-4b8b-4b75-bfd9-f5f01711725e,iOS
7aba1b81-cdc6-41a6-9a43-88496061ae8d,Android
5bda2107-7f39-4e13-9805-67591bdc7c60,iOS
85941162-600e-4709-af26-c8b5031a2e13,Android
0984953c-f5bf-4033-addb-f4717b1a6551,Android
b6ee5ffb-e441-44f2-ac36-d5c50c01bebc,iOS
e6073ca3-d2f3-479a-be8b-6abf2a47e44a,Android
068b80f6-71a3-4736-8522-5d344964237e,Android
d86a20b8-7b9a-46d6-adfd-5b60c4126498,iOS
cd47dff3-f36a-475a-98bc-024a7e95a9f2,Android
ea8e1e58-3578-49fe-9ffa-40cd03f1444d,Android
8076826a-af6c-4f7f-a5f9-a4c1efd1546d,iOS
133934df-1cf6-49af-8ca8-9af5265e314d,Android
abd8800d-8202-4cde-9b11-4e59e16257ac,iOS
eb9a2400-e553-4795-80e4-431a6ccfd0eb,Android
a1cedeb7-f62c-420b-9f43-1e5ba0c0b28f,Android
034111cf-a255-43bc-be53-e09610d5e14d,Android
54f19858-5a48-43f2-95bc-d5e4eec61c68,Android
09b8f37c-0572-467c-bc7f-22b82f8638a8,Android
29bdb913-1f44-4c5b-9b57-359d50f10d94,Android
1064ec1c-c0d5-463e-b5ac-0d87ad96b652,iOS
26a88729-bc2f-46a9-ae81-225cc09d6cfe,Android
e0d1419c-e352-440a-bf99-f03b96083676,iOS
211905db-09a2-4219-8af5-9b9721165657,Android
94ff9a86-c6b0-4428-863d-f8b41b075eff,iOS
c58cda6d-ea8c-480b-baf3-f04b5ee6e00c,iOS
5d78c40d-3eb7-4466-872a-8fe876704f58,iOS
d9cf181f-f599-4679-b0a1-e269bd487edd,Android
52c1a177-32cd-40e8-bd33-1f28603fe935,iOS
56f115c9-f5bf-4e6c-b1ec-7ef7427e7054,Android
57da00e6-0b58-421d-9620-753fd659a023,iOS
df538ac2-8bfc-456b-8fd8-d07ca2d4575b,iOS
83843641-e47c-4315-81a3-d1046f8eb68f,Android
e3700014-5d24-419e-be99-886f9d4dbb1f,Android
22b5ba3c-7bf4-4fe3-af78-4fdc541078e8,iOS
89ced74d-3871-45c6-9fa3-d4e1539917f7,Android
a4e0cea5-5cfe-426b-bda0-4723dffccec5,Android
65dcd323-4573-43e3-8d25-41155584a8e7,Android
949de168-b2c0-4bf0-b8a0-8dc4c4075898,iOS
41811240-ec6d-4c2c-8f3c-8ec1c000aecf,iOS
1d11a2d0-ed8b-47bd-96ac-f7c1c576e3a9,Android
517ca667-ab35-4d56-b094-a828456ad6eb,iOS
bafb1bb9-c120-4739-b8e5-9535eb0b9142,Android
d7868288-47f8-42e6-86af-52ad15eeb51f,Android
5ce8dc33-6264-4b04-8d4f-5fac7e791fde,Android
e640ea42-987f-47c3-aa99-1f53b5fd4ca6,Android
a36fb8ee-821c-40bf-b3d1-321c9b95d6e5,Android
47749089-1489-484b-b83e-78f1f97dcafb,iOS
e65b3dd7-92f2-4406-a054-19061da5240d,Android
6a9e54f3-6e95-4609-acc2-7dab4db6582d,Android
8bfdc430-bb81-46ce-a4ad-9d38599ee04a,Android
eaf57726-522d-46b4-afc7-e967f3fa42b1,Android
76fea937-bd48-41a9-a9ab-0150b51c331e,Android
1b944bbc-4dbe-49de-92b6-6427330023e5,Android
6b7ed120-886f-465e-99e0-d85d8d42e95f,Android
0288ca3a-d982-41a7-941f-592d0d876473,Android
27410d8c-4f21-4b9a-9812-27eb2a341e93,Android
01dadd55-d52a-4105-97a7-3ac663468480,Android
160b256a-9aaf-46c3-9b3a-dad99728695c,iOS
61613443-98ae-49a8-86f1-284eb0ca4fb8,iOS
483102b2-d689-4b6c-abe7-977b2b080797,iOS
119f842d-3d22-49e4-afb7-0cf91628823a,iOS
4664e93c-cab9-41b0-bdc9-a8b85205626e,iOS
47fe903a-3c2d-4a2d-88f8-f892e49d6e93,iOS
02aa1027-5c01-4a57-9ecd-94f4b903bf3b,iOS
01b8c73d-a54a-4b86-8a3f-26dbc955dce6,iOS
2650f308-76b6-41f0-9a9a-4cc4cfe086cc,Android
8b5b0fef-a497-4797-87b8-ef95f2b93a93,Android
fad1e313-b706-458e-8550-121a662552bc,iOS
ac8c553e-9527-433d-b2c3-71b7899ef7bb,Android
c77f5937-ad0a-48eb-a4f8-0a6ef2e904d9,iOS
5cd5c32a-4a49-45c9-9e02-2a6765b82953,Android
1596dd3c-3397-4bbb-8cf1-663215b8bab6,Android
3b12311e-7757-4c28-9ca7-fe3b0b59858b,iOS
fedf2401-4fa1-46c3-bdfd-58f4383d111e,Android
327ffd09-2573-4d93-9561-64e227eb84a4,Android
8901f3f7-36d3-405c-8f91-e9993375005f,Android
5f109640-a727-4c1a-b1b6-976da0c634ab,Android
b7c8a865-0f66-4006-86dc-e4baa19acaa4,Android
be511f5b-1afe-4199-931d-5b315c4ac8ae,iOS
51952be0-c72d-440d-bd33-082e42972ee6,Android
cca2f353-f49f-4cb8-bace-298cfb1cd964,iOS
025a57c2-39a3-44a3-b9c6-242299161af6,Android
988efb40-53c9-4c4b-a8dd-38b50a8d1043,Android
9eed2d7c-286b-469a-beac-3c67f02e7d50,Android
b7f5a5b5-134f-40dd-9f8d-863d7386664d,Android
2f73456e-44c4-4e12-ab6a-71ee6818e053,iOS
a9bc0691-07d3-45b0-83a8-e4a2cc17b53d,iOS
0c0c33ed-17f9-4e20-9cd1-0c6d24d2fa71,iOS
553c2e60-6c63-49eb-9c6f-e4901cbd1072,iOS
9acdbfa5-afe4-42f5-ab8f-2c27f361d347,Android
c7236e3c-abd4-4de1-9dcf-4365dd52549d,iOS
8299ff90-1ab1-4670-98fb-e0ff23ee051a,iOS
0ae84d41-3ae2-4f5a-8fbe-51a9636b8126,Android
52b9d963-4a40-47e3-bde6-cae0f6186e40,Android
287cd478-dd4e-48dc-b908-691074b49933,Android
10b7cab7-e059-4b0b-b44b-c08b0b668497,Android
26785d88-57fc-4afc-a57f-83a4717b3b52,iOS
63519df0-c3eb-4d54-b750-4141fe702144,iOS
a01e1f4a-28c5-4e71-ad69-9c4c85d1b1c8,Android
789d7e15-69f3-4f8b-bfb3-57c2a4d50552,Android
63dc0682-0ffe-4857-b54e-4bf6455a8e40,iOS
387ca8b6-8e35-492b-bf89-51c2751599de,Android
3c5ea4fe-6037-4317-a2d7-b9f6898da9cf,iOS
b9965233-9fd2-4143-b700-af88f8c4361d,iOS
96c60d98-cc0f-4b37-95b1-11771433a7a6,Android
0a20e00d-3ff4-41ac-8b97-b0fba0d0a634,Android
f38650b9-8d77-4ca1-861b-5cffaf2e4ee8,Android
13f3c661-319e-4432-a95c-6fae34aabb2b,iOS
5a2343ed-f47a-4d7a-b368-caafea7e0e3c,Android
1a8037f1-262e-49ea-936f-780a78a0ba9d,iOS
f92d1cf1-edb8-4855-bed4-9653e272ea84,iOS
0255567d-d81b-446c-bd90-1f67569a13d7,Android
4d9df399-4874-4e5a-ab61-1729e5520fad,Android
ccbe6155-b71e-437f-8579-f8dc381b2b36,Android
71a4396c-86db-4718-a644-b8591be464fc,Android
f26890d6-07eb-4099-af92-5da7f59ec005,Android
8ae4b093-09cb-4ab1-a061-b022abcab2f7,Android
f1e3cf5b-d0c3-4060-bfb9-4a2e11857c2f,iOS
36445eaa-998f-4128-a59a-8c2b93214156,Android
53bef94d-f488-49a8-aff8-5745bd74b07e,iOS
d9a7862a-ab44-4ecc-ba6f-b9e0471c24d1,iOS
dc1e2b09-a24e-4360-a73c-92029633d472,Android
68e98254-94b7-44c9-8bff-60dc9b3881ed,Android
8b7941f3-d64c-41c8-ab44-c298e61f21e9,iOS
93269c82-7b10-4830-a39e-4ed10c302551,iOS
7b5d3653-3824-434a-87b8-228b71d236d3,Android
827c9a62-f426-4fb5-9419-276d4c72c4a6,iOS
ba6ae544-ca88-448b-b74c-c0f8c0516355,Android
8390f74e-1cd6-4e6e-83c1-14873eea6792,Android
b3c34db4-e608-4f4d-a783-f12cbea113f1,Android
54525607-4ecb-4cd6-8888-387cfc3a3f8f,Android
861dc85d-b832-4fa4-b6d7-42b81ecdf747,Android
025b867f-049d-4e96-b5f6-946a38b21877,iOS
8bed2854-2e7b-42ce-bbf1-4741121ddcb2,Android
480bde67-c4c2-4cd5-b325-1003e55e77b1,Android
e811f8a0-6ce1-49c9-80d1-742fb1b36e93,iOS
6191403e-a358-4fd1-865d-8458ca3c894e,Android
293748f3-6876-4682-8f4b-3c6de9bdfbc8,Android
86d96a00-9a46-4923-aa61-1e27c0de59f0,Android
6c674193-3c7c-43ec-9f0c-b18f98b77a4f,Android
25c8b991-dded-4161-a7be-55dd7dd57daf,Android
6574a16f-359a-4b07-a4df-67cb8faec486,Android
f64ec5fe-c6eb-4f9f-bc2a-942ba7f3f69f,Android
fed92f69-2872-4a86-bff4-f93caddba85f,Android
7bb7b90b-0c6b-4b81-954e-bc1c03f9bced,Android
5e859f61-00bb-45e0-bb2f-7fdf3fbd580d,Android
25650387-c685-463d-aa2f-b43067d092d3,Android
4f09a214-eba3-4942-a865-3f6cc712f345,iOS
440c9003-d9ff-4003-a233-29e9defb48af,Android
e2232d42-d2b2-4e32-92d5-0ce243349bd4,Android
4a9bfea7-619f-4765-b052-b045a1568292,iOS
f0e25ed7-d0f7-4aa2-8c78-96e0111e0b17,Android
cb084579-3afe-42d1-aefb-c2bc23dd6a6b,iOS
da284d9c-1052-4a40-ad14-14bf23f2d9cc,iOS
65b52da1-53b0-4675-948b-38b4045e2bf9,Android
809e7a71-23f0-48ff-b5e9-c586f20d7096,iOS
cf42e05e-f2c0-493d-8165-f4a21cee1261,Android
ab8b3fd1-680e-4daa-88d6-c0db7e8ac456,Android
e4b1dbda-158c-48bf-ac0d-f29db7ceff35,Android
4ddd566e-14a6-467a-bdf2-4bf613a2a70f,iOS
98490243-f02d-4bc3-b811-21b84c041c0a,iOS
c366a87d-eeef-49d5-9c5a-73e4c4eae0d1,Android
6300be62-4b06-46ae-95b4-19b4683f678b,Android
622174c9-fcd6-43c9-b09d-e9b3e7d01b3e,Android
b1a24fb9-db2f-433e-accb-a417387199fe,iOS
16bdc428-a19f-4c09-8f4f-a22c445428e2,Android
1c7bc1ec-ad47-4548-bb68-5203b9358cba,Android
751d0279-86f9-43bc-8cf4-5813a4c0cda4,Android
1413cc97-faaa-4093-a1b0-37679ead35e4,iOS
eab8e91f-e8a6-4289-a081-af3b9d46c605,Android
28c8c71c-e4c0-470d-85a6-bf5bb0b0852f,Android
79ad0eca-f04a-4080-9f3b-388b03a2b1c5,Android
a65967b2-97a6-4cd2-bb0e-1621818a8ace,iOS
60d97f3c-4e80-412e-8155-9c8c842acb24,Android
394fb862-5c53-4e98-9253-42b3bd600b8c,Android
44a3ebcf-5024-413e-a1da-c833cc740afe,iOS
fcf68a12-095e-457f-9648-1a9ee0fa8244,Android
654beab5-b94d-44a2-ba39-c59c58878f6b,Android
b83bbad6-f0e8-4f2f-bb78-75fc98610135,iOS
58d1bec1-0395-4831-8f1b-29e6d14586aa,iOS
65577eb0-b7f3-4046-a7fb-802c972b2687,Android
8c611d8b-aa5d-4ad3-9f9c-6516894e45fa,iOS
9c77757b-07dd-4591-a2b6-e671af0d8087,Android
b8c29041-fbe9-45f1-9cbd-43cdf0e31627,iOS
f7867a2f-7311-4347-ac04-e22f1b0e14a7,Android
ef1f52bc-2a21-4f8f-a515-559849085154,iOS
432ebda1-7988-461b-bd28-a8a38dd23bde,Android
5b537cb5-f439-41a2-b00c-26408af410b8,Android
82fdd178-29ac-42a1-8c22-f78c87edf356,Android
8bc4bd08-5b80-4ac4-9c36-19e4e73e8c31,Android
04138b4c-a022-4018-989f-8980ddae2fc2,iOS
da115e2d-61f9-45fd-ad1b-a6431f545ace,Android
941495b6-6b74-4177-b030-8e089d7c41f5,iOS
20b3be41-8118-4d35-b670-043fab6fe4ee,iOS
963a7572-d2e9-4b23-b807-1446f8e58b36,iOS
833a026c-cc61-4c14-8327-99132afeb634,Android
80146ada-b27c-45ba-9e86-95678877fd8a,Android
1cd1d285-724c-4df4-9493-de51cfc01f47,Android
2e8b7a25-6ca0-4f60-99ae-98da42e2b7cc,Android
5c358e2f-94a3-4b60-ab8b-0aad0484759d,iOS
e512f7ec-1626-4a1d-8b79-cbe56a2fd3e3,Android
3c63783b-0957-472e-96d2-0efce87b9735,Android
66b8903e-6929-4e71-8744-dbe5842fdcb6,Android
eba30d54-00b9-48ec-8a1a-8d5316c9eb0c,iOS
046ba2b3-35a5-4df4-89bd-93c314f74d4c,Android
1e114bf4-a7b0-4883-9c09-222cc3409a30,Android
897a7131-aa8f-428b-b4dd-12b09d0ee9f7,iOS
459a95c8-02e7-4875-a6ac-d5c30a001449,iOS
1d6a4669-16c8-4a9e-8383-aba21ece39d3,Android
52426849-d8d5-443e-89ff-aee2ba353cce,Android
89929f50-c735-465d-9ba5-63107396e8fe,iOS
e6bf9c83-626d-453f-b0e8-d8a5f6947b29,Android
8cd47d0f-afae-4c74-aeb4-12209058ac3b,iOS
18612382-9dcf-4ab5-9834-f92f63468b39,Android
fe4fe886-bc3d-4ef4-8499-d09066d7e0d7,Android
ef355e5c-b1dc-4a35-883e-cc4fa4f0cf8f,Android
dde9f869-a347-43f8-96f3-21e939c18985,Android
ced661cb-2d67-4f70-aa0f-e38fe556ef56,iOS
188de609-7d00-4e2c-9e5d-55c183d83580,iOS
db2f5e11-b803-4d75-acda-e059d99ea7d7,Android
fe9adf50-dfe5-4282-b50a-bc1a815effeb,Android
9a74d597-ff91-4a81-8f67-cc5bf56f6da1,Android
f07b71c4-b319-40ea-98f8-ff8b74861470,iOS
80c0b0f0-9417-4f32-bfdd-400f66574e7d,iOS
b307d561-e1ad-4f35-8d72-e656a6b7535a,iOS
c5bf78e1-24cb-4342-9b9a-ef2b75f01862,Android
5ebfea1f-3bcf-4d1c-93a7-0bda24137b33,iOS
c17133c9-b7fd-4229-a027-73f95b4ce912,Android
20f335a1-9388-4d25-882e-a4dbf34f7b4c,Android
c914dfd6-1125-4c76-846f-1d298d0e820e,Android
54236463-1769-432a-a2f2-dd83e5abe45a,iOS
d1d8de97-638e-470a-8d15-ac5a67cd4d28,Android
701df3eb-201d-49c5-8e2b-187b7e47b553,Android
ccab988c-eb86-48b5-9c2e-03256bf43a1b,Android
1b980c74-a930-4655-8cba-043de8e4af60,Android
90ae5def-3df0-42ba-b71d-df08e3f7140b,Android
01c7fa1f-1509-4165-a593-821b4773cac3,Android
6fd6d12e-7856-4529-b4c1-72e2bc079442,iOS
e9f32bcf-c79a-4755-9fbf-776b512e508b,iOS
bab6aeec-8bfa-45ea-8c4d-e064594c34b5,Android
1592a417-c9cf-47b5-8701-6120d3767d54,Android
d849f1b6-3f79-48b8-a88b-029358640b6e,Android
a33055ef-2ba0-4ecb-b29f-9fe2761d4409,Android
0ac725a0-e31a-4bba-ab1f-eace2615e20f,iOS
25fbed19-f0b9-453d-bad9-7d860989c3a8,iOS
9783576e-e4d0-4345-81ac-d058d7fa7e59,Android
2830df3b-df7d-4103-8b33-ed11ae658629,Android
4547355d-1d22-4bef-a03a-a86301c5f955,iOS
66f750dc-e152-48ab-a1e8-decaf5ad3a02,Android
d90301a7-5726-490e-a35f-f4e4bcd0e83b,iOS
97980a34-97c0-4e3e-a337-86384d026991,Android
01a54968-8df2-4eba-85b1-fed8906d58f9,iOS
0c95cc93-eb52-4d04-ba1e-4b7c9925ac61,Android
3857087c-b78f-4435-be4e-e9fcfd843d88,iOS
6e2d858b-e3bf-4c56-9420-298c1be499c5,Android
7cf7efa8-e017-4aaa-9716-1dfde9b80c61,iOS
57316ead-7a0f-4413-a9a9-5b3455e4d1d4,iOS
d2074d28-6d9c-45cf-a139-84148fa13603,iOS
1c0107de-0e2e-47b3-8ae7-d48699ac9248,Android
186654f3-193f-402f-82c0-e8fa86d7fbc5,Android
a825466a-e137-4fbf-a20a-49752bdaff2a,iOS
5054ff0d-22fc-4bb0-a7f7-8dd255017a71,Android
ff287406-3d20-42d0-8539-ad00e760af37,Android
3e627f77-b795-44c7-af89-0c87ab117bba,Android
e4f7ed1f-5b54-493d-b493-427cfc2d5c0d,iOS
41bcaff5-7df5-4f86-bdc4-dcd3aa3ce31d,Android
5c85ca01-82f9-4a07-bf64-0d4d5feb3786,iOS
f025158e-d638-40fa-9182-963cdece8f64,iOS
8f95132f-b9e6-46cd-adf8-e37339caeef9,Android
b2a3c249-583c-4bc8-bfa7-b802ec5f7c57,iOS
0aa547ab-bb33-4cc9-bc08-6ca764e8fc17,Android
d9c7185d-2bc0-45ee-a244-014aba53c9ec,Android
2d48b028-1791-46e8-831f-3692f354f299,Android
3edbc84e-1246-4e98-9d74-95548b3517ff,Android
e857cf54-92a1-47c5-af69-8c1605983f38,iOS
f8249487-9cdf-46ff-b34a-3be5fd5b3a58,iOS
58a8b187-0fc0-41ed-8bf0-1b523e1fcd7f,Android
84ad83f7-8455-428c-be20-d21abb9119be,iOS
cb8995dc-16b6-40a0-bdb0-95385e76d20c,iOS
1829bf5c-aa7e-4c30-8485-ad62e1c047ed,iOS
cc95b5ee-d0a6-4ef9-84f2-7270f2f74f23,iOS
72510a29-5d82-4465-be87-aefaef6783ca,iOS
35d5eaf8-37cb-4cba-a01f-8f56e87f3a64,iOS
40f3579a-08f9-463b-9496-189a92ae7c40,Android
dcc3b1b4-fe25-4afc-9bd8-bfd186dbdc6f,Android
70abf04f-32e7-423b-bd0f-055edab070b0,Android
a489b4b6-4996-48c4-bb90-9b57c324e8e0,iOS
9ee27622-2728-4a5c-9ac5-9c25aa292dfd,iOS
2fdebe20-58ca-4cd6-8629-49f222ba026b,iOS
04f35fe1-da71-4abd-99d2-d25f55c571ed,Android
a2909a1e-7f96-4e87-83aa-771f7f5db377,Android
fb46edba-301f-44da-82b9-fb2b7c7d5f11,iOS
e1f98330-b0a6-43af-b1de-90150246c8b4,Android
5af3633e-312e-4e7f-8415-118f4b4209a3,iOS
990fb304-5f1d-4eaf-b4fd-ac1e4bf335ca,Android
25a37502-1805-42b4-aba1-8eb125b03285,Android
91115bbd-bcd8-4981-9a2a-1826f5e24e80,Android
7e0eb0e4-6cec-440d-bef7-eab2b3f55f4c,Android
ceb23c61-a3bc-4021-9d06-9dcf6db10260,Android
14873da7-a8b7-4cc2-bdb0-6d9204897d76,iOS
72bedbec-05c6-44c7-8823-8678e69aaa50,Android
0adff059-3a23-4ce5-ba51-62842ba1d4e2,iOS
eab1e282-e4d6-446d-921d-fbd299a60a99,Android
e7e5c852-d2ba-424d-86b8-eacef3e510fd,Android
080720c1-5430-4540-b830-de93bfd88cd9,Android
801a6c14-0868-4a00-915d-9212325a3c65,Android
b711c92b-9e9a-411d-8f60-06851f1b0d4a,Android
20fb357c-298c-43eb-858e-d64e00a2a80d,Android
0a4c39a6-d0b7-4c7b-9f78-0a876975b92e,Android
50b36dca-6646-4158-be5a-3bc5900c8da3,iOS
09acb805-9a62-49ab-8bf2-eddeeca30706,iOS
02f49d7d-64f4-4025-a070-0ca4c21900f6,iOS
32547a9a-6626-4242-ad56-477b22328322,iOS
58fe1614-5da9-4876-8575-853e3a45c9bf,Android
b6ecb9dd-94ad-493c-b5a8-2d223996bdeb,iOS
97915c28-8edf-4cba-98e4-cfa9f284cb73,Android
6144447e-18a9-4eb3-a62b-a01b2e2177aa,iOS
5fbae834-1694-4fa7-8666-a68fd8e33d0e,iOS
3aeb915b-a2d2-475e-a685-46c86a704c02,Android
7d699804-4dd6-468f-a91b-d6460487fabe,Android
98d69a6f-eb7a-461e-9e17-9f049b66f1a8,Android
cb0be264-ace2-483f-8712-6d2c3b01eb0e,Android
f5534d69-ed3d-4e05-babb-a8582c129556,Android
c521eaa9-721a-4a4b-97d9-db6fce44f3b8,iOS
ba1c47e3-bf96-4309-a88c-b98c92d15c19,Android
be23317e-322c-4399-af4b-e33197c2f8c3,Android
a0927323-5cab-42c4-a1ca-d7cbf019dceb,Android
e8efe6fd-c25c-4572-b514-eefdd99b1d68,iOS
ae82d5b7-69bc-4510-8851-64ed13444bd1,Android
9a30e04b-3870-4eaa-84fd-d912fc9ca28f,iOS
5a8ba73b-c2d6-4154-bb3a-c92bbfa27511,iOS
9ada66ca-6730-4bce-8814-c028fc6c050c,iOS
b191e252-b505-4316-8781-6153443f6a75,Android
75b4dad4-13f0-4610-afc9-3c6cffa46c41,Android
2303c8c1-84e9-4e0f-9dd8-023669018192,Android
46c418cf-7af2-43a5-80c3-28ec1615d1ff,Android
e88c3953-2fa6-477f-ac00-0f73d85a0d36,Android
c90128dc-4a91-4308-9487-562b15a50a16,iOS
0b37455d-123b-441b-b897-8b427925297d,iOS
a02cf956-d72e-4294-bef6-51f6181e4af5,Android
812fea4f-0012-4cb0-ab4b-2290caebb7e2,iOS
339f510b-c4f1-41a3-82fd-9e318fbf9214,Android
fec5e61e-9e9b-407a-972c-1409eb11410a,Android
54ac227e-4a21-4414-9fad-63ae8bef3917,Android
c5698923-2613-4567-9551-3e90bd9fdd9b,Android
9d7450cc-2300-48cb-b2ef-5f9b19466764,Android
834074cd-2357-458f-8400-45d54fcb064b,Android
e1d411f3-be89-4752-ac42-a90a09d5dd44,Android
e4cd459b-ceca-48eb-9d6c-edbee52ccc54,Android
27f978f6-7ac2-451f-9188-e17ba55f530c,iOS
5f3ab3eb-21c4-4a60-8ddc-7fcc616ca36f,Android
5bd10ade-f985-4268-a63f-0a4bb4bcbd8f,Android
326504ca-ee87-4782-a287-e18848414e85,iOS
ba90b01c-d7c3-4bfb-940c-a62d546db635,Android
780e1d53-aad7-4980-9e88-a57dd5910770,Android
c4d87b3c-8e59-4665-b76e-ea21e100529a,Android
746bdba8-fe16-4623-8f89-9689716f8864,iOS
b067edd6-d3c5-4001-86ac-431861cc460d,Android
ba9c099d-d6ec-40d1-ac8d-fc4e2d3f22f4,Android
6c9ca133-d1ce-406d-ba82-6d357fa13e13,iOS
2a65a1c7-26ee-4129-89f9-64c89a85e554,iOS
ae25eca8-ff18-4905-8d64-ecc51055c936,Android
a8b6a0fc-329f-45d9-b64d-f0face65ed5b,iOS
7ca36a9b-de73-4ed8-ab25-907c94cced0c,Android
2a0a7318-e3f9-4e37-ae05-54658ac8a84d,Android
8ff00288-04e6-40cd-a2d8-2630450f8ff5,iOS
82c0ea28-ad50-4156-ad35-d9fa1357a83c,Android
4f3ec5d1-9448-44b2-9e60-340f39b1490d,Android
a5976636-57d2-4bc3-a7cc-2e42363db014,Android
014ede59-5603-45a1-a13a-600b292d0f0a,iOS
5982908d-796f-4689-90bb-32b63311b762,Android
c30dd3f9-777b-46ed-bf78-6fd233315551,iOS
88e5c5f4-d10f-4dd9-9ca4-3647fd49796f,iOS
fa0aceed-5615-4ce1-975c-6dbbaabec528,Android
94924c3b-3c5d-4dc9-95b7-2385165150c1,iOS
f98aa8e8-46bb-483e-9cea-dc6256d7d01a,Android
2f0bd972-c8bc-4fed-be3f-723b935db6e5,iOS
e728b8a8-4733-495b-8b4d-d8d53dfad414,Android
0803b429-a14c-47c0-9287-659a29a37d0a,iOS
86ed2c03-48e9-4b6e-9ef0-35a63eadbd76,Android
5aab51f8-f41b-48f5-a07b-b04bb7cfb31b,Android
ce41be86-4943-4240-9cce-518841c615ea,iOS
06d5037c-9b66-41d5-8bbe-427ac70338f8,iOS
03e1e46d-392b-4f8f-bade-b0732efda9ea,iOS
dc88d1f9-a97e-44b0-9ea6-2f6e27194237,Android
e70febfc-c2e8-498f-a595-26855e1d09e5,iOS
f5c2a2d3-09ea-441b-afc7-76907f348fb5,Android
342bca99-07a0-4d8a-8c53-9762b415eea8,Android
c71cf2dc-2833-450d-8f8b-49698a2bcf21,iOS
317315e8-986f-4e0b-b23b-8b88e203e568,Android
29ad43de-2731-4afe-9f9b-6989f08f41f2,Android
804dfc2c-03ad-4bdf-8089-7b3597db87c9,iOS
c1c9f7c5-682d-4f1d-b399-21daefbaa220,iOS
9655ab06-fe32-44f0-80eb-16c64b8abce7,iOS
fc6b19d4-1291-4160-ae70-733233c46e91,Android
24e376e0-caf2-4ca8-9d7b-dbbd5e7bcaf5,Android
3716e972-6e7c-4cbe-997b-aded11bfa367,Android
1925abf4-e0cf-47be-bd30-e8c1325b544b,Android
510f9cc1-e67b-4522-abf3-cb60db7ebf61,Android
a70f3b2f-4fda-443d-b827-3a0fa3584920,Android
246a9401-5f0e-4f19-bbc4-8fad79313f49,Android
df37ea84-3220-4adf-a285-89dc8b271270,iOS
61c87d8c-77c1-40d8-b284-5f20381a6d52,iOS
86938b05-e6e8-4b0c-b2e3-fa1e43b7550d,iOS
0fdf21c0-8b1e-4480-abd1-f84f275710c6,iOS
911b9c64-8c65-49cf-a113-0d533754ee52,Android
f727057f-8fe4-4e00-acd2-f00cefc9a031,Android
78ac5717-abaf-4ff7-abbb-d15c87ef8195,iOS
d163f6d3-8b15-40ea-b868-7f606a974724,iOS
5a1c2e4a-a338-42e7-bb2c-6f3291ea7a3d,Android
0482061e-3069-4fea-8542-ab929ae67dba,Android
7184d2e3-61a4-4f83-964e-8cef87e51cf4,iOS
dee6005c-8d96-428b-9fe9-982912e7753f,Android
6cd8a139-e76c-431c-9a49-d9ede028e609,iOS
cc229c85-8158-4de0-b5d8-ee157ac9b8eb,iOS
e83f1168-9c42-4599-94b1-6659089dde5c,Android
0edaf888-c8ca-47f5-9fe9-3219c6faa47e,Android
07d7ab4f-bef8-46d9-b027-f5bdd1feaf64,iOS
265d3cdd-40d1-4040-bb6f-6f844634dbb6,Android
c0661e62-5572-4cfb-96cd-3990a4667b4c,Android
24a62f10-defc-4c7d-9622-5d5728e3013f,Android
c883e009-c7a5-48ee-9b71-98a9f7fea4eb,Android
3a9157fd-20cc-41e4-b2fe-10dc628f7cd1,Android
62001c1b-35e3-48de-9577-f984bc885ab7,Android
a5fb039d-1745-4983-a875-3af662134ad6,Android
8f4b5f8f-d97f-4ac1-9796-3851ccfe7d8e,iOS
86a3a5f5-bc77-4253-9369-32ebd5f8ec30,iOS
878792bb-d60e-4b2b-85c2-9b19bc2f4a67,iOS
738b80ff-58d6-436c-8724-d2472a7fa04e,Android
b678046e-f039-43db-b35f-12f077517c80,iOS
75043ca9-d27e-4d67-a472-db892c8a02f0,Android
be76a560-26c4-4694-b34a-01570517a171,Android
a97ca564-3077-4f54-ae94-c940b69892ae,iOS
b97b2949-9268-45e4-8cf1-dd722435fa5a,Android
8161ca0c-c535-43e4-833d-a5fc14cc964e,Android
4059c6f0-e45a-4dbe-9664-e03c3f030dbe,Android
ff06050c-8c40-4e84-bc69-6c8b3b2041d3,iOS
12f5769e-6661-4f9e-a644-7a3f913da9ef,Android
37ef701d-87b2-4b7b-8d75-03100ed693ad,Android
ed9db229-c141-4b8f-8036-d91e7ef8142a,Android
380d7663-818b-47e2-8f7e-55b93e9f848e,Android
6a37b241-486b-4a47-9d13-2b9569dbb455,Android
b6ad0022-eca7-4f5e-af9f-258ebd485e37,Android
ea79cf4d-c2c3-4b3c-8b4d-6ec9e7c57167,Android
aa3c38ce-5a34-4d1f-8f49-6556a1dc20c0,Android
04cf632d-a753-4c8d-bc6d-3813793ba016,iOS
7171577e-cc94-4b35-b3ad-23f6c1a74778,Android
8b749780-7515-4eda-a7f8-4e226c1ab2e3,Android
becfea5f-c7e5-4c1d-8f78-6e1fbf13a4db,Android
7b0dfdc4-2433-4454-8a5e-f256e26e00ee,iOS
c58fd012-56bb-4195-8b9f-b98f6143fd60,Android
7bda63bb-9e2e-4423-a994-e14a87776e42,iOS
72acfe79-160d-46cf-81bf-21c83666f0ae,Android
7c25dba5-d4a7-4c11-816b-e61799454b48,iOS
bb06e1f2-53e8-443b-a6f9-ce80d15fbf48,Android
b62d9a50-b034-4037-8432-febc6b76a7c0,Android
7c72b2e7-f8d6-49a3-b387-c705b592bdc2,iOS
607a3820-3f8c-496a-8287-dbbf646b19bc,Android
2ecb6b15-ada9-496e-84ad-1c598f2f0842,Android
382dea9c-a4c0-4a5f-bf9e-d1f82d70ed83,Android
bcf56584-e7e9-4b5d-9148-4a438223f32d,Android
47ea25ae-5c4d-4a39-8b76-1eecf902db76,Android
78c35b55-220c-4fbe-b745-b4a1539cdd2d,Android
a015c251-a9e3-476c-aa62-a2adb2658345,Android
d10aaeb0-73ea-4060-9991-4c2738b7269c,Android
0dc55ede-fe25-406f-8382-e2ce0db7de8f,iOS
aa741bc4-3171-4a43-819b-7afdecc1467c,Android
ca9b3c74-6957-4c80-baff-79da73f08483,Android
a0a7d6ae-6db2-4618-8b77-bd2e0bd0e19e,Android
c6cf6e46-1a61-428d-8134-94a73407db5f,Android
566f8b6c-6f83-4109-8e91-252c5ae0058a,Android
85f2ed75-dd86-4e99-8f96-29b26f191de5,Android
e431a328-15a1-4903-a8b0-3258a8796cc6,iOS
ba44312c-65f4-47e3-805c-40c27eee7ed4,Android
d937c688-ac71-4de8-9d99-02a16a8323b3,iOS
7821bdbe-fdc1-4997-8753-d52392de9226,iOS
9313a542-8011-42f7-8467-a1e641b7ca46,iOS
736b0272-9381-4390-a163-3cbf6ebabbc4,iOS
a5b6642b-cb5d-4dcb-873c-3b647b75ebfd,Android
e88c292b-227b-4f29-bfc4-c64bc6968554,iOS
1c9f51df-5edb-4754-877a-08007bfe731d,Android
60945e9f-e6ad-4b66-8bad-b8414defbb9b,iOS
4974ee1f-0a67-4963-84d7-4098c96d4e81,iOS
af6f526a-f910-41ae-8e2c-6056924e4fb0,iOS
9f0d7098-e6e8-45dd-9c9e-5c9b68e66385,iOS
41a95d3e-621f-4bb5-837f-0b35d6ca7c30,Android
3d1f77cc-0edd-4c68-bd26-3fc171c87104,Android
a0354a8a-b928-4df8-925a-608dc0bbfbb0,Android
e6f55ad7-8168-4b6c-bdff-60a4d20ceb44,Android
373fc168-960d-4fc4-9a61-ea07bf7adfcb,iOS
9aa35c05-9a04-4775-9d39-6a6d152890df,Android
8518396a-f521-4119-b6f7-f005bba94e02,Android
40773dc0-72c0-4cf4-9832-a23c02ce4729,Android
84afd667-3d46-4673-b5e9-34021a3e33d2,iOS
bfd69ead-3dd3-4c1b-940b-d158ce44fa09,iOS
d0d3dbcf-01bb-4319-8707-91352b169447,iOS
bc3c15cf-ae7f-492c-bdf1-5c084aaf507a,iOS
892854bf-bd6e-4e96-9a1d-44d2c81296c9,Android
1dd05a33-ca8c-4b18-a34f-d50b2e7cc9ce,Android
ef9a3638-d24a-4f78-b39e-2cdc9f754d58,Android
c75753ea-3e3c-47fe-ac68-f0f3caf2a8c5,Android
ec714f6d-e7d4-4c0b-9011-d276a4aebdc6,Android
e18b5a18-bd0a-4837-92a0-e4fa979a7f8d,Android
28610994-ac50-4d99-a21e-3d6b1bc3b077,Android
9eab3ea0-a944-47ad-b237-b8623a72a5bb,iOS
996c5da6-e59e-458b-b943-d86e8db01b7b,iOS
2b6e4b28-25bd-4874-b624-075a78800409,iOS
d4327753-bd00-4383-a46a-3bc253af1842,Android
af4204c7-cf91-4609-b01c-1856f3921d78,Android
d0c6353d-cbea-4fd0-a580-f12bbac9e845,iOS
5031c8bf-69ee-43ff-89e0-2c7a0422cbde,Android
c03599c4-c580-4c7c-b50c-11d99bbff824,iOS
603f672b-3428-451f-9da0-6fa9374786cb,Android
11182fe6-fba3-4f6d-8038-84d71ed524c3,iOS
7191937b-fff4-4c4e-9293-fde15b5d7fcc,iOS
cbb10b81-3e87-428a-8501-31f1fca60957,Android
102ec771-6d9a-469b-bc87-8b1dfaa4af4c,iOS
c20ad021-9607-4e81-b197-2e5b7cf3a22a,iOS
0e388f86-53b9-4540-a72d-6a414ad9b5b0,iOS
a520f646-44a9-47ec-bb9e-91c34a1902bf,Android
3ea052e2-b0ee-4023-8356-65f3c8543504,Android
cd1ad474-7b9e-473d-9c07-038a9dfe93da,iOS
2147562d-d107-4a90-a838-d437fcde9a91,Android
6ae45cfb-0d32-4dc5-a617-aa538f815f53,Android
ba2f53b5-ac61-4f8d-ba13-545034d30a9a,iOS
6a04c9b6-6470-47dc-839e-c2c90a911832,Android
092a8cbf-b73d-419d-84f6-83be3541d3f1,iOS
6178884b-30d2-4c39-bbdc-f7ef6b05feb4,iOS
9856d855-da27-4f15-9460-5e3cdd792609,Android
830cf73a-2498-428a-88aa-02be936ef955,iOS
2a9bcc2d-1922-4838-bd6d-63131050bcd8,Android
0c299674-3f85-4637-a704-b70538c728ac,Android
85a80b14-1112-48f2-8d01-14b0a2610645,iOS
c5c39cf9-5ace-42f4-b44b-bb15cfe9d1b7,Android
ca6892c8-f436-49eb-aca4-642d7c84aaf8,iOS
557ca545-9fe7-484b-90b5-01fec09370f8,Android
add89d6a-d0d1-450c-ba6b-1d7997e12cec,Android
d6979761-c1b5-4cee-af23-07e27ab9aa15,Android
245eab5c-5c1c-412b-9ef1-b3b035f656e7,Android
568e31c1-f0ff-4bda-bf72-3bedbab9ec34,iOS
e650d9b9-9832-4acc-bd45-fc8fcb81cf37,Android
40c3c659-cbe6-42ef-8d6c-c4135bba0dff,Android
f7b6efa1-23b9-45e6-a769-38bf06d44bd2,Android
e2e600b5-61d0-4322-af61-fd328f28da64,Android
92997bac-4f5b-4ff9-a5d0-e34b0a6c6209,Android
6f865b47-fccd-41f3-80e6-35fe5cf0e3fa,iOS
fd01eef4-47a3-4719-b46a-58c80bc68279,iOS
adf06997-6de0-4fa9-860f-45cd840dd579,Android
efa28a8b-05c3-4e2f-852f-e717325ef626,Android
fc6805e7-71af-42a7-bd6d-720d9df94a36,Android
0ef78e25-1ff6-4fac-8194-9deae335ec44,Android
df1f33b8-78b5-405d-ac3d-74a2b5137252,iOS
501fa026-1553-47f6-80ea-70a5359a141c,iOS
0e94cc3f-152e-44b4-a4d3-5935132ffad3,Android
d15c1c36-dc69-4c06-a58c-4e9e3e48130b,iOS
10e55e4a-7e30-4599-ba8c-b1b53a798bda,Android
ed5b1023-6520-45c9-898c-735246f63aa6,Android
1215207d-4935-4bd1-a21c-d93a1ea2fd62,Android
071b5a42-212b-4e23-91ed-add4c17565f4,iOS
f83b96bc-be3e-4531-b884-3cf98eb7ac68,Android
402e26bb-86b1-41af-abf6-c5a035c3e555,Android
7f526a34-c7a9-4d60-9ea7-c5eeb713a8a3,Android
193cd19b-1e40-484e-8d21-20e911d493b4,iOS
059e4a2b-7ff1-4c04-80da-6f87fa39530f,Android
5ddc2327-d916-4661-a821-3f94429ca376,Android
b65522a2-cd9e-4062-9cc4-5965afd0da26,iOS
b7a52d4d-195e-4f38-9277-4043d630b49d,iOS
f370c3f3-906d-445c-9cdd-5129fde69d44,iOS
9354e931-9738-45b4-98f1-e542b75a7555,Android
353f15b7-4a99-4476-9b20-a6fed3547942,Android
f26ebeb0-fe10-43eb-be07-4011e74823c4,Android
10013366-da5b-4f38-bb3c-aa6ce834e984,iOS
1526ffb9-53f0-47da-92cd-397744ad2a0d,iOS
23a4578f-e0a5-45ae-92bb-a5ffc272d735,Android
27454adc-56ed-4a9e-b005-556eadbaa653,Android
75305c27-4d36-415a-a01b-386841da7ffa,Android
8d6caf95-e870-4968-98d5-65836af03d46,iOS
450c16e2-28e7-4d33-a99d-ad909bf2d2b9,Android
7ba94947-68b5-494f-8eca-ac8307c17d48,Android
a4b9259f-be44-4420-9fa5-065aa1ffc583,Android
abe59340-2bd5-478e-a0b8-7356f8db3ceb,Android
e3be99e2-ffd6-4784-8c51-f978d63e56a5,Android
bd9003e3-cb03-4c83-a89c-ac6491831768,Android
6d39d29f-f6d5-4005-9c11-9eccd46d46bb,iOS
c70ba4f1-6e37-4531-af11-c7804bb8008c,iOS
3a968d73-8434-4d6c-b4a0-fb2ebbf45e4f,Android
553a4b40-832e-4dd2-a22e-8048f1793369,Android
7b3edc0a-7234-4370-ba42-9321b0b9a96f,iOS
ae00f678-a4f8-495a-a0e0-303873c1e9c6,iOS
cff4d951-10fe-456b-8b15-f74512f417ea,iOS
3a12004e-a6be-4fe2-8f51-58a29f528f63,Android
579e3a45-8df8-4650-b9e6-8a14e6d508a4,iOS
2e621aaf-2f2d-4e08-950e-ccaafa6804c8,iOS
aa16bcf6-7a45-4a33-9cac-75566cc3440e,iOS
ce1bda44-db19-4ed8-b584-7a6d17630439,iOS
5683809a-aec0-42d8-9624-b761e8756252,iOS
6e8a8032-c45b-4551-8cb3-100650547ab5,Android
0718bb05-506d-4e47-92c2-e02f2d29bbc0,iOS
c66db0c0-6bee-4eb3-9d26-b566562c6794,Android
c6ccdaad-3cfd-4818-be0f-865113505c3f,iOS
ddecf4f5-ddb6-48e4-ad11-adeec5966826,Android
8418d833-6f60-49f2-bc47-82f51ba803c6,Android
26b8b876-73fe-4d7f-9469-88ac56c9ad24,Android
b3bdd7fa-c3f7-44e3-a183-c1e2a326ca1c,Android
d40746cf-d07c-4953-bf47-685777dee9f8,iOS
d46059f6-48e6-4d9e-9cd9-11725946ae7b,iOS
fffff718-cda5-4c81-8417-66f8fe7d55ba,Android
6e95568c-d526-45c6-b5a7-4a4e235befa6,Android
83786cdd-c3a2-4556-b90d-b847bf98c4a4,Android
7d344f4c-aa9a-419e-b55e-54489a11e964,Android
41f6b6c7-173e-4851-8a58-2615cd82ea2b,Android
9ac5eadb-a27d-4d26-8a53-236be718633c,Android
438822da-044f-44f6-8a94-792b43de3a64,iOS
564f91e5-ce46-4a74-a586-9aa08282c2d5,Android
bec005d5-f429-400a-88f7-491da948a6d6,Android
f7c9de6e-3158-4aa2-838a-7c874a87ae92,iOS
13bc7dfd-0e6c-4e98-ab16-f786ea84b5af,Android
1d4d5092-7b8f-4234-8688-16aba418b531,iOS
3f9bd05d-d438-4abe-a9e4-f484b6e65b5a,Android
f26f3eeb-5b28-44ed-9c96-8c80f03d456b,iOS
2462215c-e751-4ff3-bfab-1b1e0aa115ef,Android
20f85293-3323-4509-85ba-f173d0f82485,Android
f6bcd70f-35ec-490f-9682-41296eb0a7ec,iOS
76ce9395-562e-4ee8-9513-9ee38b3c2533,Android
84493966-e93d-420c-b38d-d2b26649f26c,Android
31aa4642-ab43-46cf-8aa3-bb87c9ebcff8,Android
a8d1e9f6-1f69-4720-871b-9298138cece9,iOS
c7f23be6-1049-4c7c-bc8a-729c28cd7201,iOS
c4c2836a-0d23-4a4a-aeaf-7a4e3f2601fa,iOS
e588d11d-7ca9-404b-b74e-61a6fbe891b0,Android
fa2fbcc7-481c-4459-8a30-b6fdee18bde6,Android
43c6795c-f519-439f-a12a-68e1529ea5e7,Android
ec2667cb-b69d-431f-ab3c-76899358b5a3,Android
62adf2bb-86a3-4b5b-a710-4cd4a511ead9,Android
5e89efa3-b186-47d3-b1b3-f0b1528c638d,Android
ab5cce34-c2e0-48d8-8fdf-5e382732410e,iOS
98a211b0-b5b2-4820-8e2f-84f941e30851,Android
16db1a1f-bbfe-4625-bde2-088e19c1c7bf,iOS
c63e7305-68d9-4654-872e-8e6bdd8f8412,Android
bb8b6df7-c7ae-491f-a118-056feb99467a,Android
e14219d3-100a-4325-81f5-31962325bd72,Android
f941e6f1-e94a-4c1a-886f-1895d4663417,iOS
9ad7c444-38de-46d8-9446-e6ebf5f97745,iOS
5fad97ec-5107-4e57-93fa-cb7d4ea167ae,iOS
48f03756-a744-4c55-b053-8f8045f47ba7,iOS
eb0a00c3-0006-4662-875e-f3a7ce716283,iOS
1c31bc9f-2679-4bce-8f78-07ef744d7f7c,Android
0b24801c-6662-4727-ad44-6a6c097e9d81,Android
739fba70-f40f-428e-a99c-4e61e5a644cd,iOS
d145240d-0e64-4fcd-9af5-0b6bd6ea2e7f,iOS
1194e6e9-248a-4775-8e89-60844b94baff,Android
e3327bbf-b550-4e4a-91f2-84f51874c248,Android
84c6ba01-a234-419a-879e-49c40b24151a,Android
cc37f94b-037a-4582-9451-1b1eda71c793,Android
6975c789-fc2a-492a-b57a-aa47c3adb8ed,Android
653bda45-a75b-4148-b94a-1a0cfc610d70,Android
e0b71ebc-c492-4eb1-94d3-a824b0dac2cc,Android
f26360e4-a5b3-40bc-aba6-cd1e8dc5b844,iOS
a970a4d1-45f4-4d98-b480-2e2a46072189,Android
7618dfc7-60a6-4b4b-a775-ddec228d2c5b,iOS
956ebeea-f724-444f-a9dd-68995ae2c265,Android
f850f29f-2d9e-43d0-aa0d-926ee16f95d3,iOS
ce04a0f6-7c33-406d-8e60-99c10a018944,Android
f2851a76-a6a2-4488-8eb1-666169dd3e66,Android
94636dfb-9feb-4e26-adba-934da5853ba0,Android
e84541e2-4202-40b1-b86a-49bcfaf08020,Android
bc3cba8b-b06e-4ab8-a569-e161b7a315bb,iOS
ad5e04eb-1011-4500-bd7e-b9212bc65a33,iOS
488981e9-4b5e-44a1-bee3-e6442d5be17c,Android
d4277f49-90f3-4e54-9e2c-87606295fee0,iOS
f641dc68-c6f5-43b0-a1e4-36e99f232f5d,Android
30cd73b8-dc0a-4de3-8d40-a725a511261b,iOS
a5e9f167-80b7-4e5e-8182-9653d5905d0d,Android
7049b2e6-284c-4c85-a248-0b16d15417fb,Android
556da7a9-b7f8-4fb0-aa23-f61e05f4098c,Android
388fbbc8-326b-492a-bcb0-ab34b73b9d89,iOS
68e012b6-4b94-458e-b37a-8f97d68cbaea,Android
64c54cbe-183b-462a-95dc-e5b89202d5d5,Android
c29c4849-285b-4026-ba15-7f9e9fffa92f,Android
8c018e1b-7bbd-4bfa-9194-37b6b39576f5,Android
a8de6055-6ca9-4b5b-a573-32dba8af0088,Android
dfc72a57-5e7c-493a-b1b3-997cd2af24ba,iOS
eb263285-0959-4990-942d-3786f08b2441,Android
bafe2ff4-9fb9-40d7-be2e-ed0ce5a08a45,iOS
028857d5-929e-4ece-bb71-a9ca26e85625,iOS
35da6006-23c4-4bb2-b0ab-524d6d11b120,iOS
28a7df67-f863-490e-9fee-7134112a4060,iOS
a03ad344-c426-4923-83c9-d67a612d2125,iOS
f2211361-7c15-4d53-890c-dc89d7705ef2,iOS
b27c04f1-c597-410e-aaf7-31ec90b48f99,Android
3e72f76b-87ee-41a6-bdb3-99ad5f025ade,Android
b9b2d984-01e0-459b-b334-9ab099e1ebd0,Android
eaaeec3c-08c4-4999-a09a-2e2d1446f5c9,Android
02ae66cb-205b-42f4-af2f-3999a2425b7b,iOS
03d5eb18-0973-42fa-8641-35aba7d8cf22,Android
0d297e6b-f793-4caa-b6d2-4614f21995f7,Android
40adfc38-edf1-4b9e-b055-a121f207bf9c,iOS
891e216f-a561-4187-8beb-982f1a6a6cd7,Android
c9003982-8f35-4db6-9077-ceb0bd7a884d,iOS
57c16c4e-96b0-4b4a-ab29-d0582f45f5c8,Android
fdc65cf1-afed-4c29-97e4-aa8f675fd23a,Android
bf6c701d-e08e-449f-b710-3193602d9968,iOS
bec48af5-b9e4-4f4b-8823-4c48af40d367,iOS
8b00c4b6-4314-41ac-9091-cbc7cb20665c,Android
be40fcf6-d816-4189-8635-1890183dc4bb,Android
1c0938bc-7aff-485e-bb4a-7001da5c47cb,iOS
eb87fb6b-2022-4354-9f31-44eb58aa0a49,Android
84cf4809-5c6a-4d80-bcda-7b6f1d8a66a2,iOS
cbed4b9b-9e1e-4047-9aa8-b58eb92b5552,Android
cec98351-767a-4ece-813f-8f854ee55808,Android
a8af7a5b-7076-4897-b78e-91b979a5c857,iOS
501a5703-5b31-4279-8732-3c10266cf390,iOS
5d249789-c5c2-446a-8a9d-21e3616361fb,iOS
75372bc2-8d82-48f7-95f2-4c030d9af04b,iOS
d0b9e539-90e6-45dc-bbb3-c808a36d730f,iOS
117dcf47-835c-4635-8a75-a33fe2b8291f,Android
0de7d321-2c58-4ff4-a7fb-862d1614bf60,iOS
81ccc8e2-8941-450a-9b9e-1f7275357677,Android
cc4388d9-11e5-4eb7-a666-3004f085c1fc,Android
602880bf-cb69-4bf6-a828-0bdaeecf9ec0,Android
73f6b2b6-8504-475a-ae57-08a335539476,Android
0f2109f9-5128-488b-83e9-720e54cd4bbb,iOS
6ee21e20-9563-46d3-9fb4-a3668967b087,Android
0709e5c4-4ce5-42ce-bace-efb387063103,Android
b21fa251-9bd8-444d-841f-52b4e1eeed23,Android
c77a5526-8725-4d85-ac20-1cb516e8db1c,iOS
70adad02-77ce-4df4-abdd-3bf2ccdabda0,Android
54f78ad7-29e9-4f6a-95fd-df3559f7779f,Android
1d29271b-78c1-4eb8-bdbb-82adc1e63a9f,iOS
651f7e2b-9ef1-4a80-82ea-ecdd58e0e691,iOS
08e0db1b-804f-4418-8850-433cae6af339,Android
51305fb9-ffdc-49bd-a35d-b36685f60629,Android
791024c8-0ddf-4f75-bd11-406329d0c996,Android
f77a58c9-bfa4-4cda-918b-4668c7b52f6a,Android
1d472d0d-a5e9-473f-aaf1-f7289f98f878,iOS
6fcd6fa8-2b18-4a5c-a864-86d889bf9ab6,Android
6a1f1689-7170-4b0a-86da-77c01b3e18f8,Android
98a9cc49-20f5-4664-8195-fb704613602c,iOS
826a7eae-d60c-466f-b3a7-690669711abf,iOS
22961040-6b17-4bc3-a016-fbe65b03d00c,Android
575a994f-3b91-450e-a317-7e70db5eae7d,iOS
7cbeb560-ffd4-4db2-9885-243df1c2d2f6,Android
25e3e619-def8-4d83-bc5d-1ccc23daf05e,iOS
76d1665d-589a-4728-b89b-853d997cd78c,iOS
19018597-f0ab-40f7-94ce-1201b420dcba,iOS
6407c4f1-6d7a-4bd5-9c06-fe456df360cc,Android
761a440d-951f-4cc4-8cf1-1bc9d929f64a,Android
d86d5003-7446-4e5a-a254-944691bd0b33,Android
09ca7ecf-2097-465e-83d2-ae0aa80711bb,Android
4290f094-f2ec-4876-9a51-86c6c0840960,iOS
43e04250-dc10-4c8c-9f82-b0b0167849b7,Android
97133cc5-d4ad-40a8-9dd7-5530dfa83508,Android
4fa2e4cd-e009-4584-b6be-6ca74aa3e9ba,Android
afcb5e94-d14b-4b77-85ae-9eb751b159b7,iOS
ae1c37d1-4e0c-4cf4-aa16-82e794c84046,Android
c24c1eb3-04b3-4a28-a386-d413b66005d5,iOS
5dcf4b34-5a67-45bb-bd74-894fd6015914,iOS
be8077b1-af2a-4c0a-88bd-f46b981f7790,Android
12da2619-5772-4a87-b4a2-834c28398f1d,Android
d9d45aae-c493-4346-83b8-791f598eba2f,iOS
efb41d87-4d30-40dc-87cc-c5dee8d5a523,iOS
323a6c2a-0e3b-4700-98b1-af53ab7ffb26,Android
ccb100d3-ad58-4759-9ace-ecf867d227df,Android
93e46d68-11fb-4c4d-b791-9922e8de0057,Android
85e287c5-f341-44d7-a815-8b58710491a2,Android
7d01af72-4df2-44cc-ace5-ff32fe59d0e7,Android
1228481d-aaa3-44d1-ab24-1ca11142b3b3,iOS
35bbb135-19f7-407d-a72d-009fbe80aabc,Android
1cdd58a6-0c58-4315-803b-f7b8443aaa31,Android
6dfeb088-4d9b-4d44-9ff5-baff3a029bff,iOS
e7347dcf-3801-4a81-a314-5cceda171890,Android
3238182a-20b6-4766-a1ea-15d62eb6e7e6,iOS
99e26817-2679-4933-a4d6-402a76d562e0,Android
bb784bcf-6549-42a1-b6d5-04c6d468b200,Android
271ddf79-b9bf-46ba-b63d-ebe6977f7be2,Android
d3a835b1-3f7b-48f7-a590-52fc96aeabe1,Android
dcc7edae-3667-45e5-9dc1-c51a49ffc075,Android
be347a2c-5338-4cd8-a0bd-ef4ae3c57378,Android
5f47648e-d574-4124-a302-d3a2dbd21468,Android
a47b7c7f-2f1b-4950-a478-829ad83bb1d7,iOS
cc4704c4-c80b-4dbb-b202-be0acd942e67,Android
f7b15f42-1998-474f-a8f2-3ab69f149b5e,iOS
8ab838ac-78ac-4e0a-b426-63b0a655c8f5,Android
fdda13df-a56a-47b4-8cfa-85ff55824bdf,Android
1193e7c1-d31b-461f-92a5-cfa90e61b9be,Android
a1b89eaf-cdb6-43b2-a883-c43dcb0025e5,iOS
82383ecf-cf82-4481-88d4-2651b9303623,iOS
74ce4ca4-fa0d-4b00-a3e5-5f9987d6b8ce,Android
e0050759-5dff-4583-8313-239588ca29b7,iOS
03406f7c-a589-4ef7-914b-072a74cc256c,iOS
2d8b2c12-0ff1-45e7-b0a6-af5829b4ffdc,iOS
2f1187e8-1f0b-4f5d-8855-acf78b4a4486,Android
7a8c1d58-45a3-435c-b20a-8d48c178ef9b,Android
ff5b3bbf-33ce-4205-a2c2-512f2101f212,iOS
cb006d6e-1e9b-4c0c-a7af-0c9d715a28ed,iOS
946b401b-ba1d-434b-80d2-0749d4dea40c,iOS
eb0905c1-ff7f-4d2a-bd58-5afe416360db,Android
36b5b2cf-0d57-4bbd-b876-1ed42fa59cbc,Android
e9f742c1-bf76-4010-9e66-b20ec0fba0d6,iOS
d7749eda-50cd-48d1-a6e3-d404ecce9905,iOS
e15e4094-eb79-4a55-8183-200011ff0baa,iOS
a49772ce-2e86-4a59-a3f6-4528dc8fffcd,Android
1acb6363-6a82-4822-ac61-bf635ea59a89,Android
4bc1b021-9d57-4e41-a8bd-95fb4aa07c0c,iOS
c77f9b40-5d52-4a43-b2af-dc10d33aea89,iOS
185b50c7-5419-4bf7-937a-d9de8be21fac,iOS
dad01408-0841-472e-b3a1-d36286ef8277,Android
f76107ab-7544-4406-8fbb-e9ff3c0d9eaa,iOS
4be7ff6d-66d0-4913-a363-a8a77efa95f9,Android
e0107573-c938-4968-9a60-1c8a8975a149,Android
3b3dad88-8946-41c1-aa25-bce6fcc0a0f8,iOS
17d299b8-8cdc-42e2-a637-c49e2c537dd0,iOS
f0a455a6-cd34-4e58-a368-3ba650fd2a3a,iOS
e2d0c8ad-86c5-4574-a665-a446b8d9a59a,Android
322a8493-7214-4e1d-b985-c379eca9cac6,Android
7d37b282-4c38-487c-82a1-f119fd396fe0,Android
8a9d0fcb-e676-40a5-a29f-5aa3cd0abd8d,Android
4540ea02-da58-4bd6-b897-a3291a70dd4f,iOS
2ecd6e07-25da-488b-a597-f4084a6edc5e,Android
e270e0f1-5284-49a9-8586-c90d4001f4d0,Android
4b7acc46-aacd-421c-b19e-ca177a275cc6,iOS
e7b1a357-e100-4209-9cf7-4835650103ae,Android
b07fd4c9-2581-482d-846c-037e6e64cf62,Android
b9a8e3a5-0928-4499-9af9-f4eca539ae1a,Android
043b56ee-cbee-41dd-8e67-16c6911739db,Android
294bc2d6-eeb8-4b50-8fda-e8fcdcc59d97,Android
00f34a15-b183-44d7-a850-a39869f2d42b,Android
a60d39f1-af6d-4c91-983b-2273b683be13,iOS
dcb4f8e1-02b3-4f2b-ac62-4c3597145882,iOS
8800182e-8bf0-411f-b877-30a26e19fba8,Android
1a9a4feb-7212-4746-9dc9-96937f74f9d6,iOS
ea2563d2-7b44-4d89-903d-e3d489a856f7,iOS
805fdb16-c74a-40bf-92f7-4ffd9f6aed21,Android
82d1cefc-635d-4bfb-89e8-01ea13bf7380,Android
287100de-f96a-4192-9df1-758ba70ff08f,Android
44227085-6c04-4066-a830-7755a62cfab6,Android
0b72598f-83e0-4aef-86e7-c47430a6fc14,iOS
90d524cb-2093-467a-921d-59e20f6b7063,iOS
d5a33555-f8df-47fd-acf5-b5dc99bd9889,iOS
042cd304-5177-4266-815a-2ab86e1a2cc5,Android
b04ecdf5-8255-46ed-9f0c-44f67adfd3ce,Android
b7c81af2-4151-475c-9109-b582589dc408,iOS
9c64acda-b99b-436d-95ef-476eae3ca00c,Android
d149ec8a-ed79-44da-9a8a-f6aca0debaf7,Android
87a1362c-7361-4b99-b406-7fb8662429cb,Android
3ad0ea15-f8f3-4f61-8014-4ee3f3ceff8d,Android
53acfdb8-eac3-417e-ae80-f4ac3f1b6f68,iOS
8f334de8-179a-425a-8d3e-187aebdc22e8,Android
a4fc0309-2946-460b-b668-1b78a9705491,Android
61b52b8d-a92a-4905-9f6b-4dc05865cd68,Android
1f6a4a3e-861d-4af8-970c-53b13632834f,Android
34a8398b-a08e-4925-9c62-5a92e427ff18,Android
6c49cd5f-56de-4692-8709-19e219992211,Android
85a8bd7c-70ac-4acc-8e8d-60a923d2a2d2,iOS
a8a617a6-f625-417c-aa4a-59c0dedaf0ec,Android
0f5ff0cf-329b-4491-a44f-61a360f97359,Android
5c9f5d71-e486-4189-8a38-10cf18f46886,Android
c5464414-38ee-4fd0-af73-3f6926490452,iOS
3a6fdff7-6cb0-4ede-bdf9-2a51dadeb390,iOS
4d14c122-8d3b-40ef-bfa5-4ee9771fe4a9,iOS
cbdad965-50b1-44e5-b8e3-dedadcf5f4ed,Android
1f30fee8-b162-4c25-b936-2b6815a7f7b6,Android
ab74608b-19d0-41f5-8042-5492b6109430,iOS
5e64c813-bbd4-4597-b32e-58c2b8e01463,Android
33437b92-8e37-4a76-b698-80c84851f99b,Android
acf8111d-01c6-466e-b79b-2de1bf095f7d,Android
cdb2dbaf-214a-446e-b63e-9fae5dbf2c1e,Android
fcfda763-5507-47b3-b357-846fdb36dbca,Android
32688256-78da-434a-9a2e-1542159e5c90,Android
5e7e7622-cf68-4872-83f7-bc79128ec530,iOS
bdaab307-519a-461f-afe4-fb66817dc9a3,Android
df669eca-eb40-4439-8d44-041892779ba8,Android
af817cea-f6e7-4f95-8485-db580e10f488,Android
c63b6fff-2c42-4fb7-95f9-7400731acca0,Android
2af0832f-4df3-4a6b-ae75-42d570d78dfa,Android
0d1d112b-64e4-45b4-bf6c-55496aea6da3,iOS
50a6937d-ce95-4035-8e7a-5c329b10283a,Android
ee6f2ea0-ca33-44df-a941-86ec4f1b3d32,iOS
d203b6a8-a5bc-4487-b553-bbab1eb638b0,iOS
db6cff03-556e-403e-90b4-8be8ee1bd320,Android
8bf7982b-f0e5-4910-9999-6e8c47685db7,Android
e042e2e7-78bf-4056-b471-708382ca6f59,iOS
65138d73-ebf4-4c4b-b0d6-60fb3fa95719,Android
4e19dd6d-fb3f-4011-bc67-cc295341d340,Android
69909bea-0ccb-4072-88c0-1ee8d6336ff6,iOS
bedb639a-e8cb-4c47-8ec4-d187e27f17d5,Android
4cc435f0-d798-4141-99c2-e9706f3443f1,Android
bc258c46-56a2-4a5b-ae32-964eeb906fce,Android
03082973-5f46-4860-8528-a21794e838b0,iOS
cf7e3921-f738-442a-abbc-c023750435d9,iOS
04ea479b-cf84-4844-b38a-e34cfb76e14e,Android
1f4258e6-9a63-4112-90dc-37ac927aa6ac,Android
40b4ce9c-420e-4a3f-9b67-67f9f1df2e43,iOS
6efe3632-83b0-47b2-b9b2-4b61be8c3835,Android
32b7383e-35dd-4d4a-b3f4-5eee53f10ce2,iOS
7a31d9ff-15ca-4095-af66-69e8d77bbb6c,Android
884d69b3-5c4a-498f-a677-002e308ad188,iOS
dd985f0a-7b8f-4807-941a-741783f4ffbe,Android
3f2798fa-099b-400a-b238-7d700f175451,iOS
166c4551-31d5-421d-a3ed-f5403d79cbd7,iOS
1343fe11-c6e4-4924-b214-7472728cf10b,iOS
576f99c5-f528-4da5-a6f6-0a352018c101,iOS
acb804a3-8422-445e-840d-c32d0ab682fd,Android
653ebf56-a9de-4ed8-bdf8-f58b1a3edda9,Android
d691662c-a476-4856-8865-96b2559e14fc,iOS
2b4dc174-fcdd-4f90-aaf9-1ac4135d31c0,Android
0ffb0750-0b66-4e4b-8802-3a1e0db922c7,Android
d464b390-b6c0-4757-82a4-955d1cdcbf3a,Android
a1367e8b-b144-4d8e-9922-83b322d94a68,Android
f063f46a-92bf-4b2d-9dec-c20c1bf3d095,iOS
bbf1f695-5d36-43b6-b496-29c936a1aca3,Android
0a89f098-c353-4a5f-afa2-ea44d579a8e7,Android
aac97460-90f5-4b6b-8c78-bae9939e3afa,iOS
99184175-54f3-41c5-a58d-812e1e46c5af,Android
a785160c-518d-4405-aba7-9fbd9316ebfb,iOS
a3c7c727-1d93-49ad-b48f-2ece11767977,Android
de91cbe0-d043-45ae-aac5-fa52a961ae23,iOS
afecfe23-4744-4b4d-b8a2-de38c1cbb470,Android
6786572a-f27c-44ae-b68c-5068a8bedae4,Android
6648c659-3c69-499d-b6c7-0444abe78e43,Android
c2784892-be00-4441-8f2d-46b9cf6e06af,iOS
74a04d4d-d329-4d55-9080-c4b6d062a9f7,Android
3bbfee3c-c0b3-4e31-922e-6df5063ca2ca,Android
4b6c9a0a-9211-46e0-bbde-9a3f4dc5e9c8,Android
4990cb41-e58c-404a-ac6d-e519f069ab39,Android
8d93f9ec-0539-4b30-a606-b04a609567db,Android
caea9478-1858-4432-9a13-99a8cc5e8fea,Android
4f8d0246-729d-4c2d-b2f6-7ae6f9f426de,iOS
0704fda5-4468-4d42-a993-69fd306f441b,Android
a4e54ee1-9416-4f5f-9dc0-65f5bb7d9304,Android
d2042323-65a4-4272-9cc9-1a6274246f61,iOS
3a458bfc-ba2b-4c20-bd2d-d419f4fb0b26,iOS
c71778e8-43d7-4d86-b34d-eb45a11fb285,iOS
336d0852-a57b-45d0-9599-6417cc3234d3,Android
f26c8bc1-4389-46a8-b7fd-72788e203718,Android
6b8ca6ab-2d04-4885-b97b-4d5f21a1d491,Android
43160c8b-717a-46da-8243-b7ca11c4cbdf,Android
c4dc1615-efd5-46b2-a2a8-1ecf0af1d113,Android
2e7bdd94-a0d8-495b-840e-bf152c07ac4a,iOS
5fbad168-57a0-4df3-90b3-6815f7c06eb8,iOS
3f37bc3b-6097-4761-8a45-5dc4e2f4f817,Android
8dc80011-f74f-4786-a428-d98ee255c43c,iOS
1b726b24-83f5-4e11-adef-0684df9a0035,iOS
6349dbd2-fa87-4e6d-8822-c94cdb8109fe,Android
c83690dd-19fb-447f-8723-6e3699e442dd,Android
24e7cd63-59f9-480a-a108-2c4402897b97,Android
202204da-2ebc-4f04-a3d9-01fe93cd6e18,Android
9257adb7-14e1-4b38-a73f-01cc5f6cb6ab,Android
f8821b41-1edc-45a3-8d71-813d816039e1,Android
e28930d7-b089-496a-aa48-f3fcde2b1495,Android
b2954933-6a04-485a-aa9d-5fbdc0bc14a9,Android
b0726403-b6b1-426c-bb39-a62ffb310dbd,iOS
f389848c-9091-4f18-a011-4c513fa7e24d,Android
adc8cd5d-c3ad-4d4d-a2e0-04c5b68df557,Android
1d87bc55-ba41-43ae-9e47-f0b07fe11472,iOS
b1378c33-8517-406a-bf26-11c4f315ceda,Android
e66d1fdb-febc-4505-9e2b-65d9169237cc,Android
eb800b2c-75e9-4cb6-98a2-971fbd6fc039,iOS
fffb34c3-2ab4-4615-94bf-9e5d79857af5,iOS
51e5a9c5-069f-4d5b-b23a-cdcbdfe7b256,iOS
0456be00-e6e2-4670-ad28-3d7a93685ded,iOS
b6df48c1-fe99-4a45-af09-aab5c07fdc85,iOS
67cf84df-fac3-47f1-96cf-2171cb5f9303,Android
302bdc9e-8fcd-4157-a57f-dc4dbf4443ca,iOS
48504849-e8a9-4a24-ad2a-b26f53fd4311,Android
8622c5f3-6295-46fb-98ba-87de90800501,iOS
7691ae9b-23cf-4d89-ad71-18674564a7af,Android
07e4de08-fb5a-41f0-838c-6dd339d136f8,iOS
632ca113-61b8-43f0-a6fa-9abc8266626d,Android
4e71212e-0051-48e8-b8cf-bd16ffd2f08f,Android
4759dac4-e784-4212-8dbb-da48273f40f7,Android
ee812d7c-c83f-4435-b966-14f44ec1b20f,iOS
314d78f2-1398-4388-8386-fd9ae6a691c0,Android
a7bfc433-410a-4c82-ac00-94a54add8f62,Android
3c73a15e-5259-42e7-be65-00c26e07d0af,Android
128071ca-14b5-4b72-97e1-0dfb8fef583a,iOS
3056057b-c0b6-4c1a-a597-66d7b2f19287,iOS
7ed56604-5c95-4bd6-951d-7f6686c5804d,Android
985d3a63-1a14-41f5-ba63-3c805389a225,Android
6557d74a-cca5-44e6-8ad7-0a70c873f789,Android
28306977-9511-40c5-b0cf-042db9c11874,Android
9f0ca358-5b40-4228-8edd-d2275033057d,Android
6e7aa5ae-c8cc-4b1c-a836-76e06b2273f2,iOS
5e4dd3a5-ac40-48ed-9dcc-3b8f29e96ced,Android
a7911151-fee0-4688-8fc9-ee5f1f88008a,iOS
77585d35-85d9-4b01-bde9-71f8ce18c81d,Android
50d7e8fc-4ce5-4e86-877e-9fd978158c9b,Android
2212b92d-4a25-4bc4-8122-eba0e97c698a,Android
46804c75-ddd3-4015-8aab-dd96171c8fed,iOS
d2ca7531-16df-42ae-87b4-fbb9d50d6785,iOS
a891f9da-39f9-4570-86de-6f94a1540b0d,iOS
f643fc85-8d9b-4f1e-bb70-c23658830dd0,iOS
d20002b8-760a-483e-8b6b-6062c4a2ef7b,iOS
41a37d74-fd16-46d6-8bd1-ceadce7f97be,Android
798b6ec8-ec95-40db-8ce7-eca495b26982,iOS
d30cd1f4-699e-4085-9e51-afbb683dcdae,iOS
46d85188-68d7-4c55-9ab7-943e871d6d9e,Android
407da2a0-fc5a-4385-810b-5c9addf37f05,Android
3cc4d5ab-e57e-4859-af69-9fa6cec05063,Android
b63b01c5-ef15-48ea-a559-5b241f525bbc,iOS
71c88d85-b5b2-4e61-9022-c00add53a940,Android
4b82b97c-1dc7-418c-bfa0-db47b3267355,iOS
82d06f80-275d-4de9-ba74-cc133d09fff4,iOS
37217155-d028-4b46-b8fd-b9c37f0badbe,Android
a6715690-4872-4b4e-86f2-b87d02d91a12,iOS
2337c3b0-2f46-447c-920b-d19c394b0dea,Android
fc738439-ca76-40a8-a45a-3ee6d4419299,Android
03204202-09c6-481b-ab67-af052ec91b50,iOS
b907fc63-e574-41cb-8b6c-b017137e9c63,Android
b2d7d724-b72a-41eb-8817-3d40966499fd,iOS
c86793ce-a9a6-4c5c-849b-270ba34179e8,Android
8370b013-4221-435a-9155-6ec21c2e91ac,Android
80985a17-6e88-455f-954c-df1bced43c0d,Android
9373afa6-a274-4813-b002-44e2ca0f2003,Android
6b2db7ac-4f97-44c3-99a8-7d0df0e2fe45,iOS
0a35ff90-acda-446b-86aa-5e540128a307,Android
c6a14def-b16a-48c0-b311-848fde3526df,iOS
b8cdbe2a-e223-423e-b0de-e690904c128b,Android
4e337bbf-bebe-40f3-8f45-164e61fdc09a,Android
9a142fb1-ccbc-4cd3-bda3-26953e1d09f4,iOS
0b43a72e-982b-4db4-93aa-e61b19cffc7c,Android
485fcf67-0cc6-428c-9b4c-53c5f3808e4b,iOS
5ad3365c-6c9a-4ce2-ba4d-f8e6619c2a71,Android
e1818517-3b80-482d-b2dc-1fab683cca02,Android
b043ec3a-c6c2-4f95-9b07-2676d453db53,Android
5a62ecf6-8e26-492c-9bf5-863ec5a28b00,Android
5112330c-a5b5-492e-abef-15ee4ff20c05,iOS
94aecb30-9c04-4b27-be13-6e73dffa32fb,iOS
e9fa34ee-b16e-47e1-9c0f-c35cfd6498ab,iOS
e2124764-8dc4-410b-a3ba-2fbe321da333,iOS
b1673323-7ee1-4c85-9341-ee0efa60432a,iOS
d65e9c0c-49a1-467b-88d0-ab4fcb859f60,Android
e4aec623-ef3d-4241-85b2-57e3b21fc714,Android
3e97d6ea-7f85-43be-98d8-d7a193ea214b,Android
292768bf-73fb-4dad-95cb-1a75674998c7,iOS
dd8b6b83-70ad-4be4-bb4a-633996a1a8a1,Android
b8e7c8f7-6191-4825-91fd-7ce64110e040,Android
70159772-e86c-4bc5-b916-c2735c24ea5f,iOS
55f2b8db-251f-4e89-af5e-468424084b37,Android
09c918ec-f47b-4196-9b69-c7235e179b06,Android
27c0af0e-e87c-4a5b-b9bc-53401572d9e5,iOS
13ff545f-6a7e-4d1e-9202-44dcaba16dc4,Android
0bb7bd56-1628-4f24-b9f8-bcccbd881e84,Android
0f2c754e-9af4-440d-8a8e-095f3855dc32,iOS
b82ac58c-0166-43ea-9d70-bb8b7835642f,Android
a700af7d-feb3-42fe-a5bc-9dd443272da5,Android
86beee48-b217-4ff0-b534-634497368f53,Android
50006b9f-9e64-4ff2-aa17-81091609b289,Android
ed39c509-7ff5-40a6-9ad7-1a8c1b6f1c73,Android
700271f0-ba18-4a4c-91ba-7f0fb23e52c0,Android
aad23f24-87ad-46ed-b7c2-d867605376ad,Android
e556501a-72c1-4991-8b47-0e4ff905236b,iOS
8f16142a-141a-47f0-848f-d8d05bb86a21,Android
1865ebe4-8ea1-48e9-b5f7-e024c8eee716,Android
2a31ef73-a4c4-4b3f-9f05-bd66087285e8,Android
d2804361-52e6-447b-94ca-c339769ad2a7,iOS
1295f6b2-0505-470a-b1b9-a0eb0cf273e1,Android
02ef416c-0a04-44b4-aacc-f0bb686a2037,iOS
f01ec598-0459-4c30-9f2e-0931dd4a391e,iOS
e13b3f4c-e30b-4c92-8649-399d860a0e9b,iOS
f1d63561-ef52-4afd-b729-740674979fd7,iOS
9240cb2d-60a5-4a10-be4c-0e11a4a0fce4,Android
04606482-4b20-4424-811c-44465d9d6750,Android
cfa14763-a6cf-4cca-93ff-f68a150f1c8a,iOS
64588f1c-ac7f-4de7-a534-e88df57a6742,Android
5a7cb2f7-e624-4f09-abf8-477081c2230e,Android
9021e500-287d-4bb9-aca1-caadcd9f34f2,Android
3deb9759-016f-4ac2-b406-4865938b9c69,iOS
4efbff2c-f14b-4a22-ad1d-d57963a17e56,Android
57edb2b2-edc7-468b-b000-2284209bc358,Android
d10f4280-ceaf-4568-9caf-d946398c5b84,Android
3f6021a9-09f7-47ab-8f74-3ab9896223d2,iOS
3aa6f73c-f6b9-433a-898a-252f18d2841d,iOS
9ebbad87-2733-495e-9477-8ae4a0892b83,Android
d038fad7-daff-4f89-9f51-a8db056f2762,Android
3f59065d-8551-4bb3-9257-202ff5bed5e4,Android
6fd9bdd7-c506-4208-a34a-3f727fbf7f37,Android
1f1ae97a-9672-401e-b85a-776f33430bb0,iOS
b2a1a118-d25b-42b7-bc98-2a2488fee894,Android
0fd766fb-292e-4e52-b070-fc454a5d1298,Android
fa0f8593-270d-45c5-b1c6-e6d95853413a,iOS
98502bc4-1b03-4d7d-8b0a-b97c3a448303,Android
c54c94a6-dab6-459c-a7eb-0bdc7a41f64a,Android
dd4b609f-da34-4c9e-867b-088d06f4ce69,iOS
861f2262-4f4f-4e33-8507-385240b76c6a,Android
a167a70b-ae4b-430a-a97a-9a2ac505382d,iOS
750c8708-09ba-4ecc-ab66-b2f57e63d777,Android
c17d38a3-a729-418f-a01f-1ff08c9d2a76,Android
5636a393-5bee-4738-872f-5ce61858250f,Android
450ab696-c844-4d23-b553-7fb27b7a28b7,Android
157f6913-e1d0-42a2-8697-c9442c8add49,iOS
077f7780-a0a6-46b7-83e4-5d5f5b55a5af,Android
a0735498-9ad0-4f42-b9be-d3ce40a7baf7,Android
eafcabfa-eaf6-4898-9c59-6450d8e30a9e,iOS
5be19be8-0509-41d9-ab99-d9216b529ca8,Android
19e7dc48-59bf-4930-a923-54626dd7ced0,Android
8158dddd-670f-4493-af8b-7e12815449be,iOS
314c9b4f-efe6-45f8-92c6-9096ce1dabd2,Android
7a7a4745-a5e3-4598-b8c8-3b0041e81fa9,Android
77882622-9e03-429b-b424-386dbaaba831,iOS
4ade604a-d1cc-4cff-a667-9cf80afb9abc,Android
610f582e-6cce-4403-94e3-e4efe134956a,iOS
0d008cd2-4919-4eed-a506-91e43f220007,iOS
cb2976b3-a0ae-4c81-8185-3dea06ecd4a1,iOS
df4bf339-6063-4eae-bd51-07518a6c533b,Android
507cc06c-e52a-43a1-8db2-1677caa9d357,Android
c9940a2f-c846-4910-b466-43a731b13716,iOS
0dfd5b91-2bed-447d-a9e9-ebb03ab08849,Android
aca747c3-17ea-46e5-a40b-2e72dfd79883,Android
c0e49d9c-5698-42c5-8784-fff9627ed66e,iOS
a2d8161a-ef8f-4f37-8760-61f7a480587e,Android
a1b0e29b-d574-487d-b50d-1ee7115008d2,Android
5a9e2131-c760-4ddc-9c78-2f3771119085,Android
f37f0353-9e1e-4dec-9999-f75fb74dffd8,Android
9cb7e595-c6df-4b02-9cf3-f1054ce0480c,Android
f64b16f2-0faa-4753-89d9-f45b30735c76,Android
66748cd7-f22f-4139-9374-f1ffa64aca15,Android
213597b7-55f8-49f3-bde7-1aef7a3d745b,Android
30c39019-d614-4595-8a0e-7699fd670a7a,iOS
ae436dce-6905-44d7-aff6-cd949b90ba42,Android
51f3dc62-d926-4756-bc10-4f252305ed90,Android
47fb0cbc-6ceb-414d-af06-5c241f398d0c,iOS
1451004b-910a-441b-a3c6-f36634b5ae93,iOS
925c45ca-2893-4c78-8b4c-ea4926098a3d,Android
b281e8ec-cf2a-4347-bb76-cbd498a8496d,Android
0d5512b1-734f-4c31-b900-2a22b014d9be,Android
3ea83ff0-3a13-4c60-9862-f68b1e80d99c,Android
9743daa7-d597-4dda-8f62-545fae29a0f5,iOS
e7a05515-206a-482e-a539-eecffeaeee09,Android
221b9df8-d4bb-4bd2-a576-3da3351c16be,iOS
e50f002a-2721-4608-9694-0e5dc5c00591,Android
8b422cdd-e8ad-48a6-b45a-6b04abefe779,Android
b04f6043-ccb4-42fc-a725-58ca7c1a904e,Android
b9e4f453-c212-4bc2-b2ae-2f4dad7aa198,Android
4d5704ab-f102-43f4-bc09-5e95f0342529,iOS
be9cf598-e533-4547-96fa-6ef89589c877,Android
c47879d4-8eae-4a77-a515-5eea0e06ab88,Android
ee08dc8b-a057-480c-b9b8-de71514e5b3e,Android
2f535f84-c359-4a6c-a80b-1f9747977382,iOS
82ead4a1-09c7-4098-b8a2-a145c43e4374,Android
a11cd4c1-9c9e-4729-81c9-e4338800016a,Android
97904d0a-1917-4f20-ba9b-031293c7f607,iOS
e16a2afc-d9a8-4017-89b3-68645f385d65,iOS
426ff22d-02ea-43e8-8a43-1c8a6d4d5ecb,Android
ff942f97-4511-437b-bcf6-f66fd94ab15d,Android
91e9f0f3-6586-4239-a659-fd447b2def1e,iOS
34d70b86-c7d5-40ea-ae44-7d12e37d9ac2,iOS
01e37048-a95b-4ebf-be3a-601277b8491a,iOS
0c32e2df-b29d-4ee8-ad9d-d95e389d9a32,iOS
3acf5128-a8d4-4abe-a20a-c34c46f9a704,Android
d6141bc2-9c9f-49a8-afe6-fe435dfde590,Android
0e3ff72a-92e3-433f-8a63-67350c8650e9,Android
cfea690e-fa2f-425c-9c55-29001855712e,Android
2541c1e5-7b48-44eb-90bd-a1efc9f407c0,iOS
00740eda-c30a-4143-bcbf-2e0b2727ae60,Android
f216e3c2-a810-4c35-8e7c-a9fdd0f6061e,Android
380467cc-d5cd-4efe-b543-86142fa74c41,Android
0c7f305b-36cb-4273-9536-3ed867645631,Android
19e6ac2f-dfa5-4a8f-9cb1-e29f0a1795a1,iOS
134276cc-2f1a-456f-87c3-e862ee8266c5,Android
a11255e9-829d-4269-a00e-cbf97a50dfc3,iOS
3bdf1d28-a55e-4aea-a0ad-a68e8f2d3b22,Android
776af9fd-5b63-4453-b07d-2c62cdd18b15,iOS
033572b8-9178-4303-b1e3-3edcfae0fd84,iOS
cd0f4b1a-967a-45af-951d-9ef6c7058f67,Android
311f182a-e24c-4c74-bc5f-e16005aab402,iOS
4d28bf2c-4be8-4c23-a708-b94724b56ead,Android
db9469a2-99c7-47f9-a57d-cc8394d1fc80,iOS
fea91d34-23ec-4f47-b6bc-db7cec718670,Android
13bb046f-7d0b-4ab1-96e2-592fd7bea652,Android
ce3e592b-9a80-4809-9531-8790a4505b10,Android
d6f13ca8-33f2-4879-a9d1-9418741b6a29,iOS
8702b361-6d16-4dfd-9818-2822f7fb8cb3,iOS
cd3bc745-1c10-4465-9d16-d134999ae872,iOS
0f08eb6d-a995-43dd-86b1-e56062e43935,iOS
fe4c42fa-dcaa-4b15-8489-43b88cb455c9,Android
c3ea21bd-327d-44f4-871c-d076791aa248,Android
8405f333-ed6f-4aa5-8bde-7230ea741239,Android
17fdf529-6b7f-4704-9881-4e324906265e,Android
8d2a2962-a606-4127-951a-65a9142b39c5,Android
556c2a5f-e52d-49c5-9a40-ec8a326b4126,Android
3ebd1fac-754c-42c4-b1b9-1e6848f3778e,iOS
15b3b5f5-fab7-40e3-98ed-985ff42553c0,Android
e482f245-1c6d-40d1-bc30-cef6864a0275,Android
ff2ff8f4-e404-4c25-b427-061b8eecafdb,Android
c5e6e109-5562-47f2-8b20-97da0d566822,iOS
6b7b977a-fdba-44c7-b1d1-ab09788fc576,Android
79cb3391-3e34-4b37-a4e8-fd240ef9d8c3,Android
fb99e00f-8645-4014-9634-0be38219db8b,Android
54b1a09a-5d8e-4304-a458-949f5b3c90b6,Android
9d4db26e-e1d9-42e5-b0ad-3d2794419ec0,iOS
e5035631-024d-4cdd-bab8-c751bed185f3,Android
80568f0f-7d19-45c6-9956-946daabb2682,iOS
bd3d7f59-a0e9-46a0-9088-5cda39b989f1,Android
a7a309fb-3055-4c50-8455-e108ea7b7ab6,iOS
c4fcd330-5fb0-48c8-a1e0-1b1a0fdb0006,Android
576fe298-901c-4a19-a022-2c9be4a5a8b5,Android
59633433-5b43-46b5-bf5e-cae14f40f7ec,iOS
ddf23d25-4541-4dd3-8faa-d746b0e43ccc,Android
ea4690d2-4695-4472-a2a2-9e88bb6f3e57,iOS
0739385e-2afb-4087-b601-4a02fae7d923,Android
efe7aec3-cf5c-4e19-8ef2-26399176af85,Android
4072807c-788d-4b02-9c50-44e99fee8bf4,Android
062e5f35-828d-483b-a4c1-8a94650e3834,iOS
019d30e3-a147-4385-9233-d401b9a544b9,Android
de49c8b3-86ea-4d51-9c25-39fd6bafc90a,Android
666b9ee6-5207-4c8e-ab83-c96a9dc50e06,iOS
af072362-79e0-43ce-ae6e-7e4cc54ae13a,Android
f0ec70f7-252e-4c65-9e82-d5fe01579d06,iOS
469d36a0-7221-4236-9926-0ceaf251247d,Android
131f97ef-300d-40cf-b52e-fd0c76988cd8,iOS
7a54fc65-0ff1-4d43-8144-4db3c7d41d30,Android
a21f50b4-7cfa-4cab-b857-b3eadf9aff91,Android
cd5475f2-26bf-4fc8-944a-038f542c3259,iOS
60f76a57-7083-4751-8334-f9a8c3ae015d,iOS
82a97fe4-0681-4323-b433-f18cc3f3a2c8,iOS
5d6de1e7-47e1-4b48-893c-c847b71d8581,Android
a676c72a-f757-4f65-831f-9d34b3cc4a70,iOS
ff87554f-11ce-4103-9aeb-2c9e955dea53,Android
ca330d5d-301c-40e2-ba24-0744c816c06b,iOS
0319a437-d270-4b40-abf8-ce625aae17a3,iOS
515370a5-6819-41dd-b78d-d4a321361c92,Android
71e4c10a-6561-42ce-bfa0-661cfa0035d4,iOS
dc4869fb-61b8-4985-8878-03b98727f333,Android
811b6b29-a955-426e-9d17-0f73fe332a03,Android
182e8a5f-827b-40d4-80c1-8da3e9586a46,Android
9c8322f3-959a-410c-b4e3-b2aeb4273987,Android
01be88ce-78da-4d29-b9da-41b4423be4b5,Android
7120fdd6-3e76-4d21-ac7d-1948cac983a1,iOS
b9947709-e6fe-48aa-ae8a-eff7bd59b080,iOS
a05d14cf-cccc-41e9-bca9-7db72d55cb4d,iOS
2a3daced-4954-4d89-aafe-7ba821101c64,Android
9a9803c5-2ac1-42bf-80fa-c2faa0192102,iOS
a450e1be-8be8-4063-9349-10251e375812,Android
5339a0d7-9788-44f4-8451-41549b91ead0,Android
8e2ba8f6-69a9-4025-99cf-e4f282d47771,Android
94e04b4e-13d7-42ab-b31b-0fcb6a7d8e88,Android
5732331e-be29-4ad7-ae30-a290abc90351,iOS
b097e8fe-9551-4cf9-9a2f-8c35c35da160,Android
aae80b2b-e45c-4ebe-884a-88156d5f044b,Android
563438f2-5818-417b-898f-c9127eba7f39,iOS
b2e099ac-e8b0-4aee-9ccf-7152f9fa8b7c,iOS
92172911-5bd7-4eeb-a600-00ec9b1c4b54,Android
7301c60a-de14-4aed-9e8f-75c5f7415df0,Android
8ab60abb-8f9c-43e7-a17e-2aeb128ca4bb,Android
4e9ea301-cdf2-48ac-846b-2dd52e50e917,Android
6e5f7845-82f4-47f4-a83a-8abeecbcb9f2,Android
eac59e56-bf43-45e4-926a-72ae208fe5cf,Android
4ca5cc32-ed8b-4956-a94a-f5e5a70adec6,Android
ba31b4fd-e2ee-4488-9498-f107aad945a0,iOS
ef1d751a-d878-411f-a7d9-2ead4f828ca3,Android
99bc0877-089c-4765-95f7-b4e341f05ed2,Android
e6c41a58-12f2-4b87-a7de-ace099e568a8,Android
d7ef8cb3-1681-4117-9031-234af6290338,Android
656240d9-6555-4b95-afbe-9b2001af44ad,Android
2a698d18-96aa-4658-97de-d8bb23701e08,Android
327d9f43-2adb-496b-82a7-74989afc4c5c,Android
b4114b16-9e52-469a-ad92-f0fe6f3c5acb,Android
20d07562-31f3-45c8-98ef-d31b175552b5,Android
f2fbab85-c240-4d1d-a2fd-2c105a2fcc97,iOS
6061fdea-5426-485c-a761-a239c5682740,Android
1ee49ff0-4c83-435b-8a52-18f2b0153a02,iOS
f6833abc-30cb-47b5-ad37-501571124325,iOS
8b3f3a2e-fecb-4ee4-b743-ef27c5319458,Android
1fa14a7c-a783-4c11-93f2-3802324732fe,Android
8ee1288b-537d-4427-accd-c647fdbd967b,Android
49a8027d-6c76-4f10-a35b-c9778ace379f,Android
c79160ce-3bda-4242-a961-e34813de2213,Android
511effba-ed86-4287-9103-8a58858cf0a5,Android
02def3b8-348b-4c29-9cc9-05aa075744c2,Android
cba3ce07-902a-4f36-b5a8-36b8a0b97765,iOS
ece6fac5-e85a-480e-b2cc-3f314c23ae5c,iOS
fb63c218-ff7a-400f-86c4-13689d96bc13,iOS
20f2e911-0fa6-4e3a-bfeb-23a05c8b71c4,Android
507682b7-407b-4a9e-9676-0fa7145cd32f,iOS
463a163d-edcd-43e2-9c36-d4a4ba0406be,iOS
ef44cb57-7e90-4f1c-abf1-7c8b5b615c31,iOS
882f9145-1992-4ee7-bc82-686f6ca5de8b,Android
49363df4-40c8-40e6-ac41-c257183fa540,iOS
dff6c481-bb02-4cc3-b835-39dd738c9b3a,Android
0881d0a3-70ab-4534-848c-3cd05fdc2570,iOS
a2f31d9e-5301-40fa-87e8-0d346bb6a457,Android
4e18c72c-ce6d-429a-a049-45a90f4b1b9c,iOS
36917878-b059-4389-8e33-858174f75fbe,iOS
1b25b7ef-30f6-4ad9-9d10-20e80b592fcd,Android
372505e6-49d0-48fb-ab88-08023330e421,iOS
1c2b7ec8-d084-415b-bb5a-bad2c208bb20,iOS
0eb29c68-bd33-45b5-9562-a2ceca5bb369,iOS
15aff818-1d61-4284-a491-caccf808821c,iOS
be81b1a7-a8d2-4377-9f73-cd5d0a6c9927,iOS
fb0edd51-f007-483d-9c55-927f3c5c3129,iOS
43209da9-eff5-40c2-8478-011d2aa68024,Android
c557d078-f071-422d-8529-3dcb80e02d6e,Android
0b298ceb-8732-4343-a0f1-fe64f9b519d2,Android
d4929e90-09de-4230-b41d-1d0d9cc90ead,iOS
590cd258-c3a7-4ef3-b81b-2ab044400609,Android
3884a6ee-1670-440a-bb30-827b3e380cba,iOS
8e252ed7-11ac-4664-a4ee-ec32c41d0172,iOS
49668476-f0fc-4316-9da3-3e5be5c882ca,Android
3a6a9e18-e122-4ce7-b247-81cb703aee30,iOS
bebdf1b2-5806-47fa-90c8-a6662c1b7f95,iOS
47b730cd-04da-4bdb-8f6d-bbdd0c293ba1,Android
fb52193b-81c4-4c90-8361-efaefabe3def,Android
2ff19dd1-9aa8-406d-b9f7-173f430f9d2f,Android
8498624e-2057-4abc-b023-9e45016a62a3,Android
30dceffb-d430-4144-8f1d-70e79614500b,Android
0a38187b-432a-4a14-90a8-14e1a9195084,iOS
39b82792-c0b5-4061-9d6c-4d0d60cff4ba,iOS
f7a9c22e-9bc2-4dda-8620-884ca313fabd,iOS
cc78b1a1-e7f6-42a4-b22e-07e45e7144ff,Android
3cf24ef5-3436-4dcc-9d2b-a026e9ff5287,Android
aea56c11-36d9-4c62-bf69-1b1ca8580092,Android
627d1124-cb36-46a3-943e-ae3e17fac958,Android
ae3ada33-59ed-47d9-9049-d1571f30253d,Android
ee8bb4b4-e039-45a4-905b-0162565abb71,iOS
c14cb9d7-a606-46ed-a759-ef43a9d4d297,Android
75c110c3-d7d8-49c1-9e1b-1477d2cfad1b,Android
c6176058-08fd-4ad6-b6fc-b602c6ef0876,Android
a659f1c3-7ed6-436d-8965-249b9873a58c,iOS
e479085b-70fa-44e0-a1f6-2186cc64153b,Android
5bad852b-e928-45e3-8bf1-8df98fc8011b,iOS
2b7586a8-5952-4510-93dd-9acb534854df,iOS
3f554b2c-8477-4474-aaf9-481000da30a7,iOS
64727b12-0df7-4bec-b856-75c1c406f515,Android
92a337ff-7237-4059-bb37-e33c97167ca7,Android
8c4ce69b-0ebe-4a77-855e-03be504b07b2,iOS
a2e0aee9-ded6-44e3-87b5-2e4d9fd92ed0,iOS
15920829-2ee2-4d12-a695-ef154bba1948,Android
b6fa7c37-c727-4bf6-9d33-065828cd9ddb,iOS
36f21392-4a3b-4b1a-ae60-5e267062b72f,iOS
5449dcde-66d4-427d-9a2d-b0b22bcfbcc2,Android
ebfa4825-6cad-4571-bc5a-b77633f83984,Android
4117dedb-b839-4a84-890e-94d27c91c121,iOS
995f9e30-55c8-4f57-a36b-09be80d3f6e7,iOS
85343f0e-9044-4960-b210-a1e5aab05ca1,iOS
1b03ab92-24f8-4517-90e5-3eb35a683d63,Android
1b704471-6170-4921-83d1-ea1db9b8e34b,Android
aa2fdb41-2fb6-4e52-9b1e-eb14e2b07db9,Android
ac207f35-60b3-489d-92b8-dbee9e0ca1ec,iOS
d2c4f380-f326-4b7e-ae6c-585b78ea601e,Android
196a880a-1ddc-4d75-bd67-14b315fce248,iOS
211f4d43-77fb-4b05-8d6e-b2c01c46e98f,Android
ef5b737e-b2df-48d0-9451-28c80da710f5,Android
e603aece-3f20-4d78-8756-63d2d6f098a6,Android
c6d86de1-38bf-4289-9690-3168c4852378,Android
5f853a97-d7b3-4200-8b90-377739b56a09,Android
69d11070-e5c1-4766-8ab0-0fcfd20a744a,iOS
7286f2f1-8bdf-446c-8cf8-1b3e8f11d05b,Android
4e2b6c28-85a7-4fd3-9ad6-b4db1885e67b,iOS
d5ddf9a9-193d-4307-9e2c-3f36e4d0971f,Android
ea148664-be68-4ccb-b7e6-fd4ff685436b,iOS
2d3f08e3-8ae7-4232-ba6e-f12a8aeb07c2,iOS
c599a436-2819-4013-b20e-8f66f28d2152,Android
b3bfef16-8afb-4c71-9606-1b66b581c42d,iOS
a97489db-aed1-4dd9-b8cb-47abcb949b3c,Android
d5bef773-3c43-4a2a-bb67-10fcc5eaf3e6,Android
68ce1376-a8d0-45ea-997f-3bab9a0b93b6,iOS
f78bfbc4-094c-4d5e-b18c-6460953d0223,iOS
c2846c4e-ab8d-4c2f-a8d1-cbbf33c236af,Android
d93b17ca-cf49-475f-9b39-6130a1cb3f93,iOS
69f7d102-a614-4cfa-adf5-04fd25e1f74d,Android
ebafda97-0a06-4da7-8a6d-ce8f1d623340,Android
66561327-dfd9-4a55-b579-d3dcd95acc07,Android
e03a482a-169c-4bdb-95f8-c96ceeffc021,Android
63b0094d-0002-408d-b88a-8a610f6f4339,Android
338825fd-11f0-428a-ae8c-55eadfc2b098,Android
92dc9b8a-e114-433f-966c-1b85955c1981,iOS
aa53bc6a-3d32-4949-832d-b1467c0b4b37,iOS
ec7b81a8-d48b-447a-8941-1b275ffdbbc7,Android
abf040c7-c53a-46a3-99b7-d734cc5ae227,Android
223f83f0-d19c-4c2a-b2c1-92c10e630b58,Android
1c2492ab-276a-4b43-b955-a13861691f61,Android
0f1fe7c6-ae8d-4106-bb9a-fe5e00576b1e,Android
355755f8-493d-4f7e-81e5-08cef24df61d,Android
c117f746-815e-4d76-a392-642a7af50926,Android
1387cd4e-cf80-406f-aa63-4faa8739807d,iOS
31a22f34-b2fd-4ce0-ba31-4e808eb52c2b,Android
b6453e1d-cc8c-417a-a2c2-33d2fa8a6359,iOS
5f0e6747-e994-48e5-8cd5-3ce0a7e9e7d7,Android
e44de546-3bfc-4359-b48a-75f4c101e422,Android
85e12e87-3f87-41bb-abbb-f701ca3f1e3f,Android
c9b50d68-aced-4599-9d31-4753daf47388,iOS
385c81ed-f5a0-4682-a6c9-64da59c399f2,iOS
55f0de05-ddc4-4fde-a2e2-84f9a2944ea6,Android
1a9c7ba9-7b69-478e-a35d-6d2913f3b8f4,iOS
2bf816cf-38de-4f11-bf3d-ebb630bd47f6,Android
1cef798e-a89e-48e9-9c7c-50ee696d1760,iOS
26e88fc7-1b60-413c-a089-ad4ed59a39d6,iOS
5920b364-8ce8-4459-9015-e4d8dd0da45c,iOS
35f4b055-3ab6-4254-b611-6460f3cc7b7e,Android
d2c83cf0-f74e-4bf5-8d2a-fb9742db45d4,Android
d93a5c45-76cb-495c-89d4-280e6f25ea47,iOS
edffd1b3-5709-4539-b6b3-b7886072a868,iOS
7701ae6f-a121-41cd-900b-54043842e802,Android
55426275-7499-4389-aa67-b09fbf46544b,iOS
cd42a54c-4881-445d-b853-966e7ad49a00,Android
45ec4505-00ad-48cc-8583-7ab4ef7fac4d,Android
8969484c-5a7b-4a68-badc-093aeb5fd977,iOS
5447c0f6-4ae2-4912-bd0c-b8058c2d4706,iOS
7a7e87f0-d986-48f8-b276-abf5f0a91b6e,Android
c6c012dd-9eac-4012-9ab5-6f234d8cf272,Android
bd25ba9f-4260-4c26-8ed6-501d7c07f19a,Android
9a2b0337-76c7-4f36-9d47-b9a19508f6b9,iOS
d4b49e47-4ff8-450b-b55f-e72579f2194b,Android
a95a45f3-7066-4416-979d-5d12d0c83081,iOS
e8d1fed4-db93-4271-97fd-33118b40750a,Android
d35e98f9-8a8d-448a-af70-07323bab9884,Android
04f9b37b-c84d-43bf-813d-286b4e3cd49f,iOS
8bca6a09-613d-4f79-a868-f2377195baf4,iOS
9ab01f49-bd26-4909-a427-0bf179e5a664,iOS
4d3f46bd-e23a-4952-8c8e-f78f3ae6338f,iOS
174837ac-73f2-4858-abd3-c66307edc6c6,iOS
f64f5cf9-c228-452c-b26f-104c9971d6e3,iOS
5df38580-5592-4f00-9fff-9c7c3fbc9077,Android
47edbad2-1ae6-417b-9300-ab95ac7201b4,Android
a101a578-7f8f-46c0-bad1-04ff58768e41,iOS
95c576d0-b9c1-4bbc-bb11-e080d1f2aee4,Android
975b7643-88fd-486a-8ba5-8bccdf1d99af,iOS
0c47dc7c-464a-41de-9e54-a9cbe93237c3,Android
4a241023-25ea-4ca2-8ee2-50d3f77eb770,iOS
af853653-0b50-4501-80c6-298cb64385aa,Android
572914fd-fa55-4e64-99a5-5ca65bfa592d,Android
79b10df5-a4f9-4531-a309-75dd52c2f9e3,Android
52e82e23-c948-4a04-8943-3a160accb344,Android
19239c1e-a2a9-4eff-9148-2aec8825e513,iOS
cb1d555f-9820-401e-9878-b9d0c2a2b51c,Android
64f42ef1-68c9-45cc-b47d-eeb1ba5ba6b3,iOS
51f12679-baa7-46da-91f8-e8a99ef7413c,iOS
6394972d-6c9c-431c-b088-32f7c528ca28,iOS
1a390536-1271-4f5b-8202-073ecee3a48d,Android
48c36b1c-56d3-4940-9fb6-ffaa80ab9c61,iOS
eadb160c-5f83-40f5-a5b7-6239932261a6,Android
df4bf6d7-a74b-48d2-848e-106d92b1f77c,Android
1cd306f9-322f-40a8-8078-b2621afc13e9,Android
203ed67c-d65b-4fde-88aa-238fb9504b14,Android
bf552f85-7880-4b23-961b-b8ebe211a594,Android
0b0e8eb3-d3e4-4218-964a-356618162416,iOS
e155d3f3-5638-4b5c-9233-cbf40267628e,iOS
96b03b18-39c9-4e72-9cc5-2dc25f7c715a,iOS
50359ec2-fc80-439f-8275-ad48c083a216,iOS
e2939de4-f754-4b0f-b074-bc108f37d662,iOS
70f3b610-374d-40f7-afc4-4f42308cbded,iOS
bef094d9-5b3d-463a-9409-c4bd82c0587e,Android
762b5637-907e-4e2d-9ae0-7c70eb7bd772,Android
fb151f0c-ff3e-4044-955f-421d6aa41d20,iOS
53fbebd4-ca30-4057-828b-0a444f0a98e7,Android
8057f7d5-652a-405c-82ef-f84aff89b142,iOS
aa446e7e-807a-4861-a9dd-e536dc701761,Android
e8f242d0-9d18-4811-a06d-16cba5028f8a,Android
8af17eeb-c7a1-4448-88dc-e2a668c83090,Android
031ecf3c-34d2-4a6d-9376-6c62b8d8ba5a,Android
4c1cd7ed-5bd7-48e5-9a4a-4718cef9a899,Android
909991a4-650e-49b1-a3d7-5a117a9b7992,Android
fe7270de-e6b8-4a30-808f-cf0e4bcd2e5e,Android
e8157f76-e0b4-4b6c-b922-888847f689fc,Android
e5717c68-a22e-4f2e-91c2-04d7f2781ffb,Android
1dac71c1-74e1-434b-9ab8-57a0160bf72c,iOS
73410712-2048-45bf-966f-801f80380aa3,iOS
5e33d57c-d095-4c89-a2ae-6a5c52915395,iOS
867a774e-7eeb-484d-87d1-2ab4c603db96,Android
fc9430bb-0463-4509-8a5b-7bd0ece94526,Android
41b0910d-b752-4505-9601-fccaff04a134,iOS
d1983a7a-86ed-4231-8023-5979982876f6,Android
122dad0f-e511-4477-a523-44f5420185ff,Android
b0397d48-90a9-42ba-9a76-2162b61c53ad,Android
feeaaa08-183c-4970-9ccf-2f1ed0368876,Android
0166a209-4f12-43d2-9ab9-1783a386b8ac,Android
63a1e120-9ac3-48f4-8bcb-2028fbea7307,iOS
4425f717-c1bd-488d-a706-1044c2afa844,Android
c0913503-dff1-41a0-8ea8-9c4e4ebb5c90,iOS
221ebfda-4c5e-4a77-b5ae-2a29bcc23a8a,Android
fb18be93-d682-47aa-b90f-ba8bf574a2af,iOS
873e7888-f1dc-4abd-a4e6-76697329f2a9,Android
d9b0afed-2627-467d-9ebb-f9692daf8c59,Android
75bbd944-dce0-483c-b7b9-5b4bfd0ee1ac,iOS
531af430-6319-45d3-ad36-b0e818f5bc10,Android
ae8dff69-2039-4305-bbc2-bd862c1b9a20,Android
3d284d45-0775-4ff4-8578-fe0425ac75f4,Android
430ba23c-7fd8-4ba4-a8f6-edbe043e0176,Android
182bdd70-9064-411f-a150-ca8062728a5d,Android
7c9656be-4e2e-4702-8cb8-aabdab1d4a6f,iOS
01b445e5-6b89-4994-910c-c1a5ec758c95,iOS
87298391-8810-4d01-92f3-e17282447f8f,iOS
cafec2ea-579f-42e4-a008-1e943e5794e0,Android
1e7373ea-a6ca-4716-8f71-b273f37bc437,iOS
e60dc097-0fe7-46a0-97f4-310745502db7,Android
26491a76-846b-4915-bf99-0af12b4e2554,Android
b341baf5-6d97-44a4-8a8f-51f69b424cab,Android
74100692-c5a7-4cd5-8602-9d5fa5724f9b,Android
b74856a7-3d85-43f3-a781-d2675448c330,Android
60ff1e0f-f9ba-45aa-af63-7102a35393e9,Android
40182962-6704-4e54-8e64-0aa9cafa5222,Android
28f773ac-d98d-4f98-beca-a9b29a860b94,Android
f820d9f1-e3eb-4d5e-93d2-97be446eb3a1,Android
a3964eaf-ce76-465c-b52c-f0528c5be5ed,Android
e0ca5970-2238-43fb-bee2-0617e80828c1,iOS
db93585c-1ca0-47c2-b580-7a57fdb7bd7b,iOS
6ac3567a-c060-497e-a9c7-21cff0473396,Android
d83122eb-09ca-4dd4-a6a2-a9c94b024ae7,Android
0bb7c68c-1bc3-4ed6-8c47-b33994145151,Android
3d48ed38-c9d1-4c3c-a4ab-cc441744beca,Android
0404a0cf-519b-4931-a4ed-14bb69a38aee,iOS
c44ad794-b87d-4e10-a607-9d62efedd3f5,Android
291fc88a-717e-4aba-8bac-1746aae6d621,Android
2b55f898-90a0-4e7f-aa96-2ac30072ad3b,Android
aef937d6-cb9c-4b73-b61c-64a1eced85cd,Android
410a32a2-2c95-4e3d-9d7f-98c5f8e3625f,Android
a8020a5a-137c-4b75-b4da-2f90b6087784,iOS
0fc1393a-8a67-4ea7-af39-ff64af6ab761,Android
aa2669f0-f0f1-438b-af76-5830e10699bc,Android
3912d794-b9dd-4d7f-9583-97b9c0fc50b6,Android
996bee73-a946-4ed5-9385-fab152fbea2c,Android
124d3da7-eebe-4a77-a3a1-67b8de65557b,iOS
fe8f3273-1cbd-4a5d-b5ef-f15b78a3d592,iOS
ba9b7e9a-b304-4392-bdce-e94da73c2c70,iOS
8a2bd47b-c200-4714-b2b6-9f60cec5ab2f,Android
7e7fcf76-8525-4fb4-96c1-79e745f84edb,iOS
f4724a2c-dd28-4640-ab31-75bbdfb94b79,iOS
3384b0b9-8bb1-41c7-be92-c73e12f0358e,Android
9b65eafc-0655-45c1-8dd0-7cf3520a3a44,iOS
7fddcefb-6d0a-4cd6-b5d4-144f31d38d11,Android
a86dc0a9-8106-4ded-a83f-2d1719886925,Android
59c3c8b2-bdcc-4887-aaf1-2ae3c2b857a7,Android
40888e01-c558-4005-aaeb-bffd702fdab1,iOS
5075f491-1c19-4e67-a801-f3aa08d0d8c9,iOS
231046a4-3d2f-4b2f-aefd-88f6eea5d543,Android
d4dce470-35ec-474e-ac66-414e34ddefff,Android
5e725e5b-eb44-44d4-9421-4e215201a58e,Android
30ad6efd-57fe-4f2a-8b17-58760a1c9119,iOS
7ca8f251-68e0-48dd-8648-78c5e3ab21d4,Android
d434aac1-6359-43b5-8b4a-9fc7ca060fc1,Android
8c7c4fb9-da13-48e8-a4fe-73f3dc91d4d7,Android
f538873a-25cf-4e33-8888-de2f6f30dce0,Android
864ccdde-f868-4a88-96b1-a5078a96d1b4,Android
f8781176-4ab4-431c-9587-3fb98678b7f9,Android
821ccc4d-9908-41ac-8cad-81a99d4e4728,iOS
fbaf8f0c-f807-4e22-939f-67b4ca8ad8c8,Android
1813c3b5-c4a0-43b9-bd56-d1c342bebb86,iOS
f194e134-0796-44c9-bc5e-01acdee3c93a,Android
c34aca88-24d1-44c3-9446-ff491ae5b257,Android
32481a98-9b05-4d76-9f83-4d193ca63959,iOS
ed41a8b3-086b-4d11-bcfc-12b4871bb890,iOS
b5fcdd14-0af8-4ac9-bc0c-888d951366d6,iOS
fe03f787-0dbc-44fe-b7d3-f0f1b15b005c,Android
975e5ad6-23e5-4d4b-ab55-0f034488d3d2,Android
8fcffea0-8511-4f18-8ade-1072bc02e709,iOS
b8a31a40-06c2-40f0-ad82-aa184dbd8e0e,Android
84d839f8-a62c-4ec1-b819-64823474514b,Android
440c8211-5bb0-49b9-b048-46c22cc05a30,iOS
c70e0074-29ad-4a54-8061-89e3b804506b,iOS
60fd17f0-fd0c-4546-9902-ca2b14e036c9,Android
83a19cd5-d9ea-40ee-aba2-9effecc6f343,Android
d7a11f05-05d9-4c3f-a7a9-c76931b16667,Android
82e5d5ac-e4af-4645-b1b6-9bb35f7430dd,iOS
884f6a17-80f3-4c1f-ae5c-f7c92114b091,iOS
70d160cf-ac9d-4702-bdac-794a9ec71f36,Android
8a010aa3-d2db-47bf-b046-67ac66cb660a,iOS
d2f0cd16-69ac-407c-84ad-61cfec0c1b6d,iOS
e758ec71-8111-4d91-a6bd-3c83dd9c01f8,iOS
ddf682b4-bc44-405a-aa7f-a5f0b4c0742d,Android
f1bf8a5e-1eca-4842-93a3-4a831c49d620,Android
a2c4292c-c183-4873-9bcc-97c97ad6daa6,Android
ed780d06-932e-4941-a1ab-fbea3bfc1031,Android
205950dd-e8df-4e91-ad95-318ae0495421,iOS
c2866041-8110-4f24-b0f8-6a8a68614959,Android
3ba73f22-ef1e-4bcf-8279-b4b26fd0e873,iOS
2f5e8c18-ae68-4b40-889c-9d1ec30c9a92,Android
941e306c-b52b-4c5d-8d31-e673c94ec00b,Android
174a809c-3273-4b24-b7f0-4e999a0b7096,Android
cab27c2c-6bb0-400f-ad8c-57a4793c878a,iOS
952fb6a5-8239-43af-b528-967554200049,Android
8554c7bb-1994-4884-a58c-32904b39f35b,iOS
ebc7b4ee-c36c-48b4-b804-669226388781,Android
b7a1918e-154b-49b0-87aa-64698e76065f,Android
c0cddd54-686f-4102-8866-6621719d9b9a,Android
72f55b60-d785-4d41-89ec-3d8668a84692,Android
2beec53a-d77d-4b06-8ff5-e84a1ffcf7e9,Android
19fd862d-ed2b-4abc-967b-644c7946ebfc,iOS
9fca519e-a6f9-43b0-bd29-c79a3ea80918,Android
6b64be27-2e84-4a96-8c70-539c96805278,iOS
b8ec4bb5-0643-4d0c-9a3e-72b28b617944,Android
94b389d4-661f-4e92-a244-2e71e7d1b385,Android
851c2964-5af9-4001-93ea-6acaa3eb1862,Android
2c91473e-3dfa-48fc-9f70-34fbe8f7ce5e,Android
58b5c342-b720-4568-97bc-a9b604ad357b,Android
2685ecb7-b0ab-47a0-be9d-6ad6ec65555d,iOS
a9d93fbe-4a94-4b46-9885-8cf57c95f7a8,Android
3478d39f-f25b-41d5-b53a-d4918912554c,iOS
2ef6b3dc-5242-446c-b051-3407aed3ef96,Android
957dde3c-c5fd-4dce-963a-e786b09e24e5,iOS
36082cb0-e8a3-4048-a632-e1fc2b64829d,iOS
0cd5eb17-0733-4183-b46d-29257874d155,Android
cbe86342-6458-41f0-9a50-fdd033b22983,iOS
48deb021-632f-4ca8-9831-c2aa650fbe0f,Android
cd862f20-360d-41ce-bf35-0a5bcb5ae94f,iOS
d7cddf04-8d10-494c-aa32-5e74974887a7,iOS
fceef931-5bad-44f5-9d1e-cde1b317bdb4,Android
6619a476-97e2-4993-a71b-4b573933d0af,iOS
2792a748-19ed-420a-9010-a7ffd7788c36,iOS
c875027f-acfb-4106-9b17-831fad449f3d,Android
eac258fa-4bd1-49bb-b5c0-763b892a13ad,iOS
59ea070e-acea-4608-9ec1-11c14f6ee6cd,Android
c8f2cf9c-700c-404c-93ff-486a247848a5,iOS
1f24eda0-7d62-4249-98a5-8de686f8884a,iOS
fe625abe-aa5a-415c-a1e4-eae516dd9034,Android
4f3313a5-afbf-492c-ab75-c7b3f02b4c2a,iOS
397d47a8-74e2-41e9-8e8f-68c32a4a9ec9,iOS
3a667d43-33d5-423d-be1d-c8f924079ed1,iOS
72b67441-ed1c-4e96-9d73-323ed18160b8,iOS
3bf95f8f-1893-44e6-a913-c002641a317c,Android
e20aa2fb-33d4-41d9-9376-de8cba5e3bc0,iOS
65e162ab-b914-4745-acd3-e662c66a790a,Android
67211508-cdbc-41b0-aee0-7acb96b692f5,Android
dd5dbbda-7eaf-4865-892f-0d60253b89f8,Android
10be2c31-88a3-4190-a948-9858d6bd040c,Android
c5a9b979-83ef-445f-8119-b192c4acde85,iOS
64bb2e75-9880-4ec3-a587-97e6d0a79a46,Android
64056023-536d-40e0-a4f5-0e81e1515689,iOS
8983ad6c-568d-4529-bc2e-1892d298ca79,Android
87224fe7-4809-414b-aad6-094d2da1af59,Android
e0792c7a-0a9a-4908-93b3-30d0a439fe06,iOS
07695e8a-5efc-4f71-aa24-4330ef54568c,Android
82bc64ee-47d6-405a-b243-f44d4cc2c732,Android
99e5878f-1d1e-4f03-9678-48ffd792f23f,iOS
376dfdb4-c7ab-4b5c-9455-7b12b9decaec,iOS
bf84be3d-9387-41b7-84cb-9c7fe4d7ef79,Android
78e29add-ef32-4978-b599-49b7f13d464c,Android
a7290fa9-1f18-4250-9da4-26910ea805ff,Android
2a0754bb-c5cd-47f2-89e7-4710fcdae197,Android
6ce003f9-7dc1-4863-b2d6-6e2f8bf84870,Android
932ea8c7-cbb3-4585-a0a8-fd72c87b2252,Android
05871b14-471d-44a7-bf46-ec7085338cc3,iOS
2dd8979f-6281-405c-b03e-03ee6f1a237e,iOS
f44fe469-ffb7-4240-9c63-269e95a09a4e,Android
52409f4a-33bc-479b-8c11-706a1e608daf,Android
fb0352e1-b9e1-4d34-a613-89f94dfa0178,iOS
316054ba-fafb-4758-a2b3-61ed43368c57,iOS
29fcdbef-3619-46eb-b7e1-a66d8feb9125,Android
e083650e-6a27-40ee-a4e0-9befb6bd4e4f,Android
6953e0c4-9d2f-4808-9a8f-9a29fc233701,Android
7c322630-5812-41dd-9cdc-4813d3c34417,Android
1fbd9281-09b8-4d6f-ac9b-14f50515ea48,iOS
86a6c180-5ed4-4b11-93af-1289504198d7,iOS
e2ac6dbc-5a90-4533-98b6-32b9699b3634,iOS
9a212cdc-fcc0-4e4c-96e9-06ad7208ff33,iOS
62945f9b-c36d-494e-92dd-dd873f4c6185,Android
9a69bd36-fb1f-41ff-8ca2-9c2de228996e,Android
7624d4b2-d3b2-4c21-859c-332b2e19c2db,Android
85e990c8-9c7f-4a48-b178-b4be331e560e,Android
932c6a9a-2660-49a9-bfba-86b57e02b0a6,iOS
d342e6cd-fd69-4bd5-9748-6886fcd2c805,Android
80285c79-e001-4a52-a729-f4ed725db196,Android
0fea331d-4c0c-484d-b124-84cd31fda270,Android
9f59c147-1422-4c32-819f-c8f1ad5957c2,iOS
b304b4db-52f6-425f-a966-e836164de9ec,Android
f7acc94d-58c4-4848-9bfc-0092bb630460,Android
f7b9d4ba-af6b-4e1d-ada1-5129a666b87f,iOS
3329a6b4-5607-478d-b700-884e324140a9,iOS
bbdc61ec-e836-4774-9451-d0cc43b7eae1,Android
856e8cc3-36d7-4ed0-9377-000d406d1b71,Android
12565f78-04d1-4799-b3a3-d548086cc1ce,iOS
8ef0a96e-c594-4b49-b57a-766577595dc5,Android
db7191a6-739c-45ee-b188-6713c6df07ca,iOS
126b7c2e-c656-47e7-bd13-b7cf697b0eb8,Android
d5e60ba4-833e-45cb-bfcf-7d83c5f42a84,iOS
13b8fc61-8a91-429d-9572-ff106c05b726,Android
72f42e3e-a884-409e-9cef-68c852bf524d,iOS
bf07feca-a7a0-4851-b84c-8d026d5fd5c7,iOS
2289ff7e-4ab7-49ac-b9e8-6c943b6371db,iOS
da632ccc-dd98-4151-a3c8-116975450046,iOS
c7bba64d-ea3d-448f-be86-7c0dc75c87bb,Android
b348f46a-0585-46c3-875e-10802f7e627f,iOS
47b1bffd-9a07-4b90-80ff-18b753d82640,Android
4df5f55b-10ff-4e3c-9a7f-ec3d6966d887,iOS
0e10d8d2-751f-4eae-9502-f67bcc0f74ac,iOS
abe67d28-74ba-47bd-bfab-bf1317c622e3,iOS
a43e1f0c-1f0e-46ab-9307-5542cc982b0e,iOS
24769415-44c0-4759-987d-c268c84295a3,iOS
cbb2bba7-baa1-4dc2-b695-3bdebc518711,Android
f21a918b-4450-4a58-ad9c-a238f0cdb5fc,Android
dbd3acee-07ea-464f-adcc-77a52ad42169,Android
67aff667-0d6b-49b8-b618-728a0ded03f8,Android
07478230-f270-4f12-af3e-f8fec3630f5d,Android
3f3a5ed5-00f6-43e7-96fe-e2e82ced61fc,iOS
73898f2d-bc68-4157-86d6-bcb276656ac9,Android
2f9a3c5b-45de-45dd-b89b-c079aa5c7e5e,Android
a57c0d30-3233-4894-b4be-86250385523b,Android
8543aeb9-ef7d-4683-94ec-fb1dbf6a8227,Android
8db5e107-3df6-4491-b271-dda51603143a,iOS
25513dea-d5b5-4fc5-8992-5491cc6af544,Android
5a49c72c-b8ca-4f88-926c-e8cd5e370d87,Android
3c85023b-67d6-4ed4-8c6a-8c085b240be3,Android
69eae463-a87e-4c4a-9cea-326e75c9f71a,Android
d2f4cbe2-e7e5-4990-be6f-3ac59bc02fd6,iOS
65f78195-9d7f-45a7-aa05-43f3148486d3,iOS
0f95ffbf-8056-407b-978e-a45ab1028458,Android
3b88bda8-6f8e-4933-9ec2-b7f3d373bccc,Android
92f07ec9-a4c8-4ccb-b72a-7e667d1b381b,iOS
8eec65a1-d5a8-4765-8d39-39990fa25c23,iOS
831fa289-0e73-4c1f-91ac-480863a71ca9,iOS
ea6c46a5-49bb-4df6-9be9-da2efa429b5c,iOS
4766cb21-0041-4742-afeb-8fe421131764,Android
d634412c-d1df-4ac4-b234-26de304be502,Android
be784b36-27ba-445e-aa1a-58cbb359c5ac,iOS
7aeedef3-cc5e-45a7-8226-fdedd1aa4512,iOS
4e879a05-1689-475e-91e7-bf7eb86e62ad,iOS
857da8b3-5eb1-46b6-bf19-3fdbfd75035a,iOS
655937c9-42af-4686-92a8-062ab32aadd1,Android
ab054b6b-baea-4a95-998f-65937648a8cf,Android
5fba7a8f-09c0-45a5-8376-66f6d6873685,Android
2b18d0cf-f640-4231-8e5a-e49b03afeeee,iOS
0984ae31-336c-4d9b-bf50-52f703eac7b4,Android
d7c3c65d-7754-454f-9d0e-f9ac7e28412e,Android
56f0d5a6-ffa3-4fad-92d1-e4db92bffd25,Android
7e7ae6b7-4169-4712-99d7-0876d5c0180c,Android
dab1a1c3-00c6-4f56-aee4-99566b3d4c72,iOS
e0f0ec2c-2550-43e5-bc2d-904d542dc759,iOS
b5d61213-33f1-4e75-929c-4688cf610046,iOS
3c9cdfe4-17ba-4126-87ec-48f8fdae24c2,iOS
e76e6268-3b40-4b7a-93b3-f84eb12de23e,iOS
5e9ecc30-1f6e-4838-acbe-40e264329641,Android
86b1cc2f-2531-4327-b42c-ba5f1841f2cb,Android
327d2e23-bfb9-43bc-b59e-5cb972e61b42,Android
b6f94dd3-7c69-436c-9dd4-8a2130f6aea2,iOS
b64cc34d-fb7d-426a-a7bf-9695dd818ef7,Android
a24b8157-b208-4341-ad0f-c9b083a72ee2,Android
a0d52633-f4cd-4d08-91c2-3bb9de5ef3de,Android
73b98d77-b882-4e36-bccf-7b689bc50242,Android
c77c18e3-8709-4c1b-898a-8ed885b7243c,Android
8053a37e-6acc-4271-8da1-dbe18b6a1aa4,Android
9c1abf0f-8787-428a-ae4d-03c52a6b63f6,iOS
b651bb50-8484-4437-9f62-8b3dfd87d1a0,iOS
b83abad5-67da-4cfb-a208-0df8ccf6392b,iOS
ae2ea419-1382-44b9-a8bf-de7af3e09d05,iOS
cb21dbef-4d9d-46cc-be6b-2eacc569a2af,iOS
dbbfe0af-2271-4bcb-b12b-6e8dea2d07c6,Android
29d95d7a-f76e-419f-a92c-9df7873c32e7,Android
4b98806e-d54c-49be-907c-d408a2e6d340,Android
71e6205b-a9a1-4ca4-8ea4-45357eed8225,iOS
738d0c9f-c5ae-4af3-a51f-ba15bd0b6e60,Android
075dd622-9df1-46d9-a466-d6784c3cb7a2,Android
d7313ad7-bc25-4cf4-a18b-7d336de6fae8,iOS
6c1bf722-a36a-4ff4-8c93-b128b10b3c0a,Android
aaa7961d-4dae-41d8-8616-8dc4dd27fbb7,iOS
770f982f-02e1-4948-bade-b6dc3037dbac,iOS
fd129085-9448-43e4-8c76-773bbce5e9f1,Android
737cc424-e843-4cb7-a833-3f94779a81d0,iOS
1fb5b830-c7a6-440e-98bf-1c11f9bbdabd,Android
ab28bec1-536d-4e91-893b-67079a71667c,Android
9df00ff8-00e4-4804-8fda-e7b9ee202cfd,Android
2a44e3cd-41f5-450a-bb6a-7c47bedf08b5,iOS
d51d1243-553b-4cf8-841b-a5beb26da826,iOS
d3544cf6-1d0a-4415-b95d-2c1cf374d2dc,iOS
9cf93bfa-9f13-4976-81f7-c28f3bee893f,Android
0ea29b8a-ac6d-4fee-aa5f-83bab36d2e05,Android
7da4a626-00e9-4b81-ac75-9a98b8470058,iOS
20d151ab-4726-4e47-8aa8-6844b08c78cf,Android
dc43560c-5562-4671-88ef-7f8679eaa4f0,Android
a52877b9-2b56-419b-a865-05ce2a5205e6,iOS
19f863fa-1844-4e3e-a6ee-ce2bd117598e,Android
08ab88fb-fd29-464c-98b6-63d5a87cdb0c,Android
1dee17d5-055f-423b-8e89-febc1d417136,iOS
87e78df6-49b4-42cb-9a24-5a335aefe8b2,iOS
1afcb2b3-6104-4d00-be72-e7c96c797a2b,Android
684478d1-6401-4847-8e73-c171632bbfec,Android
4dcfdfc0-7202-4d7d-a0d9-68330d58ca8a,Android
da5e3e56-c64b-4a6e-8ff7-514904d63d37,Android
b2aa2ce1-1319-420f-8afc-3032e7200d14,iOS
273fefd7-e7cd-4ca4-b62f-d025fbb73bbe,iOS
726e3f92-681e-48d1-8d0b-b31fbfab4a60,Android
9a35f42d-e289-4aec-a71f-459173440bdc,iOS
1362a183-8e3e-42c8-a73b-da2836ca4607,iOS
6a92acc7-0900-415d-b077-c2f2ea99b2e9,Android
40972d66-52b3-4904-ad61-4a9e972c795f,Android
7e693133-50cd-443a-877f-3b3365b5af5f,Android
e1295b90-8201-4f9d-8f08-1523f87a84ff,Android
fef59f30-ed35-4e6c-9fe2-df863adbff2d,iOS
44132d38-6f76-4ecc-ad5c-5899a9f92219,Android
0febf7cc-c5a9-4cf1-8eda-670cad71829e,iOS
fa59698c-115c-46a8-85a9-26ea2a0f7bad,Android
538bf9c9-d6c0-4c31-9403-eee32159a5ed,Android
2ef6d26e-3a33-42f2-80c2-92e911946e18,Android
b0d4cf12-c9ca-482e-93ea-49dfa238302a,Android
ee2cc8e2-9adb-4de2-8211-2aa943acf1c5,Android
ed6f72f3-3b45-4049-bf55-7144192c929d,iOS
118e8c5b-4882-41ef-be73-b83140ae6e76,Android
717f66b5-e6f7-4bf9-bc52-8619053ff6d8,Android
bf1fb2cd-e4f6-4c76-97a6-e35c00b6add4,iOS
ef4224e7-676f-47f8-a7de-078387b5b57f,Android
79859b16-67c7-4516-8400-7d15d8662ad8,Android
9363c24e-a9b7-4797-8c0c-59f14351a26a,iOS
e506062b-1f79-4c67-96cf-919bdbfec2ca,Android
92a710ef-113f-4fe2-9303-a848f2bac270,Android
78f89f46-abaa-4921-a250-a4fd6507d9f4,Android
f266b643-7b3b-44c5-94c7-fd42a354385f,Android
b97cdc92-00e9-457c-b693-e3df06d8fa79,Android
e016b5fa-548c-4e33-93ce-0502e5195468,Android
77b1cd52-2ba7-4e7f-a27d-ad8f9a1c525a,Android
0b8d960e-dfab-41fc-9a66-b6fc7d1acaec,iOS
958faa0b-43d5-433d-b3fb-914bcc7d6674,Android
f626bbc4-c380-4e3f-8c04-6701da1e3738,Android
9ee03748-babb-434e-8a72-14f4245e7726,iOS
0df085ef-e202-4d57-8945-e956e9b1d139,Android
57a5ac33-6805-4af2-8d79-b6d7718671f7,Android
6cf7eda4-e679-4619-a87a-0eb4665db801,iOS
0a3499ad-f1ed-4422-b6ba-b83902ce09b5,Android
1322d80d-03a1-4a4e-b902-c17fd4236e8b,Android
70a266a8-d4a4-4118-b1e4-2492f8dee472,Android
0411db41-d6fe-4370-868c-a8d83403eea1,iOS
d43fb577-7a3f-4058-bd5b-67864cb3559b,iOS
40121865-8599-45a7-b52d-7efd177b3fca,iOS
8c30bcde-3fef-4166-ac10-2a2665cb2d03,Android
c00cf212-ca6c-460a-820f-3e390bcb63f5,iOS
6731dc26-c4d4-42e3-865a-9d4050400dae,Android
a44d848d-b4b6-48c8-9ce7-81985f9be799,iOS
d9d50250-b144-4d7f-8cd0-9b53b85ac5fc,iOS
f62b0b40-72b4-482a-8823-57a3eacc7b17,Android
09db5089-53d8-4ada-b18b-e5b6bf489880,Android
cba6b6d4-10bd-48ca-813b-f22dea8f01ec,iOS
b71b5865-53c8-4f07-ad2f-481135e12cac,Android
a7570bdb-50ea-4d8f-9ea7-be132a61b26d,iOS
af43beae-161f-4a41-ab6c-662382d8298f,Android
a02adbe6-3593-4cae-be22-d3d37b8297d8,Android
b107b22c-37dd-4f99-8975-160e74201dcd,iOS
fc5e48de-09f0-44ad-915f-052423f657bd,iOS
f6148b47-34df-4d60-bd14-38923206374e,iOS
15b17af8-175d-4744-aade-b7caa9fc7d85,Android
d4e638aa-0bf0-4b60-a123-5f436edd1b7c,Android
5515afc9-f71a-46d2-878e-84c881c0c91a,iOS
bae7f7f7-c5e5-4fe0-b413-27e4173f88a3,Android
eed1154e-048e-4351-9847-9e4cfa5928b6,iOS
55a8f8b1-c077-41fb-97c8-fc732136d78d,iOS
8967f0c5-67ff-46ba-9f0f-0dffe8d52b59,Android
6778042e-fc1b-402d-b998-8fa2601dd64d,Android
668c9c2a-3a9a-42e8-8851-20de346dcead,Android
7ff2f6c0-82b8-426f-b566-3606242961db,Android
705270f1-1e02-499b-8640-72711b8e5aa6,iOS
8f2037e4-f7bc-4943-a39e-444852f94d43,Android
e64a223f-327e-446f-bbaa-b2cf696757d2,iOS
3aeced44-c38f-42a9-9cbd-808ee87ff623,Android
5c777d36-6c9f-4609-b785-a6c7d46cda71,iOS
16175749-a461-4935-b2c6-85e798ce573e,Android
802f0597-4ef6-43b6-989d-6847e00050db,iOS
44f9403a-2ea2-4bd9-ba27-ddaf27aa390d,iOS
8031c375-6336-44ae-8898-fabf2545046e,Android
22362c59-4f00-47cf-b67b-50d9fa08174a,iOS
c6ef625c-3b54-42a7-95e3-9ee5ec9ed454,Android
ade97e0f-07f4-4683-82e7-967869b50bca,iOS
da02a199-ee17-44ac-9f24-ed28d923a7ca,iOS
2572037a-c872-459c-9277-695ce75aed08,iOS
b2846e1b-3cef-4142-b25d-55816f8f533a,iOS
502a63a5-4bbf-4796-b6cf-542c6f6dcebe,Android
ba40fe06-7d08-47c0-935e-a27c9fae18ec,iOS
0ef896c0-c197-4715-9667-5cf15a0a3e6d,Android
6b1ddb58-59af-4256-ae75-fec418af18a2,Android
ef710f4f-3afb-46c8-b9f5-0fef8d3d6206,Android
0f674919-82d3-40d8-bd95-7372a2e8c999,Android
f863e007-a300-40f9-8056-d054e478954f,Android
7733bc7f-e532-499e-bb7a-9f70fe88c445,Android
da6020ac-6541-4fe5-9eda-ae506bb39f60,iOS
0074d9a0-e3bf-4fa7-910a-0ac82e1d5ebc,iOS
1d40ec1f-6d42-4f01-9f43-210a8491f2da,Android
b1cc6855-1041-4f54-b6c8-8bb2b63c984f,Android
22989ede-ca15-443b-95f0-8ca2f9f4a6af,Android
5064ba0a-d455-417a-9bd1-e07acdc77581,Android
991379d3-f8ee-4898-868c-6aa44314179b,Android
cd2fa63b-eb14-4bd3-9ccf-86cc22be976a,Android
a94e011e-9c35-4b2f-8018-b5a5edf43bfe,Android
b6df73b3-dd54-46c7-bb8f-d929ea3951ac,iOS
043de51a-5b20-4cc5-8840-c64d8d2ff4e2,Android
2b6c9ca0-29ab-4a84-bb88-1667bf5df553,iOS
7f67bdc6-f84e-48bc-91fa-c6afbf142862,iOS
1997c674-8ffc-46f1-80bb-3fb531817169,Android
6be2bd9b-3792-42d2-9c76-cf74633eb346,iOS
994fcf01-6500-43f9-baf5-f4b50d6b8c11,iOS
29cb1b97-3fbc-430f-a8e4-760092f142dc,iOS
1c0c3305-58f1-4a9f-8c21-9617b493fda6,Android
0b76c65d-f155-45d7-8ce0-034d33ca8997,Android
ad9b4daa-822b-476e-b87a-d40150b7896c,Android
86fa83de-97b9-4845-916b-14af3e1c0ed3,Android
b197ee98-0016-48af-a334-4128ff6ec772,Android
76a67ba5-ef20-4428-ad35-146d6f4e4e3d,iOS
de59948a-e564-4a57-aa87-d922cb7c6820,Android
eadf9ea0-e87b-4140-ba00-a87cdac2b5ba,Android
7d7a7d6d-547f-48d2-a246-1e47d8e21e7a,Android
3ba8af80-8615-46a1-9729-5d8fb3810768,iOS
1e80b811-0f31-4dc7-8621-bf4e0c179efa,Android
006d4e69-33ae-4a42-8b7b-edba752ec05c,Android
33ff8942-08a4-4111-a9f8-6500dcb5f6ec,iOS
78bc1c92-cfe3-4944-8e5b-682e3732dd1c,Android
962b8bb6-64c6-4491-aad3-f2d8e7780ffb,iOS
2ae6c596-f390-420a-8ae2-14b2f29b41d6,iOS
995e4ab9-8644-47be-a8e7-5a8329f7ce42,Android
7ce970ec-bc10-49d6-890e-bbbd8eabccb2,iOS
f9276ec7-daea-4c22-a879-1ac248688b70,Android
a137a8ff-6569-431d-9321-8fdb4025032a,Android
ba73ab11-d7ab-4ca7-83af-116bf7c4d626,iOS
f725e577-7b4d-4b5e-82a1-647f24a7f45c,Android
033a3f29-db15-44b8-9f78-632b20b944c3,iOS
b1839c3f-a8c4-4742-bd35-3357f96111e5,iOS
22130b51-506e-474a-a7bf-5478e1401d77,iOS
9cd03a5f-b805-497c-8d05-6c93d162c7c0,iOS
0bb416f3-48cd-4bb9-892e-2e92fdc87a59,iOS
70b04405-9d73-4731-8ba5-074117e9addd,Android
3e8fd452-3feb-4c13-8039-44d5b5ad8d8e,Android
2387fcf1-33eb-424c-9294-8606a3814b6e,iOS
2165e98a-8574-4dff-9368-0de32605f5ef,Android
dc0629d0-ca78-4acb-840a-f79fabd4473d,Android
1e1d0e3f-bf74-4a58-a289-c283b4e5310c,Android
3e73801e-041c-4c41-a9ee-6ee74c5f6526,Android
9ffd95ae-344f-48c2-a506-3c01d8bc191d,iOS
78c6d05c-e39f-4ffc-ad23-da882845e3bc,iOS
7f09bc3e-7161-4dd9-98d0-af744bd361de,Android
0e7e800f-dac2-46a3-bea3-8bdc8b3a7699,Android
ebd83e2b-4fb1-47bf-980c-44d37a11ab5b,iOS
969cdd2f-13cd-4000-8ee0-5dab21a726b8,iOS
bef17289-cf26-4257-b9c0-872bb49d271e,Android
afd7b02a-bf90-4720-98fa-5a663a860470,Android
97c805cc-dfd3-4ef9-860f-8f628880ba87,Android
4d0532cc-9791-48e6-8c0b-2b9b3414577a,Android
cf911e9a-0b95-4568-955d-f143a56b7089,iOS
b33919b4-2607-4f7f-acc9-dfb812b3c78b,Android
07cb2a2f-8b1d-4f4b-a363-b5a002270929,Android
bea934ee-e59a-4ba4-8a31-38472313474e,iOS
c2833b13-0f30-487d-91c1-c2876264b53e,Android
4040ceb4-98af-4bb1-a790-9f6e539c7fee,Android
4ada4ccc-f126-47a6-a0bc-0c75b5bc487e,iOS
762a8c07-23f3-4c39-9dd5-d30710a48ff7,Android
801c6040-a56a-4a65-add0-9c926b372e1c,Android
70c50d7c-6554-4e43-b41b-9b4a9f41a420,Android
69a0f527-0cd4-4e8a-90c5-bd1dafbff032,iOS
e1151bb2-d103-42f6-a5dc-8d5c2ff648e9,iOS
7547d5e8-8420-4cb6-8f70-ee38074e4ed0,Android
323c729f-5d0d-479f-a1e3-3d839601d3fd,iOS
467ba233-7bba-40b4-8c41-1f2d8823b1d6,Android
325dd32b-20b5-4523-8ef1-b0739f44d150,Android
2d9e62cb-9ab6-4d68-8e78-427c51d41c30,iOS
9c0a8f42-9370-4eef-a35d-e59b9388b4a5,Android
4bb6976e-998e-4386-a37e-40192a3a2370,Android
8426f9c3-75e8-4fb2-b70e-78edb7d9063a,iOS
301a8424-1e4d-4201-b064-a86e66d2c977,Android
4967faf6-7d56-40be-bc46-9208ec863ad4,Android
1d5871d1-37fd-487e-88cf-8a1a5b8567ff,Android
40461b4a-dc68-4e60-ad6c-ffcc27c6875d,Android
01f553c5-f6fe-44f1-b311-cb744e71d38e,Android
3644cf7c-fbaa-4381-bc3a-c0cd9a7437fc,Android
c165f1d7-b278-46ff-af38-0feb0777636a,Android
544e01d2-6290-43f6-be19-7d5dbd3471c0,Android
3fe193ab-9a07-4c58-ab20-c3bbc224a585,Android
a3f183ac-b146-4f30-bd05-578827651ca0,iOS
ff8bfff6-7e1b-4e1d-a8f6-c30136f95dfd,Android
4ac92be1-4ec5-40f1-8321-747bb1fbc37a,iOS
da66bf13-fead-4f4e-8d44-6ced84205ccf,iOS
f923ef65-320c-4e0d-9c7e-faaa3ece0bcf,iOS
a544bd90-16bc-4c5d-9206-835bc25aeea2,Android
444c16dc-076b-4069-b43f-cddff33ad1ba,Android
e452bbe0-7110-4bdd-b74d-53b22d44b8db,Android
31f8d43a-c2fa-431f-89c6-f3619aa0eab6,Android
add72be8-1ba4-4619-876a-e5705bc5b777,Android
74045cc9-8a47-43b2-9fa9-1d88695a8bcd,Android
321d4627-8a4c-49d8-bcc5-431f97a86858,Android
3f2186a4-dc57-4e38-a53d-8aff54e4bc3a,iOS
0a7f7e74-f773-46bf-bb58-1c26096f037a,iOS
1ca45589-6b5c-41fe-b42d-fe404264a69a,Android
e511b150-cf9a-439d-a213-4276e3f9e27f,Android
eefe7d6d-859a-437c-887f-01ba42487bc2,iOS
6e5c627b-6ab4-408a-b56f-685b2b659c3b,iOS
b3992cef-f16d-4106-9709-e7773eb31587,Android
950b27cf-8120-40c8-b16f-196787f4cf79,iOS
d4402670-eb56-4994-9706-82fe497a0efa,Android
fd54a629-1421-4613-af0b-d9373759572f,Android
2a15a9d8-cf02-4a67-98d6-0fe37f1e6016,Android
ce22ef0b-5217-441a-b3a5-020b88af9701,iOS
cd9e0f91-8385-460e-a170-8f88605ea221,Android
4d20a280-9a8c-434c-89e9-3a7f367751fa,Android
bd1f7b41-b285-4ebd-8f84-656b6ff24260,Android
1e81d658-46b3-4203-8140-5d422750e8c7,Android
642aec8d-fb64-450e-a8d7-e158e0f692e8,iOS
1291f701-217d-4f31-a466-35adbfeedc55,Android
9bedbe09-27ab-41a4-876a-7a6299fb610f,Android
2bfa93eb-3d00-406b-a603-9d2ad2f278ed,Android
b9f3e531-d891-4c2e-8893-fc3467b319a8,iOS
5ed9d94a-db91-459d-ad1e-c321f9b925a8,Android
25c5dc80-e464-473a-bd64-25361a7bb942,Android
c0a4f978-27fa-4ba6-be63-c01327ac1f90,iOS
428c4f07-add4-4c68-ae78-d6324c3cbc62,iOS
2737f562-995b-4673-b323-d69aa933e29e,Android
12b040b4-59b6-4acd-82a1-742d83a36513,iOS
dcfba5d3-028d-41a0-a16d-274c30a58c26,iOS
4c806425-7a0a-4c9f-a6c6-4a3f926df23e,iOS
c3a92139-f102-401d-beb3-a3d0994d8c65,Android
ab7982a0-7262-4d44-a5e3-050351adc590,Android
33ec03ab-5177-443e-9665-ba91d6cdd520,Android
cfa92b41-fb5e-4138-a3f9-d643228f4bc2,iOS
16b741bf-2f34-4fd4-981f-0edb3447c819,Android
47a0d02a-f9dd-498e-90f8-c30b7369d1c8,Android
b219168b-4bbe-4849-baee-a97ca34f9289,Android
c0eb93c7-0173-48a6-9ed5-accc719a16bf,Android
ec64446d-8056-4ce7-80db-bdef0d8b08dc,iOS
0cf0a87f-2000-43d2-8a3b-6b46ea7efd1c,Android
a598d65e-f673-4409-80a6-fef1385d37d2,iOS
365700ed-22c2-4d3a-9627-e401e4e683b3,Android
79638147-8dd1-426d-8ece-e042fe980157,iOS
21a7e291-ca34-4864-9c40-c8f059bce555,iOS
265b7d02-9b23-49bf-8824-22ad43b0f9cc,iOS
0a0354df-65c5-42b0-b35e-83f606151c42,Android
5c6e40d3-9a4a-4978-b02e-3548ff76415b,iOS
93e1be31-9113-4490-89af-c0b1c0ca8f4b,Android
dc9f34c4-5491-4bfb-82e1-9f1d09bd4c85,Android
d008550c-1252-462c-b424-06b780de0cd8,iOS
2dc57ac8-ccb2-47c4-a88f-d3313f3512ca,Android
e9ff1f00-0267-4c02-be27-325888ef1b1f,iOS
99cf4354-848d-4b7e-bd71-490f251c38e5,Android
966cd095-c8e6-4a3b-9862-f63025d9d395,Android
32b3c897-f8d4-43ba-9f70-1f2f93658f52,iOS
ad03033f-b50c-40ae-a352-5c1d1aebda00,iOS
9cb66342-cc82-425a-a0fe-aa1bcad6c0c1,iOS
ed0cc24d-d6ee-4b56-b26c-d97760b47dec,Android
fc4ee843-2b2c-419c-88ed-2e0acf6d7078,Android
51f2ce77-1aee-4de4-9c13-2a3f6324961a,Android
daf4600c-00c4-402c-b90a-9d32e26b3259,Android
bfbb2117-cdcf-4e97-a538-574744a28e6c,iOS
f53cec2e-8929-4f3b-ab82-f6295089fee0,Android
d83d96be-0513-4e44-bd45-24ebcff0118b,Android
94cec2b8-a730-4007-b579-a56a9b72e85a,iOS
6ce41c5f-9de9-42a2-a9ca-bd6aced95e62,iOS
5e581dc7-0141-4523-a9e3-72f4d1d62543,iOS
9229814a-02f2-4dbf-b305-512da532166a,Android
6a6d45d2-5abf-4884-bb72-4b6a1ff134ce,Android
49213c59-6b4d-46b7-b5b4-c10ccaebecfa,iOS
7c985880-42b0-4e0e-a417-19fb4d004f53,Android
6c0853f2-a9a1-4fd3-b610-242f43c60ea5,iOS
1e5bcbbc-45dc-4f80-a7c6-d99603c4e129,Android
f9736ddb-a514-48c1-b6aa-86e2ff51b3d4,iOS
0f338272-8452-4296-b70b-79ac3a0cd34a,Android
4190c75e-a971-4808-82d0-731e58b655e8,Android
a396856e-9043-4cce-80b9-073741271184,Android
09c5f58e-e3cd-4916-8218-4187fd3b9d37,Android
214da5ec-18a4-4f15-a1eb-c7e5590bf51c,iOS
e4267fa7-b08f-4a0c-bbad-4b6a97ad11ef,iOS
2859421c-0b27-4776-bfec-c786a359b83e,iOS
08e0e57e-6d34-4b98-b661-8728bbc56b9f,iOS
4ef46468-606d-44c1-a3cf-799462ac9fc1,Android
a10db637-c6a7-4d47-a959-790e71ea20ed,iOS
e3f9dc4a-850b-4210-84a1-c120ec21d64a,iOS
e3cc1396-c218-4219-a6f8-65cdc9e8c262,Android
b03eb6d3-da5a-4287-92c4-730e3b75765f,Android
1fcf0848-3314-4cc2-94be-9f86d4aa6cc9,Android
3cd4816a-44f5-49e8-b7bf-cf371daa22de,iOS
36ec1faf-095a-4278-a7e4-171e4a60ffc5,iOS
3fd37306-b43f-41b0-aeda-d85e941f3b2b,Android
7339837a-7f20-44b2-b7dd-bc0e50dfd8db,iOS
2f915375-a241-4090-ba08-896ad620e29d,iOS
3f34b2d8-d78e-4feb-8b48-91f6d8ded9f4,Android
bbb09062-680d-46ea-b891-6af0b0bca7bc,Android
6df43974-86ac-4059-94c3-ace5cc52cd95,Android
ec3e1cde-b02a-4564-8b23-0a6879b5e409,iOS
e33fee48-7b96-4644-a547-4117dbbc0d5e,iOS
21409790-a02a-41d1-9c73-b00d0e6cf21d,Android
127ee5dc-f982-41b0-becc-b9db77886d35,iOS
2e2801ae-3714-44d4-aa3c-a31d252fa29e,Android
133d68a1-8052-4365-8fba-159642e050b5,Android
6746e457-6821-47c3-bf7d-8bdc81e683b9,Android
2ef6175a-6d54-4e18-a1bf-a441e5abcc75,iOS
a609bc9b-afac-4bc9-8742-aa97b0b397c5,iOS
75cf8173-f9f8-4b1e-97dc-1e04dd20750d,Android
096ad787-deb5-4b84-9802-dd0454dc37c9,Android
4b1d7a52-7f4e-480d-8224-11f786c798dd,Android
d803bbee-4a8e-486f-bbdf-bd06b4f06ad7,iOS
a028ab93-0c28-4dbe-b7ba-06e7465eedda,iOS
5b6525b2-5b83-4f17-9134-278fb1f2e396,Android
9513a9c0-b031-413c-a1ca-f2e5dacb73ba,Android
9f1d8ed1-d77f-4253-9909-b9b2ed002131,Android
4b2f70cd-a4fe-469a-9c4f-a5297ac2cde2,iOS
e7935eda-4af4-469d-b88c-7bc3be7a3fdc,Android
9a46ef92-7135-4494-98da-5112a13bfcf7,Android
acd18874-a30f-44eb-b054-8b4c93b77a1e,Android
c0e13c6a-6f5a-4c6a-9944-1454a85b77b2,Android
e889cc39-3596-4bcc-8878-fa301042c11c,iOS
8b6a7d17-7ce4-454e-98e3-10d5d4b346b4,Android
32a14b89-69bd-4bad-81a8-a1f6cc5775c9,iOS
85aca153-45c6-44e3-ac72-4a95b1ef44da,Android
74126538-0ef9-41af-b06d-d7a46c6ddc49,Android
8a9a70c9-027a-41a0-a553-048025060960,iOS
73a20e45-78ef-43ac-a1bc-cf456f379419,Android
0a18da5f-f8bb-45cc-8b21-15031667e547,iOS
a679d2b6-43b7-46e2-bfa1-924372f1ff40,Android
8bd3f1d5-9738-42b8-b5a0-07e477394202,Android
7cf5ca7e-edb9-4aa6-89b1-38f15b6a0fec,iOS
b535d9a1-3ef1-4c9d-a902-96470d751909,iOS
df7c8183-dea0-4c3c-9019-5d2b212bb491,Android
cb466cb3-edf4-4587-bdbe-926f16cf1ff3,iOS
8b839f75-0963-4830-a5dd-be9a47fde898,Android
2c0ae82e-4b0f-453a-8029-fe04d924af58,Android
1fbe78da-4249-48ca-8901-f5e3e20fba2f,Android
ca7f58ea-0091-44de-9964-f4d1f65f4358,iOS
334f0737-be74-4144-8ec0-5269d39dbcf5,Android
6d1b2286-87ec-4c9b-ac6b-2e9abec44176,Android
b87c61d3-fc91-4d0c-8f08-1256e333c691,iOS
50e57179-0ec3-49cf-81ba-4c7cf4cb00af,Android
dde9b280-d12d-45ff-9078-9adde8074d1a,Android
653d428f-84a3-40a4-94d3-91a10e03f7b0,Android
0965d302-07db-4923-ac68-c57dc6cf9db2,iOS
95dfa07d-e909-4ff4-a6ff-12d1c7f8218d,Android
2fd11aeb-0c64-4677-9900-fd3610e54e1e,iOS
4537059b-77aa-4246-b88e-d3d66e7bb901,iOS
258b8149-8da7-47c3-8691-d85c39bf4d5a,Android
349451d3-1db0-42c7-bdba-3eb7f4093cb6,Android
19dbf8a8-467b-484f-9a73-bfff99b88690,iOS
c157cc34-8d7d-4c72-9ebf-cd89e4bbaf00,iOS
d2bdd004-08f7-40e9-92e6-fe2aa2e97343,iOS
a809cb94-68d4-40c5-ad85-9b1a60e779ea,iOS
f2ad0845-787c-4105-99ac-216d9c808a4f,iOS
5e5e0921-8b82-4ea3-a690-bd6042341acb,iOS
0ec9e92d-ae02-45fe-9335-e7216823aaa5,Android
4ff2a853-b987-4ab0-b18a-7ced03fc35ee,Android
8d302475-bb07-4738-b7fe-1e7dcd5fa56b,Android
b6296107-19cb-4a8e-9ad7-4daea1156e61,Android
b9b2ebfa-55a4-4442-a329-e6c2e7ed8e54,iOS
2461e12b-3bb6-4881-85ca-c984f8901c02,Android
2788ddf0-07c1-4086-ac2b-19a702c304f4,Android
aeeeb9a5-ae4b-4779-92dd-c8ed8597d72c,Android
70271e9a-cd34-4688-b274-c166547a0730,Android
526b2997-352a-4956-bc34-fef875153a94,Android
91804636-bba3-468d-a77d-16c9a77828c1,Android
253fb71c-36cc-499f-a6ab-b0f64ec7ce78,iOS
dcd73c29-01b5-412b-9dac-b5f49f3cdbc0,Android
deddf0f4-0ed2-4298-b5aa-f051872bf8ef,Android
df0d971f-013f-418e-8bd6-c462574d718b,Android
d77e11be-d35c-4520-bf97-467e5a21e00b,Android
8347f901-7295-44e9-a4cd-ab95318f86e1,iOS
2e4fa7f1-ca23-47de-a822-5ca231d71990,iOS
5929291c-0540-4e48-bd98-10a11aa7d667,Android
c7bffa5e-a781-4799-be70-d6606193a076,Android
52680574-feb8-4f0a-9081-f37ac35e74e4,Android
0fea9854-76ea-49fa-a2c0-e7a0ae0ffebf,iOS
45897446-d333-4156-bfda-3fa700b1d28b,iOS
9ddcd237-3219-4662-bad6-3113eaba160c,Android
63b3ebbb-e262-4a43-bd90-ba7d95fb6639,Android
755c0118-cbed-4c22-9caa-dc503c39bb29,Android
ec9e1782-096c-4791-b181-f0009a61886e,Android
51951bef-edae-48c2-ba25-30d0acc2e90e,Android
3bbb3672-9253-460f-b887-411f6b2b38ce,iOS
527cad22-31fc-4d6d-9c03-aee828279650,Android
a675ce46-e405-417c-9511-76ed2b548ca2,Android
ee1e99f3-7488-447c-9214-1c8775e141a7,Android
855f0bd8-410a-4a5d-8ca2-2a809ca05b4b,Android
795c3ad1-eb87-40c5-bea4-45a7715f6dca,Android
13a13a73-83fb-49be-a9da-9d1602f61180,iOS
1330d74b-ef21-4fa3-885d-a086207fb3af,Android
226b58e5-65c2-4c60-9327-4565ed03150a,iOS
9503bff0-752d-4b2c-ae5a-260c41e1fea5,Android
7d69c868-182c-41a1-ae39-b707e1394575,iOS
5e7273b9-cfd7-4fd6-a1c0-6eab760c9a3e,iOS
811efce1-b649-4d8b-88ff-3b974d8462ba,Android
86f38c6d-aa35-4aca-ba5a-84ffb6ad1a7e,iOS
8c40613a-9e04-42a3-8113-a85b8d97fccf,Android
444141ae-4764-4249-9d3c-474a70de097d,Android
c8903928-3c6e-4fe9-9fa2-30a2f4926c6a,iOS
d665c89b-a976-4b20-92e0-3db35eddee1f,Android
69ebffaf-55e7-4b5d-8df0-979b314a4a40,Android
ff2f6bf7-e745-46d3-b68c-5e7893f47e11,Android
081fb2e0-425d-43f5-bf1b-04b713c73ea6,iOS
2db7b6e1-2ccf-44af-9c6a-f7ca6795f687,iOS
ce80d6f5-caac-494f-b16b-d45dc12b4b9c,iOS
aa541fe6-2f5a-4293-8118-df47f033ef64,iOS
f22c4ef0-0e6d-44d1-87fc-69052ceee062,iOS
f931d127-4121-426f-b01f-10fce1b129f8,Android
fcf72c54-9c3d-4988-8517-42668f0ebfd7,Android
2afaf834-02b7-4ead-87b7-baf8519c4cb7,Android
789893c4-2cdd-44ae-b015-06cc4f7e1fbc,Android
45a6a71a-ecb9-49bf-975f-80917ba90668,iOS
887ba318-525b-4f04-8954-e608c0595de0,iOS
82ed2d7d-4414-4b21-a541-72063eeb817c,iOS
ae93c38d-e988-4b41-be4f-fb13eb411add,iOS
fb9cb894-8864-4561-adc1-99891c041d20,Android
6e777906-54f1-4936-b6da-c667e88e0f34,Android
7b130161-dd4f-427e-8c27-bb2106605c24,iOS
7561d2e6-aac4-40f6-a845-90b3e831c487,iOS
27495f83-aba6-40df-bee0-f0654cd6140f,Android
a6cb8089-a502-4886-9cf5-03805287f09d,Android
7fdf4cdb-4b85-468f-80a8-77a296c95474,iOS
3991a018-e12d-4b72-89cd-598f5dff02b8,Android
7d270650-0b8d-46c6-84bb-04c7e3dfce46,Android
57ab5ff6-9ede-499e-ac29-be09bf8219ed,iOS
d381050c-8b74-4ec1-bc05-1a2774773cca,iOS
37b1bf5b-4e8e-4f1f-926b-ac01cea08440,Android
9d5ec906-f075-4ee7-8d1e-ac86f44c002d,Android
f0ee1530-c19c-4b6a-941e-59199d1a5f00,Android
b525063b-cd57-4c8b-84ab-0ddf92e050db,iOS
bec0ae68-ea18-4fc6-93a7-ba2db763448f,iOS
d365d5c6-9325-4ee8-825f-6c63ea59388b,Android
4aed43c0-a9b5-4d50-bb67-d05621817f34,Android
8b3fffd2-5d18-4807-b707-b6e2e8cb7b2c,iOS
dbaf4df8-db82-4667-a582-6b7ab7fd30b0,Android
93031dbf-a1d2-45a3-bfc0-b5545ea279b9,Android
a9fb6f2f-7922-4bee-ae60-35781bf04289,Android
1d4486c0-3f47-481a-9dad-7eabc64b712a,Android
5806ce4e-1ab1-436f-9929-2de4f284b993,Android
e772875d-1ef6-4b33-9666-03864df65f66,Android
d811b002-8e84-4dff-a36a-e3f8c8f136fa,Android
3022d527-4daa-4f8b-a924-512aa5654be2,iOS
0af5a52e-daf5-4109-93d9-ecc7d6491ca7,Android
3f880128-5a77-4f1a-95ee-2ef59e764c03,iOS
d940859e-4427-44e6-9bdb-05682a4b99d2,Android
ebbb21c5-f4fa-4ac7-a04f-1670259c6932,iOS
e46fcd6f-4545-4027-ab4d-40dc60bf6052,iOS
8207ab39-3914-42cc-a2dc-791fb04d14fb,iOS
6d29db7d-6d70-4882-9704-cefc4c179575,iOS
4896c1c0-a09b-496e-951a-47ee58cc2c34,Android
3429e479-2d7a-4258-ba9e-7047c0822bb1,Android
79d141a4-9f94-4ca9-b434-1467f3e79295,Android
696ff76e-87c0-439b-bab8-59995b015a97,iOS
28b4f5d1-e37f-44f8-a431-ebba664e272e,iOS
729e061b-6215-475c-9aba-b279f95254f6,iOS
a9ca3235-2c88-4887-aa69-e6a547db9874,iOS
f9141ee9-b705-48f0-80b2-c3d5983e227a,Android
0b18d285-3f11-4479-babd-1c43ea327b53,iOS
cd62ded0-44b1-4d39-94d2-c4e357a87cb2,iOS
994a8cda-762b-4c93-97f5-e17845883fcb,iOS
3000478f-d01f-4235-b079-06cfcb762df4,iOS
73fe00f8-abd2-4a01-9358-1135bbf8d88e,Android
659e21ea-fdbe-49e3-a030-55786bf3195a,Android
0474d8ee-4bd4-4c8f-9e20-58c3e6b890b0,iOS
8dc2b394-c5de-4772-a893-1fcfba825c96,iOS
1f77aa8c-58bf-4055-a862-a64c99927242,iOS
9d40d64e-7cea-443e-a6d5-32f296afa411,iOS
5e609935-1154-4f84-bf48-f05daafb344d,iOS
0ce047de-ef8e-4a61-ae0c-6b3741c84131,Android
267b6e07-a8c1-4e52-bf79-f4b3ee3661c6,Android
3cf0469c-2a5a-400b-b69b-b57811bbd6fc,Android
b5c97e61-0f72-4dec-a669-ad21f113e9aa,Android
e5b1832d-83a9-4ce7-8cc2-8e8a42ea0737,Android
8738aae3-5268-42c8-bc6a-e7c90b51a449,Android
73362634-413c-458d-954d-029d1b6635e4,Android
88888c70-6001-43c5-a7cb-61b3e6cdaf82,Android
1fe94e5e-ac1e-4106-91ee-b13222869657,iOS
b2b40a1c-0696-4552-889c-91aeb662b862,Android
1f495086-bb13-49ee-8caf-717a368b3af3,Android
7bcf1eaa-a420-49c3-922b-4864d03929df,Android
c1e98345-65ae-40fa-997a-7a6db27f8f91,Android
b83947ef-9f83-4022-8ee4-6cba9563b79f,Android
6d828e7b-22b5-4f2c-a243-f6fe2a13d585,iOS
747d14cc-ef16-4214-b71c-4343f00fb344,Android
74036df5-2700-4bd8-ad80-aefdd0327733,iOS
a1150673-c42e-4ab8-adb5-49ab5f6d6fc6,iOS
3bdf0b62-1298-43e7-b53a-0d01a754f1fb,iOS
d757b28e-04a3-47c1-93e5-3fd8af055f96,Android
a59908f2-8340-4b3f-9be1-de28a114366b,iOS
502fe2b6-27a3-4a44-bbdc-a793be85f45a,iOS
76506ce0-108a-4281-9fb8-e765363f506a,Android
72aa8cd3-a299-4fb6-aa98-026e3035f94e,iOS
c0e1f3d3-5d3c-4287-8ddf-3a8a845586c3,Android
8cc85167-3e30-4b72-a91f-efa1972cd66c,Android
cfb2fc56-7a9d-4d37-a7a7-4ed464cfec35,iOS
6873f755-0204-465e-ad2b-7ca354eb6818,Android
be730bee-35d5-4b3f-8ee9-258abcb0a790,iOS
37aaf7fd-3923-4e00-ad1c-5475341c4da8,Android
081293ea-587b-4d7d-b668-dac919429b59,Android
90906346-f7b8-4dd4-b9c5-79a5e0c0b4c8,Android
829f4317-cd3c-48ff-9a93-4a0405da10e6,Android
ef240cd0-b3d5-4632-92e0-9bfed0332828,iOS
cf2f2996-b116-4b43-b1bb-5086ca10eeaf,iOS
27764e25-7bd8-4d13-b934-99bc3f9e1ab7,Android
d05e9ff0-ec86-498e-a871-d3645c8c9435,Android
076a027b-f3b2-4477-a4ad-7f6b9bc675b8,Android
1da2159a-3538-4c8b-9e5e-d4c1e099115b,Android
5ef6d743-de18-42b7-a8e0-69d6a21db99e,Android
1c8eb0fc-3b47-41aa-887f-854fc0cb1f92,Android
e84fd358-6800-47a6-931e-f6a6149fbc61,iOS
2331535f-5e18-4bdf-9aac-30c896345ae8,Android
db6d11f5-c8ae-459b-bbf1-0d6536351a91,Android
be7a1a40-f52e-4826-9eba-fbc249ffe4c8,iOS
c795c8c3-9d71-4f3d-9ff0-56c5859d3f25,Android
d0192bf9-496f-4244-bb15-6d02f286dac3,Android
723fcbea-5051-4f81-a583-6673b99cd25f,Android
27ae52d3-459b-4aae-b6f4-a3c47ecc3f6a,iOS
9ceddf9d-17a3-4519-8067-d80b59e9b14a,iOS
4272bec8-ff18-4d7d-b123-f266dea5e180,Android
9ae69900-d1c4-4c4e-be1d-434431ccbd5a,Android
e6150792-25b6-4dc0-aa3d-f89aaa6f3472,iOS
19572d9f-63e2-4e29-94d6-f2efc0af7906,iOS
54a5397d-a7af-4962-af30-cb5a4257ece3,Android
4ef50196-d99b-448c-a9d0-6b0f54118682,iOS
485b67c9-7fa2-441e-adde-8909a16c5206,Android
c83e981b-223d-40bd-9a60-8cd3cad58b84,Android
75cec6f3-bef3-4b43-bd39-67a848902202,iOS
dbb36559-2c7c-4c2c-84a9-614f7783f04e,Android
f0e08cec-1140-45d2-a541-3aa04bede3f6,iOS
2f6eaa62-03ce-4b31-a333-b6f3b9e9a8d4,iOS
55537bac-ecf4-4893-8851-7fd3d5e1b9f1,Android
61d6cfce-e6f4-439e-a45b-8caea2a1c3a6,Android
7a971f1e-2bf0-4f13-9d32-239e22de6678,Android
056790cd-f514-4af5-a626-71c70f581696,Android
6bb03a63-4445-4771-8fcf-dd2a38be72e8,iOS
aaed9642-bc10-4cbe-9c63-e652877dbd06,iOS
9270c6a0-cd3d-4eea-854b-24ad3e593426,iOS
7315fc3b-7af8-4ee9-bbad-3fb972056904,iOS
64a12fc6-62f3-4c2d-9eaa-5857ea15bfa2,iOS
958240f3-6298-4101-883e-f38398d973e8,iOS
9cf701fd-d447-4c74-8814-560de1ce145e,Android
f7b64064-46b9-41b6-ac22-e23a9f0faedd,Android
f4758edf-6c11-4027-8966-4bb253342a04,Android
6c6b1c8e-5a6c-421d-b9c3-479fa5f0abe9,Android
c5da2242-642c-49f1-a078-de388ccab171,iOS
087585f6-7c66-41af-b5d6-1007f27d9642,iOS
1352b7a0-281f-40a8-95ae-fa78f7d76a95,Android
ddfe4826-dda4-43de-abb2-e27973a0a5e0,Android
bc7c9ffb-5f1e-4f6b-bcbf-62519511ec2e,iOS
6f739174-1f3f-4a62-a049-9c007212f269,Android
b50530fe-b75d-4399-b613-6dc9b4688966,Android
7f877519-8ffc-45d6-abe2-d5192293687a,Android
b81c0735-0bee-4c55-8a5f-8095cced990d,iOS
af750b08-4139-462b-80dd-8313e5abe6da,Android
5ce33d8b-dfa2-4d6c-8849-9a48a87cc1e4,Android
9d55ce59-8e43-4f6e-b2e2-3a0fe5d295ba,Android
4eb158f0-7f6f-447a-96b4-266cf58c8c85,Android
9fc23211-b5e9-43a8-8f0d-678c93ceaa01,Android
5465d96c-b2c8-42ae-82f8-b377585fb10b,Android
d2bcc327-fb5d-41e9-a7ad-86b6d7c2f057,iOS
53361940-25b5-4c87-8804-8ecf2ab07edc,Android
13513469-8a73-4c97-8f29-095ad1e8b13e,Android
52c560ba-a17f-481f-8ee7-d64bc9c6471a,Android
af9deef5-d9a1-49e6-b944-ae7535e16cc5,iOS
a23bed84-c71f-427e-a297-7aff94726e40,iOS
52d14fd3-b989-4d06-aebe-c4c788b4be4d,Android
5f7c9fee-6aa2-493f-a1c6-fd9c39d69988,Android
4be9fcb2-b114-411f-9e9b-c209912a6c9a,Android
7b8ef26f-391d-4049-a30d-8a2b38594080,Android
485a1ac3-30a7-409c-9747-11a1d399a887,Android
c2b11326-9ac3-4a4a-8a1b-d20153e61e5e,Android
25ca52df-e88f-44fd-80b5-6c305c503af4,Android
ab98ccf4-8533-438c-a2f8-204afbe12347,Android
5f092961-934b-4a15-8ef5-1568083c3c8f,Android
1c996bc7-c9ae-421b-b184-3a031f906c9f,iOS
f72959fd-7df8-418e-8076-9d793ec884da,Android
afe78976-8d8a-44d6-a580-d0ec05f37fd2,Android
a7ba74b7-aace-4422-91f3-90b18740b7d5,iOS
e845a326-f6a2-46ca-849f-210d1c0dc567,iOS
413f8139-f088-47c9-a000-414dfa00a4e8,iOS
7f93a593-4526-4260-b031-a754ef1a02a0,iOS
52da54d4-4bf3-49e1-aa01-978c851acfd2,iOS
a33063d7-93bd-47d8-9849-e6403c43b76c,Android
c1797afe-d887-43f5-aae9-e05670fcf098,Android
29815be7-0455-49b5-ada1-a94ef253eb1b,Android
75518f39-bfc9-4934-b5e4-854f0c2115c3,iOS
dcb608ed-ae4e-4849-aebb-5145fa02b814,iOS
e1d93fa4-a2ee-48c4-973a-54ea0f9645b5,Android
68adbfa0-c335-417c-b15c-27ca41687550,iOS
88709446-62f3-412b-b743-5b5a1837a69d,Android
14c9c91a-3df2-4740-8cd5-5b7066e8e268,Android
8976187e-5a1c-40a2-a88c-903284c9184f,Android
2317906f-795e-4027-93d4-1f2f690cf40c,iOS
6200a638-cddb-4049-9eef-5b866e4a83f7,Android
0c9635d2-d286-4757-affb-0f6ef024b4c0,iOS
d2eafbc7-4d52-487e-8773-4c13af1b3452,Android
f92d7ae6-60e2-415d-b3c4-fad6dbc0da18,Android
f3f9b1ff-ee50-4711-a788-9c738a13e6df,iOS
e0a75f53-0fe0-4a04-8e35-e249b4d73b64,iOS
1c9dfc67-25fe-428d-bce1-be6216cf44ab,iOS
d4b142bf-1b59-4b44-931d-32c04309c9c1,Android
aba13c44-1a5a-49c0-9a14-79794a038c85,iOS
f3cfba75-fb3a-4f8d-a114-952de34bbfe3,Android
81eeecbc-d53e-4b45-b0b4-470d3567d5aa,iOS
cd7576ee-256b-4768-bc96-8f4987eded59,Android
30f2bdab-0096-46d0-8b41-4c1bf19d8610,Android
8d0833e1-3690-4d7e-978d-1fc7fcba372a,Android
0d6cb8bf-ae9c-4c4e-9a93-7e018d3a63d7,Android
92bd4da7-7920-49c8-978b-5a13eb53b3b1,iOS
0d124086-4e58-42cf-9da6-1f7f934654b7,iOS
87a3a164-d743-41b5-8692-564a1f18d8bb,Android
4f8e1380-220e-435b-a44e-a4edfe128edf,iOS
b79e7209-a65c-4d54-b818-4db124ac3e07,Android
8577a46d-7a80-4c11-a72a-97fa9521d1cb,iOS
79202e4b-a4cc-41dd-989f-89bb110a0c40,iOS
909d242b-e093-4dba-9789-542672034392,iOS
208e5937-2413-4e5f-88bd-4e7ec5067995,Android
8d17b0eb-11a6-45e6-b7c6-de8e14355a0e,iOS
a9a1d71d-990e-4343-b03c-292d38bb3d22,Android
7391944f-7800-427e-b69d-967d348fa958,iOS
7ee67087-d6b4-4955-a135-3f04b71134f7,Android
cdf87dcc-244b-4b2d-a820-76529854f157,iOS
287f9c27-a654-49bd-8152-6b7c48901418,Android
b30c183b-0aae-4d12-b631-036ff9b329f1,Android
8cd1eb53-456b-4387-a54d-fec80c2579ec,iOS
79146809-70d3-4d0b-9d85-e1fc2ca8f2c1,Android
79ffb195-f391-4458-8c61-486089608a3f,Android
fbf83bae-5d5c-42b9-9a5e-fe989f1c768b,Android
f6f4c94d-d6bf-4103-8c28-4aecce52b1b1,Android
517ec3a1-7fbe-426b-b3e1-e068e2eef8ec,iOS
8db24385-5889-4a91-8c29-d6a0dbe7cc70,Android
951c87a7-b7ba-4056-80ba-6276f70f1136,iOS
12f7e80b-d79b-4c9e-a36a-e0f5366a3fc3,iOS
27fea4b8-4122-444f-8a2e-3b009929afa0,Android
a74159cb-8dd4-4c9d-981e-f014b0564e69,iOS
8fc34e2d-9845-42d7-a61d-95ef59845fa4,Android
cec94e36-2752-48b0-90d3-4b56031c42eb,Android
4b285f43-4754-483a-af0d-d95615594560,Android
aa7fd461-18eb-4f21-86d9-7fcc9596a40b,Android
833febe5-5b98-4e50-b697-6e51c0c2e1ea,iOS
2efe3f78-453a-404e-8784-316cb671a9c1,iOS
3824a489-eefe-4ecd-b268-d98269438dae,Android
20aa664d-376c-4f4b-8509-f7b0bfcf91b8,iOS
c52c5dea-5bff-4d39-9240-cf83d393439c,iOS
ec4792ac-5c9a-4670-a7ee-f28ab5ae09fd,iOS
f3d9f0fb-da7b-48b1-8bac-a2af16271f5d,Android
cf917b91-f17e-4d56-b637-2114760d2889,Android
2cdb7979-30f8-49b2-bc4f-774d09196bda,iOS
89d39c3f-844c-4e2a-b287-020296e1c4b3,Android
c7eb5707-9b99-4a81-bab3-c4319a204b6e,iOS
72ccc017-69db-4fe0-8dea-2d4a9c5a4d11,iOS
0b117589-bcb1-4b38-96c9-0c0b6ad70ffb,Android
af4ee53a-0d4a-4070-8bc2-9b95c1f6f246,Android
7f5752e2-29a6-4780-a9f4-c2bbeb95ed78,Android
e6ed66be-18f5-4112-8e9f-47f271dfa8b0,iOS
a8efda2e-6805-48f0-97b8-56d7ccf40952,Android
a3d24ff6-4051-4da6-8d26-f68e164341f8,Android
faac39aa-c8a7-46b9-b100-805d1a11f2f6,Android
a70442a6-345d-416e-b33a-c17b7d16793d,Android
1612b247-ad4e-47f1-808f-f7fab5da5f27,Android
2b71c62e-d8d9-4ae2-86d5-c5e38ac876a8,Android
af122087-164c-4501-91d7-b2800432173c,Android
6df34198-15f2-473a-b03b-e7a6065c4557,Android
2dbde75c-6d59-4882-872e-f2c8f0376fb7,Android
c5ab4b30-b3b7-4994-a6fe-73ee3acc7fd2,Android
be5885e1-109e-40c8-aeb3-edc2fc4917f6,Android
e7455feb-16e9-4f2a-ba40-65d5d604b26b,iOS
8d98a04c-c663-4941-a6d5-dfecfef0c266,iOS
eba98439-fdf3-4eac-99eb-557094ce25e8,Android
70b52f5a-bd83-407e-b9fb-725d8c609f75,Android
97d50f0e-e942-41b4-9e50-bfe704468070,Android
b3dd9cba-f924-4ca7-896a-3e6ef8a3218a,iOS
184edd11-ef6d-46af-b6dc-61ea4f1e70af,Android
1ad5123d-3dc5-4731-9e7b-6fd3f3ccdd79,iOS
f55da544-b1cb-4f2a-9ae5-897fcf0ab218,Android
e1f16926-5a46-4837-8481-ee7af57d9b41,Android
0d08ab9e-a903-4d81-b28e-8abdb2e1d906,Android
7d10bee2-d1f3-4bf8-bfff-6c7bbd6ff809,Android
879c2116-c223-4f6c-bb4c-2a6b104c01a4,Android
fd1ba21b-2aff-4834-95a7-3f903ec4a133,Android
148acc98-ec9c-48c7-ae06-73a72d9b1d2d,iOS
d4344bdf-5097-421b-b933-f0e2c1235b43,Android
7645c7b2-e8c6-4f8f-a885-3184e280a4b0,Android
660d9e4c-9cea-4782-8519-d68ae22ae5f4,Android
c1b9c6ce-7aa1-417f-919f-8634d27970f0,iOS
476906d9-8037-4f95-805f-f2c776ae105f,Android
1195b880-7c2d-400e-a284-5515b72ae67f,iOS
156b0a99-cf42-40ea-9ff6-77afa3c64e43,Android
26338bf3-8cab-4ca7-8041-f8432d71ea8f,Android
a079afab-b0e1-4191-94b6-8cec9211a3d3,Android
0e926bcf-9c2b-46c1-95d3-d3f1a88efd56,Android
d5fe9676-6a81-4720-9bea-94fee9c80d48,iOS
2a4833d3-c5b9-41f8-8716-594b4240b471,iOS
c85a8225-6777-4452-84ea-7f206ce6ef15,Android
1566305b-9dd8-4a32-ad60-b1cca3e0aeaa,Android
c0b47280-0ae5-4b34-96f4-89f0e97c051c,iOS
12ab3bc3-ad8a-45f8-805e-ec9dd15dd4c9,Android
cb72bf68-ce8d-4642-9634-0e2b2f25aac5,Android
cc2e3813-63d7-4212-83fd-3de1683c260a,Android
1f5fa828-a30b-4bed-b932-b95c85066592,Android
00a9092a-3820-44d8-a1fe-3ef3b76dd287,iOS
9a870dbe-2f1e-4d47-aecc-e52993aff8bd,iOS
eaf194ad-0002-4cbe-b993-a356dd979c4a,Android
61c54c1a-85d5-4228-adec-9427cafee154,Android
b9aee735-b2b9-4a57-88f6-fd67516cfef9,Android
3b6913d1-b197-4466-9db9-dcc9d62ac6b2,Android
f919cc4e-d6d5-4c0a-be55-4ab70750c7d7,Android
08354fb2-a196-46a1-ad0d-4888e0260664,Android
83abefbe-414b-49ee-aaa0-a1a3bfb46f4a,Android
4ff1b70c-df9d-4b69-83f7-6cca559f8654,Android
252ba1a8-113d-4eb9-a88d-d421a18d78d3,Android
dc9522d8-226c-4e2e-93bd-b3f4a4f1b2ea,iOS
95bbe0cf-3f58-4e5e-9485-137d11f9f360,Android
76b47c13-9fef-480a-9183-63f8a4a2bf2e,iOS
ee885771-75db-4004-8ae8-4ded920dd3ab,Android
2a8ea52a-c1a7-4d4c-908e-5c9e27c86f13,Android
b0e39d0d-87b0-4598-b7f9-8ab7fc8c5e20,Android
02b718ff-a9ff-436a-8d65-1236abdbf71e,iOS
5e86c545-360b-46cb-9ad6-e916382ed3ca,iOS
d64fff24-6337-4d72-ab28-05b91c1526ce,iOS
386101fd-45e5-4045-8c8c-0f4bcf6163f7,Android
55a3e3e6-f4e0-4a5e-9573-c109afecaee3,iOS
04161845-3158-424d-bb69-169c3f0ddc8d,Android
d2af3ccf-79da-43b2-ae53-1ed967d0c5c2,Android
3a011d12-1b88-4e1f-b3d6-94b1219e962d,Android
a7841493-a97b-4385-90be-ccc050aee686,Android
c3616eee-dfc4-42ef-b97e-46608bab6126,iOS
4d230cd4-e9f3-4e3f-9b07-30105ee78444,Android
7618db61-ea9e-4da9-b136-ffbb0a02bb92,Android
46af8da8-8b8c-45ea-af73-27cbe969b2e1,iOS
eee111cb-6689-4a2d-8f7e-b6529b0d09d1,Android
daf7a182-d3d3-40fd-8396-07d81b8e9cea,iOS
610e71c0-5168-436d-a279-1caff3b23b29,Android
7a5edcb4-30e4-49e5-8db9-f1bddabb1d3f,Android
1902499c-0bd7-4f31-98c9-b7b33ffbb375,iOS
8d184822-714d-4bc3-99ec-358745423a3b,Android
de948443-9946-4297-be65-932100841de8,Android
bf655da9-bf90-4d94-9769-3b21d24b6beb,Android
1caa4783-9d29-40f9-8c2a-fb080581ac18,Android
44d2c161-a396-4bcb-ad11-b04c0ce526e5,Android
b7a780f2-461b-41db-a1a6-f350de02d31f,iOS
ea8c688f-c448-46f9-b774-a729fa23252a,iOS
92d2ac05-c228-4dd8-ab05-cafe5d16ef97,iOS
38c052c8-1d4c-42f6-94f4-fe53787c614e,Android
f05528ba-c5ad-4ff2-a8e8-993002a8b0a7,Android
4a156c57-d9dd-4300-8b41-33b0d7e16b8d,Android
e4751af4-fec7-48cd-b49d-8801a1c2cbd4,Android
d377383a-471a-4e8c-99b4-edb2ed3cc2a6,iOS
8f723fae-545e-41a3-8dc6-2b2b6f3e0d87,iOS
e5b22086-9d1b-4e79-b61f-9317392cc807,iOS
f6ddc5cf-64a5-475c-800e-a435669c78c0,iOS
493cd3f1-9b92-4ad4-ae83-dfbb48ec0517,iOS
a3aea98d-58c4-4f04-b4e5-71e159bc8c45,Android
9020965f-5ee7-492f-a6ea-9051f3e2892f,iOS
5dc9be0e-e5c5-4150-88bb-9102ab4187e5,iOS
d89eb5b8-cf8a-4666-a6c3-fdaf2bad826d,iOS
58d14858-fe08-4796-adfc-fa9fe52a6adc,iOS
43052cc7-ccca-415d-9556-e8e0aa6d03a8,Android
74ff3b3f-d573-430a-8e12-6b7cf25b8217,Android
6169faab-23c6-461d-b8a2-b595300e4f25,Android
16deb8ea-28da-4e27-a98d-4090e6f3c0ae,Android
3b0c2122-e540-4aa8-9306-3615c14ef727,iOS
c2e960dd-9d7b-41c8-8441-ef10fc37cdc6,Android
d2438741-30cf-4cf3-b513-d326ed999f4b,iOS
708b1657-859d-495d-9247-f8eac271f453,iOS
a5f8cda9-c62b-4493-8239-fceb2eb618fc,iOS
29e1cacd-9b57-4179-868f-2ced01e2775f,iOS
ac557a7e-955c-4d48-be42-58dbe2b728d9,iOS
11debf66-108f-4494-a506-348a1e890968,iOS
6f84e1da-6952-41f2-ad27-8987735bc987,Android
23dac46f-d356-4954-9277-8cbada0ae1a4,iOS
ba1a10cd-9d21-4682-867b-3bba1eb74cf3,iOS
84b330e1-f54d-4ae4-aa9a-da019ddb73fd,Android
c1edea6d-4750-43eb-9aec-01dccefcfad2,iOS
bf415584-5784-4788-98d3-87cd82be9dbd,iOS
b357d03d-402a-466d-893a-7575aa4384a8,Android
64a0fb89-f06b-498e-b274-95f765b8df18,iOS
6b90edb5-deaa-41cd-93db-124cd9db43f7,iOS
6edf7772-066c-4822-a5f2-31d4d419a699,Android
36b66761-2e46-46c3-b0a0-dfe7f4f2b29f,iOS
d35a5999-e687-4d99-bda8-b6e8020113d0,Android
552c7d2e-0989-4255-afc0-7e6c0117c705,Android
1599ef13-1e78-454d-b624-c1dcfa88874e,iOS
0248f871-5738-4845-ba83-f50b62d26e32,Android
07574ee5-7bdf-410d-b3d2-62a9484ceee8,Android
23f4368d-80f8-4ea7-acb8-6e56ac332cf9,iOS
f0b35085-9a57-4ea0-b015-273a5191f316,Android
d9878358-c64c-4def-babb-38a95fd8e4df,iOS
67590566-76b4-4d94-9d97-673c61ea4f10,Android
27204940-b036-4eea-89d5-661706b10a44,iOS
26659449-c0a5-49a3-b932-d07863006b54,Android
07da1db5-ed58-49fa-8ffe-cdf92065a01e,iOS
dd028bd2-5fe2-4fe0-84af-cb3854f6b59a,Android
9a2ae996-aac1-4e8b-86d7-b867ad3fd284,iOS
83da82b9-42dd-487b-ba7a-bb74f1334438,Android
3b95d6a5-2f18-453b-839b-1db3aab1d05f,Android
842b24d3-0f8f-4bfd-bd29-2eba2695cfe0,Android
8900cfb1-f39f-48e0-ba08-8667c2abdef1,Android
f1a8aa5f-1eb5-49e4-a4c4-e6444c9175fc,Android
ae3f92c8-0f5a-44b9-92a1-24ff046d01fb,Android
e1ad6eda-9b47-47bb-bc13-09c009ca3d63,Android
89e4b034-268c-43a6-80d3-76344b00da51,iOS
93260ce8-1967-487f-98a6-bd86542ae279,Android
4867cb9a-0525-411d-9941-14ee145f9bd0,Android
237c65f8-6d8e-4541-869f-79e3daad317d,Android
2f54a357-3fcb-4a2b-9322-aa6704295576,Android
981892ca-fb06-4fdb-8927-31fd43adc765,iOS
0b7d0ce4-38c2-4898-aecb-dd9f4ff10b8a,iOS
ea107777-fa12-4550-8d0d-7cbcd960eb66,Android
8b4c71a1-35d8-4dad-b0e0-7d92f54520b5,Android
d8116c28-bf7f-4149-bea7-094b400d1d63,Android
02773a3b-09b2-4120-9eac-5d91b11e3510,Android
4c0aba22-5907-44e5-88f0-c808a55c6c2b,Android
cef88eb1-b45b-4350-b163-b2bd7117d905,iOS
f43b7f73-77cd-4e27-b11e-c6370f051e7f,Android
5f7e11e6-e284-4485-973d-83929b017d34,Android
46f99789-bdf1-47b7-8a0d-6783283088dd,iOS
43d3e672-e0cc-4b98-b4cf-3976093d96d3,Android
c0d248a3-7a55-4374-8d35-e3b6ab47ccf5,Android
2d6a6d58-c0d5-4b26-893b-28d4c2bedaff,iOS
f0f9f7a2-3a9b-4f77-9e5f-c43a2d104334,iOS
9243a287-ce2f-44dc-a441-5209ff255f16,Android
e47f0c99-fef0-4a02-a92e-6c4d1481a3ec,iOS
d477a838-3f0b-4c5e-ba27-85d56899c39d,Android
10a40448-19ff-4c02-b0b1-d588e9e0ab2a,Android
da5a75fc-0487-46df-a688-89bbe7de785b,Android
8b50fe50-1606-4a94-906e-d36c64d271ce,Android
7838b8fb-bce7-4346-b45d-206ae9ef2a88,iOS
1ea45f51-a118-4325-bf85-92d9d86d3d25,Android
3a5e5ea4-6efb-4ea0-8559-6b05252a633f,iOS
2a0db4fa-4fc3-44fd-a1a5-4e087debff85,Android
05beee75-0822-43b9-b709-de20d69c6475,iOS
eb67fd34-bfe2-453d-80a9-71e475626764,Android
3841ee18-989a-45c3-a79a-fe7d3654b642,iOS
01d5e905-5029-4f1d-a256-8f0cb825c9c0,iOS
f6eaa40b-bc28-4da9-94de-edb33c05945b,iOS
a3a04dca-34ef-43cf-9c34-c85784dbe7e4,iOS
2762bab2-ed42-4ebc-9ba1-28980e8fad22,Android
a63e5a51-266a-4401-bf20-939b5ea25c30,iOS
35f43dcf-3c53-4796-847b-644aaeb9c25a,Android
ac291d03-27d7-47d3-a743-2bbd272db969,Android
dc2289d2-e903-4746-9760-9fc94e931367,Android
d4bc5fdb-2f2a-4f53-b78b-5e3127a77ae8,iOS
1e2e8aa1-96bb-4443-939f-5b4ff4d4761e,iOS
1c94f5d7-cf6e-4c33-b537-088bd2ca9828,Android
0356d4df-d36a-4207-923c-c184f16e93f7,iOS
c121e2f8-fcd3-4c1e-99bb-285e5d5c96cf,iOS
5cd3f977-8d22-40ab-9a6d-c71fcf4f2bd9,Android
95b7d453-0aaa-4166-b0aa-86dd1423990a,Android
ed68fea9-f73e-41fc-8f8a-b5abfaf13734,Android
97328ac1-3347-444a-a91e-a9ef01ad1543,iOS
f7620fc8-24f4-473d-9f78-7d945c89d465,Android
9b6c5252-ec85-476c-a8b0-bc00a217b2ac,iOS
7bd8d7b5-ec31-4fc9-983a-61a2202cd1cd,iOS
816114bb-571f-4f1f-a396-5b375007015a,Android
cd06b924-2f01-405c-a93f-89ef30557448,iOS
29da4ef1-8c24-4fa1-9efb-5d1142e19ebc,iOS
b56608fa-b49c-4fc6-a705-6171ab9b0a37,iOS
87702d25-cf13-4295-99bf-38e15453fad4,Android
548d4cec-16c6-4a91-ad44-93c9992ed969,Android
05017c89-144c-456f-9420-4fa8adca7f8c,Android
9fe0d590-0237-4308-9f22-339fbe258e80,Android
04e74e52-3a66-4ea2-89c7-299158ff2444,iOS
14afa21e-f7c1-43f9-bfdb-a921f97dc39e,Android
94ce7691-ec3d-4ca2-a4bd-7ca7ea4b61c4,iOS
26c6c699-5768-43ff-95c1-bbd480b2740f,iOS
d7da455d-d436-4287-bb06-821f627933e9,Android
e770e890-639e-4dcb-b831-d335aed7cfb5,Android
2cc93cf3-6021-4fbe-81fa-17468d3bab76,iOS
b995de0c-59ef-4d29-a492-7088dc76c8bc,iOS
8a34ab1c-0780-4ed4-8110-3af82fdbf7b5,iOS
13cf956b-5693-4244-8b9f-dc1dccad916f,iOS
06403828-8fa1-4b66-8540-5e28cdf16c8f,Android
88f46573-6881-46fe-a2e2-16f7417e9fc8,Android
10f2d5ce-211a-4af3-8a2e-85521ae20945,Android
7254c4e0-0b88-4f26-b758-150b42a4646c,Android
285b983d-150d-46b0-9a5e-d6611d28f0d1,iOS
0c7a277d-b313-4b15-b619-de75a622d1d2,Android
3da6c1e8-b13b-48e3-81b7-e987ecf04e5b,Android
5fcecc5d-9f25-49bc-b4ff-e9417d5840f8,Android
bec68439-d8e7-4f40-96fc-7cbf2337fbc6,Android
5c098c76-14ef-492c-b3d7-19d8011507d9,Android
9db76541-b608-4689-a18e-93ce8b177bc6,iOS
ff5eff03-4912-40e7-b30d-02dbd7e7edb6,Android
6ccdb62e-7bdb-427b-a3ee-1f152d86a3bd,iOS
02b38265-f550-465a-8356-a8359b991935,iOS
f8361838-4327-4eea-b445-3fb7b3391179,iOS
f13e6360-fb43-4283-8ba5-b0257ceb9b37,iOS
a74932a5-525f-40c6-aa25-b08d16c31c5c,Android
8ba9545b-cde4-4d3e-8e79-a1b1396b56ae,Android
d7990ff1-700b-4e63-a15c-ff2651f6f5ad,Android
21b67b0b-5f3d-437b-8e23-d65780a87457,Android
57b152f0-4876-41d3-aea5-4eaca4db374a,Android
375279ef-e16d-4b51-adf2-421bad20d904,iOS
c04be638-0fd9-4ce5-8867-70f1d12cf5ab,iOS
450668d4-9980-4303-aeb2-cf3e861fa441,Android
4364ea3e-ae43-41e6-a00c-24a55ed21169,Android
5195bdf6-7c24-4d8c-8f0a-57729720a3bf,Android
79fc4b8a-0a9c-4359-9cd5-866ee549496a,iOS
b2f92bde-550a-4b5e-9d8e-dded71e9c4ae,iOS
e68e8950-c2bb-4c70-acb1-fb1d1787144b,Android
01a50fa4-af29-4b2d-9845-8c58187910d5,iOS
26464190-86ed-4aa2-b084-62193136869f,iOS
2e9fe71a-787e-4af8-b078-5640d2df0254,Android
11762eaf-2e9c-4fe2-b829-a4d864f468e4,iOS
33d6c8b6-653f-4f86-995d-e02732a79d23,Android
cda4de38-1011-4c2e-acb7-c9215e80b626,iOS
ff5dbe5d-bbf8-4f24-8814-62e044a66293,iOS
f6f4a9b6-c967-417f-88ec-4fae56aa8ca4,iOS
96a4a018-8299-47fa-96d1-be02e4d9f230,Android
48324103-834f-42b8-9f29-63fd5f466205,iOS
d817134c-b0d8-48bd-8195-895b41a7b59e,Android
0205043f-a421-4a17-8bb8-bd6d24759b71,iOS
03c2af2f-5cbd-4efb-94cc-986682c28bc7,Android
9f4ea24a-f43b-4633-a0db-ac4149404fc9,iOS
314dab83-2469-4de4-a97a-3b10310f0b0f,Android
b752f8fa-c1b6-4bf0-9fa0-ff850d4e2967,Android
d420a53a-8c5f-4b24-9abb-ce38f22d09f8,Android
ef077862-f431-4085-8c53-9527d13ea82a,iOS
4314349c-5b57-4c0f-b473-8a72d5339814,iOS
6b17c3aa-4226-45b9-a12c-835999c446dd,iOS
3eedef35-8ec0-4b5e-9d8d-e2c8fc4afb7a,Android
5ceae025-5190-4b63-86fb-659291ffe34e,Android
98892333-e2c7-4777-a69d-aa9334a5055b,Android
0b05cac5-371e-4a93-a852-c2f45220fcbd,iOS
fdf68752-f859-490a-b99a-f6a1954ab819,iOS
532e7d61-6d78-4155-8f2d-08e4b07a347f,iOS
a5d5b3ee-d874-4ff9-bd24-3c0db7915823,Android
70ba7c7c-d9fa-435c-9b7f-762fc73abe44,Android
44fa88e1-35bc-4686-b5e1-94a46e7e161b,Android
a031f4e7-6c25-4d28-b3e9-c5a7c2a85eaa,iOS
ed32f65a-0f79-40ba-a074-4e5b75a81303,Android
f4230e09-d2c7-4a2c-8c90-ae6012406211,Android
3ccb6f1c-c032-421a-a6e9-5c9285e07676,iOS
f247f5b1-0ddc-4058-b4ac-90088f58fce2,Android
b6decd34-974d-4749-a19b-1a7fc3f0698b,Android
fbd43892-812c-437c-8e6b-3df985d75938,Android
1732e3ef-5d94-459d-9481-5aae66ef7aca,Android
7f304bd3-a60e-4c52-9c79-d16bdf22bb95,iOS
0fae642d-9b25-4181-b5a4-da33522a32c0,iOS
a7c67d4f-b24f-422d-8b42-c91e9d7492ed,Android
8a733dbd-52d6-4341-b518-6d9930fb3e37,iOS
191660e9-d363-4aee-a54a-9db66ce68414,Android
859a13f7-e7ea-4f39-82b5-148623c8afba,Android
f1820afa-fc8c-47b4-84d1-549acbcf8052,Android
cd68b40f-5373-4089-ba5b-090f9d9992ed,Android
12fc79a2-b278-42d9-87ba-1cf8b823deaf,iOS
cb39ba47-50d3-4c19-9864-66f6780a9a84,iOS
8f7c18b0-aed5-45bb-a6e0-ca096b9bd5cb,iOS
6726a9e6-c5c0-45ab-ba93-593d0c120d37,Android
e11ee685-bbe9-4419-99f8-d578074492d1,iOS
582bb893-05d1-421e-9ca1-d04ca2e609ec,iOS
6d4ca64b-40cd-4c23-a763-e9bc4b40a2df,Android
b995e29b-3906-4ac3-a555-6c4dfbee3282,Android
58c87958-8184-408a-ad50-c76e5c6d76fc,iOS
394e6036-ee01-4a5a-8232-0f31af6c2987,iOS
f1e50f29-8f5d-40a8-b0af-fceb88e4864c,Android
6ed7a056-a400-4cc2-bf77-fa4a941e3415,iOS
2cfd42f2-f17e-4d5c-bb0e-af3c2ecad302,iOS
f0609193-a7f6-41b9-875c-5b257721a499,iOS
0bbd4215-9d8f-4efa-8eb9-ba254a384c5a,Android
e5b27409-dd52-4275-8a9b-ebec48614199,iOS
54372ebc-03ad-4a01-b3db-affc8c57efd7,Android
445b5a8d-12bc-4034-bd39-2482c5204ad7,Android
9b422f7a-7315-4c4e-83c6-0f7327f812d5,Android
0db6f598-90df-4a8b-a0a6-d0a89a84d991,iOS
5a84ae7b-788e-49b2-8b3d-524234a99b36,Android
733f2575-a3d4-4b7b-b2c0-b037468f6b79,Android
ba45905f-3cb8-426d-a3c0-edb76f7c5a3a,Android
3521f532-3d55-4ddd-b9f8-2cf1b0756eca,Android
4ffd211e-5582-4582-81e9-9811aca74a65,Android
87d4d5d9-9943-4fc7-93a1-cea5e77f50bd,Android
21fcce53-af17-452a-a1b4-a6edef5ee109,Android
49dc933c-eb3b-446f-a53b-5f9835e60eca,Android
c3a942f2-113a-4c90-9445-a21a6bb2d528,iOS
019a2503-d5d4-489d-bb57-b130dc7eebb3,iOS
8637ee65-2165-4ab3-88f2-9f6dfa5210fd,iOS
8a6dfe44-2840-439c-970c-47564aae1bf6,Android
da47c65d-8fd7-477d-b77d-fdba0b08c85f,Android
1e77dc07-cca6-48d8-980a-52e8088cc7d4,Android
43a8fe8d-1a76-4fc0-8623-3ddf252cdca4,Android
9491e6d6-4891-4c56-b33f-a28e542ce9f0,Android
b0acacad-91ce-4b53-8f23-8c1176cc529b,Android
1d6f093f-8a23-420a-81bf-ceb402febdab,iOS
49069125-3aec-4273-8909-f9ba5d529911,Android
a6c5ca0c-e3ef-4da0-96b7-2407117f05aa,iOS
8d411926-0f09-42e3-8aa1-c2a7b88b2211,iOS
783e6046-5211-448c-9c86-66e4196c4e57,iOS
eb981111-57af-4fc1-8f3c-b6508bfe8402,iOS
591a171d-a112-4a5c-9a8a-0647eba7deea,Android
851fddb1-6ef7-4388-9468-e4136e60df90,Android
90ba90ba-c841-4e41-a111-128bace6d7e7,iOS
bd8dadfa-ac1f-4a22-86a7-1e852495c2ca,Android
e19954c3-bcfe-42ce-b6ba-347bf1ae20e0,Android
0d4e68e5-358d-4402-b5d1-2feffd02508a,iOS
50b6497c-b0db-40e9-81d6-19edcd043d69,Android
a3269f4e-46fb-4e09-abb9-b441a74250d5,iOS
10408bf4-9588-435b-a0c2-9810d09435cd,Android
64b81c3c-41a7-4436-8d19-c02b6f603450,Android
8162d3f6-8240-4be5-818b-d23fbcbc09e0,iOS
904069f8-f388-496e-9099-50438d2f91f4,iOS
9e598e17-8133-4cfd-a426-74d4d0096103,Android
18c864c0-f30f-4fd4-bdab-690a3cb36806,Android
66c54b9c-5a72-40e9-8138-61bf02191116,iOS
f294ab4c-1844-473b-9f4e-a8159b4c3b6d,Android
6053e3ab-2224-4c77-96e6-aa3bf1a9c826,Android
2c924555-ca89-4897-9847-8cddc16a2d86,Android
882fdfd4-4bcd-4197-86f9-04a4e8bbe95f,Android
f736f414-e48a-48cd-9714-dec0b25abe77,Android
f822199c-de61-443f-9e19-5148e5bbdae8,Android
b156d982-f3a3-4750-99c2-ea65342190ef,Android
5fc9244f-e358-4f84-b8c6-610a50ab2692,iOS
5973376a-10fe-4c10-86c2-96c0ccb128c1,iOS
86e1a52e-5fb9-4c5f-8843-ed8168f4ebfb,iOS
0bab09aa-fbf0-4a44-8598-f94256019ce0,Android
e0c51614-8978-43d5-9a57-341253a9cd57,Android
d2669271-703a-452c-9cad-4410ae26ac4e,iOS
f67f00dd-e5de-44af-90ea-5ca7777cbf41,Android
1cc2cd06-9df5-45d1-8c51-2a50899bae35,Android
e3e42883-0e11-4062-a8c1-956995079c7e,iOS
b22893e0-0192-40cb-acc7-1b80d0c8b739,Android
aaa5693d-ac7f-4092-8534-93fc1000beda,iOS
e477fe08-6b08-4cda-8add-0fa9d1904641,iOS
fee018f3-a5c2-4577-a30f-8f2e413019e9,Android
0db6d698-d517-4cd7-914f-5d016ad5cbc7,Android
2b951214-34a9-4d10-8cbf-1b23b052ff8f,iOS
8d80e6a7-d905-409a-8558-c094d3b71077,Android
20bd25ef-94de-462c-9eae-3edfdee00fb5,Android
98466d49-caaf-4c09-bb1a-6b5369e0f73f,iOS
76bc4707-3026-4d81-a98a-26e1b9bcd887,iOS
f7106f1c-4661-4cb7-9bd5-efec6a6c1f39,Android
73723fec-f447-430c-8dea-dbadf56570d4,iOS
44dc6dc6-aa44-4bd6-a184-b7a5ef6abd30,Android
7a464e1f-70f9-4646-b3ea-67e471dc2026,Android
cda6e0c9-279f-4fdf-9986-b4cad2a9b490,Android
a31dbf51-3182-4709-8c14-e78bf9251aed,iOS
5eb5188e-c9af-4eae-8c33-e8387cff130a,Android
8f2132c5-8fd4-45f9-9341-56a9f958f3a1,Android
ce8a5620-d4d3-4c05-86ec-9ec68d6f3841,iOS
f472a623-564a-4123-b4ec-133e7c3df768,iOS
a13c4cff-61b8-4daf-8004-110d923a3a3c,iOS
a095b2d0-2c7b-403f-8bb9-dbfe3e415f73,Android
b2980c64-a812-4f64-b76b-a4c44f1c6f7f,Android
defa34f3-086c-4b55-b234-4a4503afe119,iOS
8dfc7b1c-cd6b-4b63-a583-93068b142653,Android
ca76ab64-47b9-42e9-b8d9-7ef0e48309ee,iOS
d4fc0913-1430-4909-8b8c-4727efb8115a,Android
0c0eeaf5-94b1-48be-8e32-e41dca6380c1,iOS
cf1a3501-c08f-4bf5-b641-02302e30bc9d,Android
6c299504-a7cc-4a8c-85fd-c193fa754e4c,Android
a29b5eb3-d5b9-4265-8521-12694cad044c,Android
5be16409-d84f-4502-b1f2-ebafd8b55da9,iOS
d8cf62fa-a320-4176-b4d6-abb46a15c757,iOS
9e83f512-cbf9-4e6b-9e43-7458c5d1ffe4,Android
1ce566b7-62ae-408c-a28e-6c6d5f34fd08,iOS
33564223-eb98-42f4-99ca-35c902b9153f,iOS
a17db391-bf8b-45bf-8973-92ce7d4f89c3,iOS
6f61eeb9-9290-4cfe-a751-c3fb18f8f67b,Android
e3a6e793-ff6f-492c-b56f-2562fdedf838,Android
d0f95411-42fa-4445-a258-41dc533d7b93,Android
21b71729-6ea2-4bd5-91e0-f6f9bac8f635,iOS
d23291b7-774e-4496-a10c-ba73e5fb4a56,iOS
f57f24f0-927d-490a-a952-88862114606e,Android
8a309af3-b2a4-434e-b0af-f194b2ac05de,Android
09cebb5c-070f-4392-b2f8-5b2f6afac37c,iOS
923c8235-0116-47fd-a051-ca1add22f2de,Android
48250c2d-9b78-49de-a564-91032b39fe02,iOS
60f91a18-84c5-48d8-a5ba-d69b0d6b3c80,Android
a1565798-037a-4555-a792-d48e6d8efe96,iOS
5f514564-76dc-4078-a4ec-5be9ad1998ef,Android
81858d69-e864-40ee-a143-ac85f695e49e,Android
1589222d-6ba1-4fea-8d8a-4ddefc03ab23,Android
3a93b9fc-a3b4-468f-99ad-792b31e048bb,iOS
4ad47502-f4d7-47b4-9daa-1a1813e78583,Android
89484577-17a9-4c64-bf1e-521265b45c59,Android
4c522fe5-0e1a-4218-a7f6-79999327bd57,iOS
4beee170-7f28-45e2-b34d-09252467b671,Android
45923eab-2f9a-434b-8f4a-f07e63efd780,Android
25aad8e6-9b25-4877-8b8b-0cb43eddacce,Android
2edae8a8-b24e-431c-94e9-e5d83e74c291,Android
c05f5ae9-a68d-4cbd-82cc-425b0173c819,iOS
10a5b74e-9ec3-4f9c-b46e-355cc66bc8b9,Android
a752ee29-c5bd-446a-a760-754864b1c835,iOS
9bee431b-da25-420e-a684-4c48403d58d7,Android
0bb1604c-35ba-4b16-9309-61b0d2e21d19,Android
17bedab7-ebb7-4cee-8b1e-464149949a40,Android
70401ae1-9071-424c-bd14-a6c1c35d308d,iOS
a3512c7c-859b-4c81-9d6b-9da511cc5237,iOS
ac626da2-472f-406e-98e9-f5f1d79a2f61,Android
0902af53-1a55-46b7-81c7-691fe2d3c89c,Android
04d9ef18-e0f5-414f-b20c-2cd7979d2ad4,Android
71c22d00-480e-40b5-b8a6-3ebe9df706b8,Android
d867bd93-9a5e-4b2e-a620-ba5a1399cc1b,Android
ebc25cee-311f-40c2-891f-9d8dece6fadd,iOS
93cbd254-651d-475a-9412-78257db9ce5b,iOS
be85b607-f06b-4db6-8783-6458099092db,iOS
f6f86705-307e-4c2f-9a88-179b7be83674,iOS
8636b62a-b37b-4be0-be67-59de7acd1980,Android
7600d7ba-be9f-4c5b-a44c-a115386e1403,Android
676c9332-4c6c-4d03-aeb6-3438a29a283e,Android
eec7093e-7d57-4792-8938-84e32dbac602,iOS
c4d8d2f1-41fe-4015-84c0-d0c98b35de57,iOS
616e5bd4-5c8c-4a3e-86f1-e7cac9709d6d,iOS
4b9221e2-6d02-4749-ae52-3cfd1cf21f5f,iOS
b6ca7bb8-5401-4f45-8b38-2657558d8674,Android
e46d52c0-c050-43e9-9602-7835796ce63c,iOS
911987cb-8258-42e6-b60b-3cf894ede880,Android
9aa4c274-1f85-4b93-b763-75784cf84f22,iOS
47ef05cb-350a-4789-9884-5f15562e8388,Android
aa24bc40-bc0e-41b4-aae1-b48df6b96291,Android
39fd594b-319b-430e-86c8-80af9ef7d21d,iOS
f994ebc4-49f2-4792-93f9-8dad15877d8d,Android
1a5d6ee4-2f68-4712-a2df-3d1796eedd33,Android
2a0fa4c9-6250-4fab-b0eb-ff250843dcca,Android
1b8f9a1c-50b9-4a3a-b728-122118cd0d27,iOS
30648014-7a54-40bc-b74e-0d6cc3e65823,Android
f51ef9c5-90f0-4875-bd4c-cfc6e6df0c01,Android
bfe01fd6-66dd-4b81-a605-1fc5cb890b4d,Android
a9261985-c5a7-443c-96cf-121623185dab,Android
de183300-959e-4cf2-9390-6f37e7cd7eb0,Android
1e680ee5-7ed9-405a-bdff-58d323f63580,Android
3419c45c-25b9-4cf9-95f7-6c067177b614,Android
5c623e09-8ba8-4f95-800e-7cf60714a612,Android
b51fce2d-0290-4d57-8cbd-476387d1d573,Android
be76eb84-6514-49d1-b3d9-9a7b5af08fdd,Android
33abad72-6364-4c19-b9a6-ce2b65ca7974,Android
90f3317f-7fdf-4be7-92ff-a66104499fed,Android
a44c537a-8518-4f81-abb0-3747c612216d,iOS
07a880e7-1c48-4771-9255-539d2e6daf0d,Android
b4d2d0a5-32e9-4d9f-a568-d420bf2e1b3f,Android
d2845a98-09c6-44c1-b73e-6a2d9d876c58,Android
bbc495c2-a33d-4832-be07-f87d36dd6a44,Android
cf38c4b9-04e0-4573-b720-4089de7fc038,iOS
6cd20117-7089-4c26-a091-25e70116c774,Android
7a429d77-dd0e-4c5d-9295-af4da66789fb,iOS
f1d81ac3-b2a8-4169-8fa3-1ca06e281c0b,Android
ff0a9ac0-8f58-4fb6-86dd-8cb3481735a2,Android
e5d8d4c1-ff58-4011-be14-002dcba4604d,Android
487180bd-2bba-47d8-9246-f9fe1da225e8,iOS
5c71ce79-2802-4ea0-a1c8-14daf78f80ca,Android
8031712b-a0bb-44d5-8c79-fd367a462fc1,iOS
fe02ae41-7f8d-4005-a767-4c714d8d3ee8,iOS
2642ac5b-d220-48be-9de7-76731d795273,iOS
62901402-b756-4576-9b60-8d5d2cdbf9a5,iOS
e1dc1b54-09f8-434c-ac8d-32d2b8816259,Android
d9dd6a26-f24e-4bfb-9c04-c56e392c0e35,Android
99108642-1fd1-4561-940a-63102e8e22f7,iOS
5d1783df-f880-4d0a-9649-3341bcb34701,Android
78764897-f116-404e-bd55-cba38d982ffb,iOS
cd3da5ed-8605-4546-8bba-41670dfeac44,Android
b503c45f-b1f0-4605-8be3-20585eefc711,Android
819cfcdb-cfc1-4137-bbc1-136b4a622e66,Android
cd521f80-ba1f-435d-9d33-31b9e30c7e25,Android
01c6522a-0600-496b-8566-a3cdd5b080f4,Android
c666b283-766c-440d-b42c-0cd37b3f82c4,iOS
dc59f428-d253-4b8d-b7ab-a1ecce05d29a,Android
b8f448d2-7d58-42a8-a39c-734e5c4cb082,iOS
e92a578b-be08-4ef5-9b11-9503db6b3378,Android
f4dfeed4-b642-4794-89f8-ecd06bbf686a,Android
b8f65680-5854-49e1-a477-0e4e704126ce,Android
e5c2cd40-d171-4662-94fe-6bc5caaa48c4,iOS
3a8dea8f-467f-4792-a9e2-c1e8dba130fe,Android
0dc1a9e4-42a1-44ec-9d6f-9b59252b5126,iOS
d2e97f55-3504-489a-a807-61d4d8bc9212,Android
286269e1-8345-4091-9238-51a769c22bf4,iOS
415ae4d4-7133-4018-91f3-027da75df9a2,iOS
9b77afd1-7e63-46e6-ad65-ef2bc3929a9d,Android
3b87e0ae-1c6b-4206-989e-eb8231bcda15,Android
96621483-1de9-46a3-95be-f42c5013861f,iOS
857a3219-0d3e-476d-9cc6-e759156d145f,iOS
cbab79bc-7c06-4cb2-b4d9-06f3bc361cf4,Android
6c9d0c1a-f46c-4733-a45e-779567a8135c,Android
3846f26c-ca53-4f69-90f3-ebfb1bddb5fa,Android
782fbd8e-2e88-412c-857c-597a0f39da2d,iOS
d3895b30-b808-49bb-840f-fa0a274565b1,iOS
b5f52887-2059-4899-a1da-83adc33942d8,iOS
dfb9df2b-6d89-40a2-a0c1-37bdfafd58a1,iOS
dfd50ba9-4e10-46f1-8210-c0aa333cacbf,Android
243c1bd4-201c-4923-ac54-31215a8fab5e,Android
3b14a83f-b329-4852-8e68-b0188310f166,iOS
5d6f17c6-37ed-4f31-8d3e-0ed27bd16985,iOS
e84d8d26-765a-4678-8b03-f12e131e0693,iOS
a7f61e62-e867-484c-9434-75ecca823f45,Android
f1bf016c-d925-4057-8f70-a36955cff961,Android
e0dd1d90-9683-4f7e-aee2-02698b0b231b,iOS
49a29311-1f2b-47ca-99d7-b7debd05e2e3,iOS
b4b257fa-c0ea-415d-9e1e-1c6086ddb93a,Android
bcf0e89f-e1b7-4ab8-b9fc-10a97e32afeb,Android
33db3d1c-3871-4354-8871-075208189f1c,Android
a912b617-c45c-4cdf-94cf-1910b8c13a13,iOS
22939a57-3cd0-4f21-9929-2c18738d1b72,iOS
4634a35e-ee76-4a7f-a5b9-18fb9272c9a7,Android
fdede053-01ed-401b-8eb1-9dfedc6c850b,iOS
db66e163-7bee-47d6-9223-1261130dcdf0,iOS
fc7eaa10-8ba1-4166-b673-076865e11d6f,Android
dffbfe40-0f4c-463d-83d0-3673d5b74468,iOS
d5e84c99-6dda-4d2c-bf44-d8b061332665,Android
e51e7838-8ccf-41ab-ab72-e288da7177b2,iOS
7e00f5e0-058e-41b0-813b-f97766b35911,iOS
edb1b863-6cbb-4357-b8de-6f1ded35a536,Android
6115afe1-0799-4449-ad41-6882cb294e72,iOS
43ba8598-1867-4276-8341-d852fe5403a5,Android
05d5d7a8-ef0f-4c9b-8491-2b54dec905aa,Android
1ed1d137-dbe6-4bce-84b8-f58324451339,iOS
9a08b6e9-768e-4f5f-af00-f60e9cad1538,Android
fce6a772-7cf3-4245-902b-6e05981fc51f,iOS
e2cc7e6f-8ff0-4d49-9c9b-f9991f8302b0,Android
f1dce360-558b-4eb4-abaa-80a6f0e1cd69,iOS
65e105fd-50dd-45be-862a-d2cd164124e7,Android
045c1818-6c5a-42d6-b04d-54eed8f8db37,iOS
eab2c5ce-8be3-46a6-8f4d-832f7f273177,Android
bade6e89-9648-44dc-bd2f-ec737f316963,Android
d4e3ce98-246d-43f8-8515-bba75b7e9ee7,Android
a98d0b6a-74d4-4e15-ba1e-684f7a4e63ab,iOS
b210ef07-83e8-4179-9826-6b6314239130,iOS
7a3148ab-2d9b-49b8-8e13-459f6628f4ea,Android
776da6b6-f468-4618-8a36-86f51a169179,Android
3fa39d9b-15ce-40ba-8c0c-e614b4dd45da,iOS
6a512d77-8013-4bfd-b3c0-854e1c1307d6,Android
0eb591aa-1e71-457c-b02e-16023f53d40f,iOS
19300472-20ae-43c4-959f-b9271f2dbe56,Android
b467352b-5f67-48cb-bfc8-a73dfb9ff5c2,iOS
fd607b70-1d93-488d-acbe-040bca0f199c,iOS
9981ef2b-ae16-46a0-8d2e-31dceb90b344,Android
8df237ce-b0a4-4537-b0f8-3370e122e6bf,iOS
18799e65-f204-47a8-8a6d-f3f5a9e8dd44,Android
01cd16e0-3112-4eca-932f-68b20e6033d6,Android
aa98f846-04de-4657-9fd0-800e12a8392e,iOS
e0e99d9f-645e-4287-89cd-cf5fb4368bc9,iOS
a8138a54-8aea-44e1-afed-2136edc81399,Android
d08bfd07-cedf-4ec9-b6e1-8a2c679cd6b0,iOS
7819bc84-7fed-40d0-abda-08ba3c472198,Android
8836e41c-3184-4ec8-b1c3-2f26d6c1196b,Android
07c7397f-7b76-41c8-865b-af72e9bb95f5,Android
79ba9647-14a6-40b7-8984-542ccb93f7d0,iOS
8ec4f4e0-2dfd-4c25-ab46-baf1bdbef3dd,iOS
d6394996-8a53-426c-90cd-345033c93963,iOS
9747bdc6-4da8-420e-aa09-07b24be71b89,iOS
2e9d1068-b6ae-4164-a9b1-61c47aa32766,Android
7df87565-78ab-4baf-b6d9-4ca8ebfc3fd3,Android
6429bf02-1525-4b7a-941f-cbb1d80a1427,iOS
be6e0d15-6452-41dc-bcf3-fc7a2dd9c930,iOS
6e9e3254-490e-439c-9536-e3102e6e128d,iOS
b9cb19ae-049b-4615-945f-f72a10bf0941,Android
d2eb8ec0-10e7-46f3-9581-cf54624fae46,iOS
27e62374-77bd-4178-8f63-9be50a0ef976,Android
e558d8a3-4409-4fc9-9e01-32e80ed79c7d,iOS
6512e51f-59f6-41ea-9aca-379d4048c112,Android
ad7ab71d-7c00-4ac2-a3f4-92b059bdf134,Android
324f77f8-ee6e-4c67-884c-d87cb6f7bc6c,iOS
e93bfe11-9076-4ad2-a48b-7a857978d2e7,iOS
11f3466f-750d-4290-b62d-75159c778381,Android
1e2fffc9-7f54-4daa-b8d4-400d1d0b1926,iOS
5cd1ef82-5b5a-410e-89d0-3f0ce9c20062,Android
0c71f803-2eac-4a72-a9cd-a2413eb244b7,Android
b98f6d7c-5d8d-4851-ae27-999a35e29bbf,Android
88e9ac61-1582-4bcb-8cf6-76f913f0d40c,Android
834dba71-00c6-4240-a1c6-3ce97944e784,iOS
aba578af-2aa5-461c-95e1-5d4b18218872,iOS
ce62bc91-898d-4b55-8cc5-f704c8174dea,Android
f75e1c28-7cca-4a69-b349-9640309a1d45,iOS
04601ade-d5f4-4431-aaec-411f7f0974dc,Android
6d15169e-1280-4b9a-a18d-1e7511900ef0,iOS
5fd9a010-27e7-4b03-9afe-7fd25a68fd53,iOS
52c04317-bb8a-40c2-ac1b-012903912485,Android
a773b94f-d39a-4a51-9955-fe3126d36573,iOS
bdabd8ef-41e9-4d63-9a0d-da8f42675f28,Android
d13a7bd9-e5c8-42b6-bd98-ed8b6f4a1b10,Android
98caf15d-c18c-412e-a125-57921e1c844d,Android
51020336-3092-4d86-805e-019737e82b49,Android
93ef4369-abaa-4f34-8892-9a71eea6dea1,Android
0b9866cf-d932-4eda-81b2-4fe858992624,Android
c5b4c14d-291c-442a-86ba-37b04076fabb,iOS
da7e9130-592d-4b12-bd9d-bf68378595d3,Android
b7874eb9-dd61-43db-b95c-217b380c0e79,Android
21c3b647-bb4b-49c7-924c-d61403988b6e,Android
b3f40709-a216-4098-bab4-419476d1dce0,Android
e178b11a-398e-475c-848b-167f4770501e,iOS
e8354e86-d2aa-42f8-b8f2-855a6ad26665,Android
21449ae2-6db4-46a8-8c0f-ac3cd37fd0ef,Android
36d4d132-c5ca-4505-ad01-193c2f4add88,iOS
90d323f9-f9cb-4e77-a49b-93c1f0563760,Android
d7d3ec87-3809-4e3e-8bb9-e6a2c62338cc,Android
947b2bba-d17f-4d0f-b37c-33ce8e8ec233,Android
0652c8ce-bb45-40f7-8361-90c643c47816,Android
3447a33d-7369-457f-b0b6-55159227b08f,Android
f30decbe-35ed-4cac-8473-8d56ce1220d6,iOS
61f2a9e9-d4e8-4c1b-a551-a4327bfad64a,Android
1090a99e-acb1-4c1c-8dff-b658538492aa,iOS
aff2c5f4-9d3d-4f16-8612-1fa93e494f86,Android
fb1102db-9623-4154-af55-ade84f15d64f,Android
16d36f34-c11d-4ae5-80e0-5b6e602b83e5,iOS
fb794d58-fe97-44bb-a9d3-231b37087cda,iOS
89fc4890-4b0c-4b7c-acaa-5b8f3ef2f652,Android
72d31430-369c-4438-80d5-5b99824aa821,iOS
485e90ab-312e-4271-bb3b-9069b09b2bd9,Android
0869e73c-cbc2-41da-9012-92e589c46145,iOS
4260a3f8-c498-4df3-9bdc-7cf2660415c9,iOS
114ac7e1-294b-4210-baec-22de5eea2262,Android
8b8ef8cb-029d-4406-957c-02c7b70af97e,Android
c664abd7-0a4c-4afa-8963-687306931894,Android
936a7cdc-8e5e-4e20-8a8c-e264fd92af3b,iOS
a539c622-88ae-43a0-bd35-006e68467c0d,Android
c04c4a03-eb02-42e5-ae17-6aefb509992a,Android
fa1735b3-91a6-46e2-9cf5-265fec5c1e66,Android
99ae74b1-26ba-409f-b357-34ec6410634f,Android
530bed34-af59-41a9-86cb-934398830cc4,Android
38cf7c63-d8dd-4751-bbbe-5085419f801d,Android
93acae3f-2d8d-4005-8c99-3790750ddb18,iOS
c9e2d0d6-cf22-4c31-885b-7fdc0f7b752b,Android
61b150be-183b-4e2d-b422-0a9d16f8ea5e,iOS
0e2dc908-0e8d-4a94-976c-2b83752913a0,Android
2118b612-56aa-4e98-879e-5ab8a62a50b0,iOS
e8a4f7fd-9955-4520-abe5-b209d5782bcb,Android
cbbe98a1-c434-4901-91ea-e40dd10509cd,Android
a9b15e49-ae40-4ff0-bfa2-4573626bc67e,iOS
d9d4d3d3-4886-4ffa-a766-4ebd518e79bf,iOS
b456876a-9073-4937-aadb-a359cd0e7b26,iOS
9012f2ee-1585-472c-b52e-243d0e57133e,Android
3d0975e9-ff2b-4efe-9f24-520cbf988fe7,Android
b1c16047-9951-4020-9163-20aac44b4b43,iOS
1083fc5f-ea0b-47af-b28c-ff3015a8b9fa,Android
299fd9f2-9a63-4b1f-89c4-7c14e9115778,iOS
3e0dce86-13dd-410f-8440-11ce10261cd1,Android
9bfdc6e2-b135-4339-851b-c23a237a9702,Android
d582d368-2ded-47c0-a6aa-89dcdde4ef52,iOS
4abfbb35-bc63-4e9d-909e-b79379f8ce84,Android
e6c8f2ce-283e-4a34-b828-7be5813d39d5,iOS
53ff315f-df47-435a-85d7-69f5a953aec1,iOS
f74f4cef-88d8-4832-8fe6-20e3d850e7db,iOS
7559da36-309a-4765-bb09-465829330bec,iOS
185810ef-474b-4a78-9b26-f3fa143503b8,Android
7c6cf64d-cc62-4c72-a109-d57ff81b7b9f,Android
3555ccab-02bc-4239-9cb8-670e1d508879,Android
926e4561-0b47-465f-b1ca-cb565662b494,iOS
21629d43-ab8c-471e-99bb-d6b0b52c5939,iOS
fb82304b-7d53-4ae0-a49e-fae0000f6e37,Android
96e15a33-19ba-4036-af14-56a9a2153a10,Android
dfe09eff-2e9c-4411-8e7e-61d448f08d2f,iOS
d02efbd6-e579-40e8-aca1-7567ece40c86,Android
16ddb791-3a6d-4a66-93c0-480a088b826a,Android
999daebf-f39f-4807-aaf2-f31d3aabdd2c,Android
f69f0391-fabc-40b1-8e10-91a30cb14414,Android
1f605878-3541-4c7a-8fd5-4bdabdc88143,iOS
f9f9d00a-cb40-4d36-99bb-c1980255d341,iOS
41c4bb39-cd30-479b-bb47-c1b7107e0355,Android
46b906d9-6216-4ced-bea6-d749e1573741,iOS
797f1f55-1060-4bbf-bcdd-b309c3f10c57,Android
ecf48b7e-6460-4a51-aefa-538ccd165e22,Android
63412943-4b80-4989-a8e2-953b4c4a66bc,iOS
4ebd805c-22c2-4e8e-ad89-e7c04ec10410,Android
0948900e-1e7c-4828-bf93-b1b76f75a706,iOS
88b02068-ce39-42d8-b06b-be0477612648,Android
634cb293-b879-4c13-a76e-5c6ddf222940,Android
0e7c3d3f-4d86-4b10-8d42-a3b4a07ccb57,Android
53526e8a-0afe-40dc-b2b8-20b747ccdfc1,Android
848bed04-c82e-4060-b6a5-7716e4e8b76a,Android
dbb970d8-4452-4975-a601-65c4b2d421fa,Android
8c4c97d5-9d6c-4425-97db-20fb43bafe21,Android
e7034385-ccde-43f1-89d2-3b093efcc470,iOS
301a4580-087a-47d7-81c9-61549790c213,iOS
d368112e-0905-422f-a612-cb4654fe0e23,iOS
9598fba9-3096-47eb-88db-36a6c260662e,iOS
5eadc4b6-0e62-4bfc-88ec-79cc956c1ff9,Android
a74e9a61-cdb0-4f2a-ad36-fa9a91c4679f,Android
99c9362b-16f8-474e-9e64-885d793e08b9,Android
59fc778f-5c81-46c3-a1e5-8ba2e2704428,iOS
24b676b9-30a6-4df3-8a4a-67eab8fc2831,Android
42e2fd2f-4f0d-4b13-aa27-0d27e560b367,iOS
f35f6093-c3af-43be-970a-08fd0ed7863a,Android
c3db231b-fc26-48d1-b104-002ed8b54e04,Android
bc69fdae-b71f-4f6e-89d3-e7feb7a8ac85,iOS
726b56c0-5d8a-4716-b125-902b88edca57,iOS
5b911fa9-30cb-431c-aa95-b74785df8317,iOS
b6cde802-039e-4913-a6d9-26577efdf16d,Android
db7bb1ea-d165-42ea-94b3-38d8e0519940,Android
f06e3162-ad12-4d03-9632-c1f971b2ac95,Android
c06bf9e9-cde1-49ed-9856-be6bd069440c,iOS
55477d39-d01c-4a03-8ff0-a2ddc07c375f,Android
53867414-64ab-424b-92e3-e4de559898fa,Android
4980b156-063e-41d3-8d52-99270e8bf8cc,Android
77de21e2-b3ae-4862-bc21-785b846eed16,iOS
eeab1790-4ba1-4992-b8ba-972e59c01518,iOS
f4e803a9-814a-4d11-b581-b0fd2b2c6e5f,Android
908feedb-7172-4a64-bcfc-8b1ee499df3f,iOS
bc79d8b4-2136-4f64-b452-14414986f29d,iOS
f9a38efe-4acd-4034-9349-b6befcb699c2,iOS
2122c806-931b-4ce6-8e39-96d157af8283,Android
c3e44af2-fb6c-44a6-92ae-ac7fee15c616,Android
3503c1fb-f795-4d32-ab4c-6e2fb8c248ba,Android
978d71df-75ee-45df-9eac-23612b456528,Android
acd02035-cefc-4e7e-bd90-59e55819fced,Android
ebdd78c7-8ac1-4dc4-b059-ff251a50716b,iOS
cf2889d2-e9f3-4b5d-bf33-c64c2239b843,Android
ba8047e8-6da0-44db-9ca8-a364f2d1d67b,iOS
6efbc8a3-f2a3-47f5-800c-e4c4065764e2,Android
68e9442f-250c-4ddf-a95e-5664ff462379,iOS
95a5fb82-52bb-4617-8a95-4481a13f932a,iOS
4a078fd4-c21f-4f6b-9731-a8ec5070e58b,iOS
9021af23-b1b8-4505-83f6-6c6f1b353788,iOS
076f2dbe-7f34-4a7c-9256-6daab76cda95,iOS
1a1338fd-dc6f-4a8e-9f07-91ff9d855f5e,iOS
05519002-2876-4bc0-a3f9-d65b78bf83fa,Android
55a09d8e-cf19-4b53-b95d-b89f731384cb,Android
79143ba7-dc32-4953-894b-f19edcc17ae1,Android
86823e26-4175-4337-b56a-8354af26fb0b,Android
605806ce-2368-4969-947d-3d47af2dec39,Android
0967ca69-d36d-4046-908c-6461819f3d14,Android
fbfd8996-0b49-4c8c-995e-fefcd73e1956,Android
44352d8a-1893-4314-ae29-945503914d88,iOS
42426fcf-4f74-42fe-9d04-ca8e0321f33a,iOS
55ee07b1-6cbf-4a45-9b0b-25f52db7bd4a,Android
3ea52f84-e92c-44f0-bb68-6fee6802798d,Android
a437bb78-f78e-46c9-9557-1db0714f78f6,Android
6a2a3099-136b-467d-8019-9c7220da04dc,iOS
e044f4ad-c51a-4366-ab0f-2c3a9d221dfe,iOS
4ea72895-3b1d-44d3-9fe7-a26a2cc6c409,Android
4b4bbbc6-0bd7-49cc-8a91-f74fa279a364,iOS
a58853d3-d115-41ec-bd88-29b656579654,Android
a60258b9-928f-44c3-9d68-ae6c468fb803,Android
12149777-12a6-4c14-b81a-e9c740fcb4c6,Android
7cdcd8ef-d471-4c2b-a499-d9e811c7ed51,Android
a4cc2001-2705-41e5-9f53-abcb01dcf6d2,Android
ce7fae34-b81f-4afd-b6cc-ba320df4a01a,Android
cba2f4e1-c886-4c1b-a434-f2715dce928b,Android
fd0c13cc-6999-4df9-88df-5e6af4c199c5,Android
379ae745-7aa5-4c79-80e0-389e49733310,iOS
adda8ddf-2baa-46f3-a7e0-5ac95926a976,iOS
70d86813-47b6-468d-b988-5c7d1671dc00,iOS
19c34bd6-337e-4ee0-b5e4-b0c5a65a6f90,Android
8f28a3e1-a6d5-48c9-8b31-268cc673ad66,Android
fc2da2fb-0116-43d9-bae5-a4ccd4cce201,Android
5fd82e94-f24d-47fc-bc95-0706c0164786,iOS
01175630-9dd4-49cf-9346-d69c9d98d233,iOS
6bf9f966-b30f-47e7-b1d5-d7d81f156727,Android
f4c03d59-d2e3-420d-a70e-1625c705c2d0,iOS
e99ab077-a612-406d-bc90-665348161438,Android
89efd1ed-c598-450a-8d0b-d60ed031b42c,Android
9bb9e81b-9b49-42ff-8051-b551e3122281,Android
5acfa68d-a4dd-44fa-bf9b-c2af45bdb271,iOS
24b0881f-daf5-4d96-b153-4160d49fef5a,iOS
e4e60575-bab3-4acf-bd07-86b245a19184,iOS
798f62ec-0fc4-4e4e-85d2-77c306b40cef,Android
70060178-5c07-4634-ab51-791fcbfa3b26,Android
f30cdf9e-d961-4076-a622-4082e696f8e0,iOS
dfe3e8c7-0c4e-42b1-ba16-6839d5d44e1d,Android
96440e26-b493-4662-8ad8-9ff9035fa073,Android
3705583b-723a-4f66-ba15-afb79afa39b4,iOS
5903e9bc-c41a-4f8a-8bcc-ebdf67f01373,Android
946d8e5d-4aad-43ad-bb2a-970828513207,Android
4da56f69-2b8e-4771-92c9-5b77505cc359,iOS
448cc4cf-7467-4e1b-919c-f818df6105cc,iOS
6ad63647-a55b-479c-ac82-ba5eaa86203f,Android
e4402747-b703-4318-99af-a3224e3f2891,Android
c4b258cb-0e84-4e20-b363-22d96b3e36dc,Android
482aaee2-2aec-43a4-aef9-007e05dcfb0f,Android
bda6ea1b-62cd-403c-94bd-1ee17886f073,Android
ee07ba90-ca54-4e3e-85b9-935af91ae168,iOS
ff028c08-6fd5-4d17-ac13-93beb90319d7,Android
cddb62b1-a9a4-4e5e-8667-92452721ea46,Android
3979fb77-4f32-4dd8-8d7e-93b0473440ea,iOS
8afed69f-d1a3-4b78-9685-f4e66cbe3f5f,Android
0a3d6416-1ffd-42bc-95fc-f4920283fad0,Android
b7db7812-5dd7-4075-b675-fc83b36b439d,iOS
74600710-9a99-46c3-bf2a-ad7044e31a81,Android
649833e1-8d82-4f6e-b3ea-bc62cb305512,iOS
07d18d65-8bc3-4f96-be08-f5da3070bb33,iOS
6b4d9762-7e37-4c76-93b8-1bef63eafbb4,iOS
4382ff36-f706-480b-84a8-eda442704fcd,Android
654fb9e4-9d02-42a1-ad1c-7cdf0cbdc989,Android
26f657c0-cffd-4cd4-9983-fcca5ca4debc,iOS
d299ef9e-dce0-459e-a1e3-f1d25690a562,Android
d285cc12-6c83-4e23-9372-d42b59305c0f,iOS
bb67a097-d200-43e9-918e-069adcd58b52,Android
9af1dce6-5309-414c-9da2-e600c98e9b47,Android
2b997678-d2b7-4565-a75f-64e553851cb4,Android
7b772694-4ad2-4d61-94ed-5ab60a02e638,Android
265fa513-26e1-4f2a-a861-fa45c84396c7,iOS
733dc8c0-5415-4d68-8105-ebe3ca872077,iOS
b27bbf72-d4b0-48fb-a392-c053a54a6c85,Android
4e778869-13d9-4d25-9ef6-ab43c5a14ee3,Android
c3ac16fe-d1b9-4a42-9356-50e81f19b82c,iOS
020fe08f-f5e8-453a-9d74-cdac52745801,iOS
a43973d3-ca95-4094-8103-4da2b4b54ae5,iOS
021ce9e3-f826-4a91-8f78-4f4f6d55edbe,Android
63a4f267-28c4-4ac9-b2eb-29ea7c2ba8a9,iOS
3043d13e-df41-40fc-ae57-a729b689405c,Android
266dd3fd-c619-4280-a133-3236d0204b3b,Android
ad7d5549-79df-41f7-a94e-a2f4880d5a55,Android
75f1fe5d-d996-449a-a569-3accc66262ed,iOS
59360639-d1ca-495b-8ff1-a1fe9c2a12ae,Android
b21fc79f-54d8-447a-b531-87f547a62a30,iOS
801e4692-8575-402e-88fb-64626a799540,Android
9b4196a3-b37c-4e16-81af-3f920304aa9b,Android
51ff29a4-f87a-419e-a522-9c18b5922d0e,iOS
e07da72e-8816-412a-862a-742686a2f81c,Android
a91995fb-815e-431f-a466-ca853afc37de,Android
fff4e37f-4c90-4e2d-92e7-b6deb615d304,Android
1850c958-f221-4f30-920b-0915184ec5b1,iOS
4f4ec937-50bd-434b-aa45-055eabc0d04c,Android
f65f0d4c-4288-4328-92e4-6fe6fb85cf97,Android
0880032d-385b-47cd-8dc9-31d074625d9f,Android
0f29be42-44e2-44a1-9d4e-a63ab7bf1d86,Android
01f96605-c57c-47a2-a4e0-b888fe5c9113,iOS
f201bcf9-52d1-4954-b60a-9b3e90b7c2cd,Android
2395eb57-e348-49b5-b0dd-58c8bd7c4b07,Android
07e5c546-65e0-4a0a-b1ef-e46c8d075cf1,Android
69e0fe43-4ce2-46b5-871c-5b2cb6ad5012,Android
02d74192-692b-4189-83fc-04e0da27cb76,iOS
7d3f7295-76d3-4ea3-bb97-e7156d397997,iOS
98c00de7-83fa-4316-9696-cd1352fc6a2e,iOS
d03b9aac-b79d-47c8-8c8b-b984226f1cc6,iOS
0fea7320-eac1-424c-9952-184712f21ee8,Android
34386175-e13b-4931-8f3f-9f96d80b6bbc,iOS
15ca85a3-3db3-4ddf-aa3f-f368f381f676,iOS
668dacbc-976a-453c-a80e-c96e75e95883,Android
522bfff4-6d77-4fc1-b1d4-84e7a9c4f08e,Android
8a2a0966-f6d4-46b4-881d-0dfd00299b2d,Android
59692910-4878-4029-ab7e-1fbb3b805fe3,Android
ca997d3e-f80e-4535-84a5-d179a7532e04,iOS
6c12bde1-42d9-4c4f-9b02-6007f4115c26,Android
48b74d4e-432b-4d08-a18f-607bf3465fb4,Android
51ac1562-c1e8-460d-b74b-505ff482d43c,iOS
79faeb79-c6db-45a5-bce4-d693064572da,Android
7811c753-b9e6-42ea-a49c-ac873c92672a,Android
daa35ac5-be20-49fb-82c3-ccde2086d0b3,iOS
6a8a85a9-86d8-4f3b-a0b2-826f7e58b059,iOS
885add88-5d28-4f49-991d-0e8109490b89,iOS
471e7862-8d5c-4309-b8fd-c6935dc83ca9,iOS
5d944448-11fb-4777-8885-46a78a00b4e2,Android
a7ca2672-25f2-4181-a6ee-b43463a2e7e4,Android
2513c9d5-73ee-43dc-b6e9-f11fec320e01,iOS
fd6bfa92-99c3-43ba-a238-d135868d6d81,Android
41ecbdbe-206e-42f6-8ce1-0862847af480,Android
db67d4a4-bc28-4327-bd08-070352860413,Android
44d9c731-6298-4ad8-a631-825e11a8e8a8,Android
5e4eda0a-a2cb-4614-bbba-396d6a6a2870,iOS
aa2e58f0-98cd-4e45-8452-8faaf1c253e5,Android
19e58e0a-13db-4f9d-ace3-fd134b26ffa8,Android
bb7e8783-9609-4c66-8d4f-3d0a634c3aae,Android
472fd65b-c8ea-4a47-a81d-aec3ec8a0a46,Android
fd0b3a11-8bdd-4bf8-ad5a-2a07ad085cb2,iOS
3cbc8ffd-ec1d-4468-a429-f195de6bd276,Android
d7b9b62b-7944-4578-bfdd-068d19a40ae5,iOS
215ef739-0392-4593-bb4b-595484909963,Android
eaf78c28-f64f-4d9b-856f-34f71a06828e,Android
c4a2c31b-c338-4edb-b5e4-0922f7082596,iOS
6fef17ff-dc36-492e-b7c2-969dfbaa4a66,Android
b712ea6a-50ce-4f4c-b99d-5298bec8ee51,iOS
209dc8fb-c1b9-4ca5-b520-44a4cf8bb852,Android
cf53e64f-5111-474a-ac22-b6bdfe526564,Android
963f0e53-2dc7-4021-9505-308c8a612e8d,Android
f5df99f1-2487-4a66-a5e4-37bd22adba03,Android
e89e90a1-664d-444f-a1d3-fb68c1bfa51c,Android
e7e98d9c-ce00-43a9-af06-10dbe8b7ccd5,Android
ee26157f-6399-4bfe-801f-eb94fe86d1c0,Android
c0782ba2-e08a-4132-8024-a3a9209c3b66,Android
d7dabaa8-ff53-4b46-916a-0197c8b19a8a,iOS
86cd6ffa-5350-49bd-ae4b-80e8ba361132,Android
502cd6af-938a-496e-876d-85ea8da05731,iOS
803c6860-f0a3-4c3c-90d4-99ba94f41625,Android
5a2e1ce8-3c55-4c1b-bc3f-a2827d42beec,iOS
f7ca28c5-991a-461d-9936-2cecd6436526,iOS
30abab2f-5a83-4ad6-abdf-11b5c87cbdb0,Android
2f1f946b-b6e7-4d4f-b2ec-df50c76e1402,Android
ab5233c2-a5d4-481b-9bb6-b4d11d0d05e9,iOS
a7a7c43e-13fd-4ab7-80ea-97bf1ca413eb,iOS
1a727fa4-c289-4014-ab80-7e59857318ff,Android
2a7214a0-93a2-4f96-a904-7e8b49f2eef0,Android
c00cf14f-fedc-4bc9-a4d5-fa26714dbb65,iOS
dabd4ce0-e118-4bc8-8ee4-6c9a2f880d77,iOS
6696a0b3-21b8-48dd-b1d7-b5fd88d9cf9a,Android
bd6bb6dd-aec7-4a4f-b9ac-c2d3d4a99f12,iOS
a6248d27-7364-498e-b2f1-0ea2f7cc2a7c,Android
e7b7dfef-a234-497a-b580-911e17dc2dff,Android
6025bd1d-1ebc-4a65-83ea-58971c3f1cc0,Android
645165d8-2990-477f-b54f-2623c2f6f8fb,iOS
e8aefc0b-f599-460e-b33c-e2d570a2afb8,Android
a9435569-8a85-4fe0-a119-4dc11a4e4bda,Android
50d279f2-2dfd-4402-a873-24cf17ba5dff,Android
ddd80a05-1ed7-42cc-aafc-4832876ffda0,Android
71167a87-c638-4e9a-afab-e2e270fe4b44,Android
21b0a405-3fd7-460b-905c-c02d35a5f230,Android
89ec6aa6-0b22-4217-b4ac-58da3aa98bca,Android
d08563da-4150-42ff-af6f-e509654d3b54,Android
ad86b0bf-ea92-4187-8019-9d01b450fe1d,Android
92c8065d-f61a-4d2a-a4b1-ae6079bccca5,Android
d5f27b78-c3d9-47b9-8248-3b95c41747ed,iOS
4f0b9029-f7c9-4bb2-8465-b6f4c2e8a0d5,Android
dd310b96-355c-496f-beeb-a0a11dfdc183,Android
45f857c5-e7fc-4ed8-9c5a-21dd9a1c2b64,iOS
d9d98460-de4c-43d0-a796-f51d7074fe65,iOS
d11c49d2-2d96-424d-a6c7-e1fe7d351d8f,Android
f2e130d8-8754-4e7a-b66a-dc54618d0a84,Android
0969b08a-733d-49b5-b5e4-1d186e2234b1,Android
06140b36-0bf8-4b7a-b0e4-90df15748401,iOS
118a38cf-4614-4bb3-9aab-98ce70cbe510,Android
7999e7cd-71b7-495a-b70b-137969d6734a,iOS
fd7653d0-ef16-4780-b470-01e6b4f9824b,Android
24c1576f-0593-411a-bc6b-529ab371e95c,iOS
c0fdf76d-4b5f-4196-aa55-b33e23f27e30,iOS
222f75b5-e1c3-4e60-828d-aa79aa0b5ad2,iOS
adcab724-3a81-476b-a65e-c4abaa6a4e59,iOS
9594380b-2867-47c2-8015-60b522270562,iOS
38316921-9338-47dd-8ac7-66cc5b2eb95c,iOS
14224787-2b15-4122-8fd0-cd9f20ca117a,Android
90c164aa-1b87-4d70-b651-202e34dc643f,Android
4fedb503-ee17-4af2-b84a-a85fdaeed41b,iOS
20a9bb0f-fc2d-4526-9c68-0484f37d104c,Android
c6a4606f-4e96-488c-82bd-d347c1fc95d0,iOS
ffedc253-c559-4cfd-b345-23431545655f,Android
80e45500-7a40-4f3c-9e62-88f0cc1b52ae,iOS
2c228b8f-d549-4358-9064-9bcb3318166d,iOS
024fb9e1-8318-43b4-a356-13c1cf82cf2f,Android
1f2ceb83-7551-43e1-a17d-d806424219b8,Android
2a93cb4e-3372-416f-9696-86336607822a,Android
e30d628d-7750-4eee-aee3-e1a43325c8e0,Android
d64037a9-c4f7-4cab-885b-16c6a63dd304,Android
e9aabdfc-6320-48e5-a89d-dad87d13acf2,iOS
289878e2-f1da-4b5e-8a13-59daf537d307,iOS
f289041d-dcd8-4339-a9bc-20db4ebf9408,iOS
3f1201cb-5c17-4386-bf0d-2d618497f074,iOS
1ffd3948-7d56-49bc-a992-6773aec63cba,Android
c94289fc-9ab4-4996-84f5-9b1e9651de7a,Android
cb59a94e-d514-490a-a7a1-6061930bfb12,iOS
534cf0ab-a105-41c4-90cf-2ebb5a78e9c4,Android
7abeb468-635e-49fc-8873-f25e85a9cbf6,Android
cd2b4d58-0997-4691-b836-77522405a457,iOS
8885cf64-d617-4b9a-ae68-789cf176a33f,iOS
244a7b40-cfa0-4d77-b730-b7f7ed57f41b,iOS
112e33e9-9a0e-43f9-93ed-3a43d32fc9ed,iOS
9a0e50e4-3d37-47ab-8562-e6185f29ddf4,iOS
97d22971-038b-4af1-8945-6f221b907e7a,Android
bec07047-12d7-482a-ac70-33c4ebf6947f,iOS
e2edc7ee-06a7-40b1-92f1-3baad9b70b51,iOS
412101b0-1fd6-4e1a-a9cd-a53b393a87ab,Android
8ac4fbea-9061-47c3-8711-a9db8c28f265,Android
07765a0a-c162-4740-a7ed-91ecf4490427,Android
254a47ec-c360-4bf3-b4b9-ea4bb94902e3,iOS
ce6a7cb2-4302-4984-886e-b47d02bbbfc6,iOS
2b3e723d-39a4-4719-8bec-76f8adfa60e6,Android
3d83fca0-56f3-4723-a619-27e4c51190c6,iOS
bfe1aa1c-a8ac-4dd7-9ed3-01ee57224e35,iOS
bcf3abe4-ac3b-4ded-8544-ad020d43b0aa,Android
7803f2f4-73b2-40e1-a0b1-398edbeaf663,Android
9e9a8d2f-d6b8-402c-b28b-66e5c7e17575,Android
a57d3a29-13a3-47b4-8d05-567988cec49c,Android
d4c080a5-3df9-4644-94a1-e816285d567f,Android
aac209a1-4fcc-43cf-85d6-76972bc95eb0,iOS
8bbab896-0315-48f0-b16d-f5ea8ec2fb17,iOS
0a17b3c8-4bf7-4baa-9622-806bdb7413a5,iOS
46ceed54-adf7-4568-bda4-2f8817e710c7,iOS
d0572677-83c2-4799-88ce-7dada2c95bbe,Android
3caafbe7-7487-4bd0-8c34-4d1cefd73b41,Android
538107f7-834b-4b06-8b74-f2f29d98ef59,Android
8a3f8f9a-abfb-4c48-976d-1f27afad8ab5,iOS
ed1030e4-eaba-4efa-a6d9-783c93e68458,iOS
a257a682-8663-48ac-93cc-51984e920e0c,iOS
99d6428e-96f7-4434-8506-e3f2e99dfb55,iOS
6aeb3dc2-e2fe-4251-aba8-7ac3d90671eb,iOS
9be03c30-5110-4285-abe6-8e9cc1c46b25,Android
e6bbc4e0-cd7f-439a-9d00-99c81180e9da,Android
0a1b98ec-3cfa-4be1-aca9-6cb0ff83a908,Android
b6e6a075-1538-4a57-a91a-c7ff14748ff3,Android
9d51333f-990f-476f-ae6f-5915c88ca9ba,Android
1e3210f1-ffa9-4d00-aca8-73b558a1db18,iOS
04921d71-5ca9-4bb3-9b7c-6f38f764a490,iOS
80f41c6e-8dcf-4752-a289-0010fc11ccf8,iOS
1ab9af97-a6d0-48ed-a003-cf2a0ff2ab33,Android
ead22204-e1a9-456d-a1f9-1db59ad2a523,Android
9c23dd1a-07a9-470e-b5b5-5edf57e26ccb,iOS
ed300ad2-a45f-417d-b669-5ce6ddada845,Android
51e313df-fc3c-4ab1-a1d4-bed8d7b00537,Android
3da42d35-a1c1-44ce-8be2-6492d33641c0,iOS
7e9ecd3f-6f09-4fa3-bb70-0464295b2efa,iOS
7e66c8b1-a6cb-43c8-83e1-c37493b3ff04,Android
f1e00558-e636-409f-add4-b2d0a04421ef,Android
84086021-1f42-49a0-8c43-a8f36cb4ad8c,iOS
44347b99-f138-4f37-b931-02c3c08c0721,Android
5bb7454d-824a-4f0c-9ccb-b2b8d61c18a6,iOS
4d414303-d398-4369-ba2a-2493ac489422,Android
23ca4b86-06cd-45b8-9219-d7d809b7127d,Android
cd832a27-4ae8-45c3-86f3-91d4bdde9b35,Android
1c5d38c8-632b-4fa1-ac03-3ba49e4a62db,Android
77ef5e4f-b6b9-42eb-85f3-eabc82e9c1a4,Android
acf599ca-2430-4f22-85c3-f9cf31622903,Android
f9432daa-42ee-40ea-8e4a-4900aa7b9d22,iOS
44decc9d-7bda-4323-a3ec-7da4c326940d,Android
ab3cc95e-54b8-4eb9-b5bf-9c860399658c,iOS
da775cb9-5df1-4b1f-a627-13c55f1c9172,Android
38de7cb9-f9d0-41fd-9672-e9b8bc6caa98,Android
5959df4a-c05b-4b86-a53c-40084fbd66da,Android
d686c2ce-af16-4c76-8363-501023caddfe,Android
2e12262c-ef5d-48ba-ba20-11aadb0f6c15,Android
3b5c2fa7-6074-4e12-8017-b7d7c9d7a630,iOS
d432e558-55ff-471f-a2ae-e1385ef96249,Android
fc8b69d0-5c41-4ef4-9c54-8a744b15dbff,iOS
5c355d30-f65f-4b90-9092-32de69f4a997,iOS
3c037923-1c88-44f7-a691-f0fe3e37d4f8,iOS
469ce564-beba-4285-9065-73d0fc853092,Android
4c9a52f2-279e-440d-993e-21c86e5de3a6,Android
9f2349bc-c0b0-4c4c-8196-e76d647c1dc8,Android
e44351dc-cbab-4fe1-a474-d40af895f1cd,Android
cbd68c11-28ff-44b7-988e-1f4ff6486d9d,iOS
97ed9fa4-625f-4da9-8a0b-d3fa22d18f0e,iOS
9dcbd959-0c9f-4521-b10b-89fe48feb043,Android
790722c1-b972-4943-898a-7e479bd79bc4,Android
7ea4c8cb-ac1a-4532-8fb6-56414a7067ed,Android
b1f5342d-9b69-46b0-bd52-06e48d27eb2e,iOS
4650f871-8e61-4a13-81a1-ebe02bd1fd91,Android
4f6fa0ef-57db-4b67-8475-7c5f91465d89,Android
c0c2f76d-82f4-40d6-8365-2aeed1f7d8d6,iOS
376a2223-8a67-46c1-a793-dd1e14b85774,Android
cba70f3a-c28a-4596-a378-2946e3ad0622,Android
d3192d8c-e1b0-498e-b9e4-2bbca4893db9,Android
37558aac-8641-42f7-8e1e-8a4bd9e65edd,iOS
13e0ee39-49f8-4353-be14-5078bb8aa6c0,Android
88fc6c2c-b5e2-489b-a6ee-c2b3cb40f568,iOS
67a6c58d-5a5a-4a6c-8066-60355c33fbe3,iOS
6a75deb2-4722-4f1e-935b-b05037017737,Android
03e305cd-1263-4129-a413-ca80ad14abfa,Android
4b2d6743-290a-4f61-b66a-c24abe157295,iOS
d6ebad26-b1a7-4569-af5b-d6fb8f273b19,Android
f40f2915-4f78-4354-9062-18cfca1cf309,Android
5e0b7158-b1a0-4e62-bee6-e2b09dd0bdb9,Android
17b0e69f-64a0-4e6e-8e50-35937193206b,Android
d9bb6887-c430-46e1-97b4-d70c7ba60852,Android
803b0798-487e-43ca-b020-18e5072b2c81,Android
ca6811f2-d427-40d4-a97a-b900a316a3bf,iOS
15f1afdc-b8c1-4e5f-a0a6-3ffb19920c49,iOS
54cde15f-722f-4666-b7ba-a9cc9a053540,Android
e7960af9-056b-4fd4-9bce-7da057401ab8,Android
3877a474-c753-4f78-8933-9472ac64afd1,Android
52754f50-f59d-4a49-8653-8bb9a7e80b01,iOS
c773ba20-2dce-400e-b3c1-1dd15cc7f920,iOS
fe2b420e-e319-4a16-bf98-0f00d5b52210,Android
2d60e744-4037-4f00-a192-868a8f103da0,iOS
6417142d-9607-48d6-b423-25ee26581480,Android
00f727fc-ac35-4450-8586-40e7350cfa49,iOS
7f4d883a-dc06-4e56-ad01-91c9d79f0a62,Android
87c9f8e6-44cc-4ea4-94b9-30e7e6de672e,Android
71ccb60c-2fec-4aa7-8a35-9bf81144060d,iOS
44629a85-3230-442d-bd3a-51e3e57baf13,Android
500c773e-b6ee-4814-b004-90f3b94857e0,iOS
6803d1fe-d95a-4013-a277-1e69188becb2,Android
ce53f8ee-26ae-4b13-9080-7fce2af37024,Android
af7f5479-db57-4750-a117-908261608f42,Android
0da1452b-8183-470f-833c-c5a6c650df97,Android
c298f57e-4d22-4536-ac35-f0dabbe79194,Android
106f7c52-f5c8-4f52-aeff-1a7fb7386372,iOS
64111e00-5c50-49e3-ab69-1aea5667e3cf,iOS
6e5288a8-f56c-43e9-9dd4-586abd8e03d5,Android
17d99b6f-9610-4405-8433-3402602c7018,Android
68dfb19a-7761-4c03-b221-e9d08ac9477e,Android
166b93e9-42a2-4991-8bbb-4cb0e7e4cebb,Android
9c416caf-76a2-47d1-96ff-c43e6c05c55c,Android
55cc2467-3fc1-4d23-8669-99b2a3e16d21,Android
71523517-1d16-4841-9e51-dd1dfcd086a7,Android
b9b2c2f2-30fc-470f-add3-f9317fe5fe48,Android
6a62b2fc-d430-4669-81b7-69e4e4076101,Android
798a62b7-5f42-4597-af03-1243e437511c,iOS
d3b6ccc9-f125-42a7-b9fb-f3507b5588e4,iOS
ad2e0127-87e6-4ed9-8d44-fd66a7b23f70,iOS
2ec30757-e43f-4b27-a810-5c2c7337cd02,iOS
872482b8-c5a2-48ed-abbd-cd512bd2a1e1,iOS
034f89bf-b128-4c7c-a93f-884a6cd32705,Android
514a67d8-76aa-45f8-b11d-526776248367,Android
5867d0d9-1460-4561-a4de-15ec3e89a296,Android
14999505-4032-4c36-9fc5-7e5a3c49591a,Android
dcf0fb8d-cf67-4e4c-b6aa-1e24d6301b09,iOS
89b7950d-5f82-4c09-955f-992a3ce228b2,iOS
cf8fc297-ba7c-47eb-be7a-1e5ab400598c,iOS
477258e2-c5a0-455b-8904-7c63760855cb,Android
59214deb-2135-43ef-9284-0f5264728b69,iOS
4bb73628-156c-4baf-9527-e9da4a595ec1,iOS
ebc6c3e6-076f-44e0-baea-c2913109b05e,Android
72cab069-e475-4e85-9b46-e2abf7c2e233,Android
074cd314-e2d8-46d6-bd7c-529cdb0c2be9,iOS
0c203850-5494-4b87-a047-e86ecbba4f47,Android
0078c56a-7c39-4bc2-8876-3e89b9248650,Android
2d013e75-fd90-4bae-b020-13cc8398f324,Android
1799db81-b498-4fb2-bab9-3ab31dc3461e,Android
c029320c-66ea-491d-9b49-42ea36375f9a,iOS
a56238ae-db9a-4341-a091-f6fbe41550c9,iOS
a264c223-f32e-4086-96e9-95e7d20e6be9,Android
150a8679-3fc5-459d-927c-98012a2b156f,Android
3282c864-75ba-416d-a5d7-d2989e4300dc,Android
793af008-2eec-4811-a079-c76e92d78237,Android
5d11d114-1c2c-46e1-9d3f-75ac26b80a61,Android
8448979c-ba40-4848-8b15-fa18cf55312a,Android
3268e943-2d4f-49d4-8dff-abe624f5e078,Android
c6c23371-16a4-45b3-bdc8-a854596cbca5,Android
1fd246aa-61a4-4e19-8dc9-846b17684273,iOS
1ced67fc-40a5-453b-bad7-1f7a3ed5b1dd,Android
ba27a475-722e-49b8-9ac8-5c3d85c3e613,iOS
30843ecd-c698-4370-8e55-094364877f6c,iOS
5a109d5e-0ff4-4708-a85f-f32adeaa55a9,Android
53c034db-02d1-4dbe-92be-941f47512710,iOS
b1858061-d57b-4d15-b017-ba3470bc1d59,iOS
42be09d8-4d87-413c-8b58-78f23ec30ffc,iOS
c4bd1cb4-9675-4a67-b4ff-ce01c4ae48fa,Android
c879ea3c-580c-470f-9146-c4439d821d08,Android
cdb28332-94b5-4437-8d70-8da6017adfaa,Android
2a1f6cbe-86b0-44ad-ad3f-3d2a7a2f9e36,iOS
6cbb26e8-affc-49ad-8e20-32dd8e6ee99e,Android
3a844e7f-2745-4d37-b5d8-d242bd5798ac,Android
7b80a723-0e75-4dfa-b55f-9fcdd14019cc,iOS
340e4d58-d9b2-4762-953b-9d8b3af7eca1,Android
9a8556ce-3169-4bde-b826-06888df1db05,iOS
0e56f2a7-b21c-4ae2-a481-5541b1f38f93,Android
b09777ea-b68a-48b9-82d6-bd6e69963452,Android
24dc55f4-d69c-4d81-9bb1-3b9ab3284829,Android
29de86f9-f064-4090-8a51-a9d62fdc516a,iOS
8e03d752-bc20-4489-b646-8bd78e5026cd,Android
6f0a1acc-fd5d-4c84-815b-b84466daf1d0,Android
3a8c862d-a757-4c44-a6b3-5d157b94967e,Android
dbb9f282-1440-41a9-a895-d46520f7019d,Android
4fe8429b-effa-4ebc-a52e-245c4072030c,iOS
98fddc02-1c2a-4753-acdc-9130889709a7,iOS
d5369ea6-9d5d-4163-8fb3-759d23871dbf,Android
4c63d71c-630e-4c50-b874-72e83780d0c4,Android
b356700d-b0c1-482e-8f24-7da3c8c0fbac,Android
a83656b1-9490-40ef-8572-f54271231d8f,iOS
a21e1cb5-8365-4057-b3cf-8f0bd5c2d45e,Android
2e888637-616c-4a48-8018-94386ab2ab3c,iOS
c690a248-8389-4aa5-9629-df45502b9bdc,Android
269b9f03-a029-455a-96b4-3a57f9c18877,Android
de0807e3-5461-419f-abfe-8db1b1069fad,Android
1b7d7d5e-65e5-4dad-9d57-d090bb959d76,iOS
20bbaf3d-aef0-4823-86ca-c4952c38799b,Android
d320b57a-f01f-4ca8-a607-077342132600,iOS
2a4a7a7f-67e4-4d07-b5ef-3282fc306ce5,iOS
71a9b964-7ef1-49fc-a370-057aa65bd9a7,Android
5dfe24db-f5d5-44fe-9591-cf3337fd298b,Android
3dd7cd5c-f75b-4959-bb97-b39001bd63e6,iOS
fb9c5480-f058-4cf1-a29b-3f4444c68705,Android
dad35f5b-093f-438d-8eb2-d8e5fac82358,Android
0eafb2c4-a7c0-4890-b55c-09979380dca0,Android
c97764e4-64d8-4e24-8c43-aefbb2ec9a2a,iOS
55496036-3e10-4387-9b8e-d10fe1d24e55,Android
7ab5ec54-6a56-4ff4-8dea-9512294c9f1f,iOS
d6c8f45f-a2f3-49e3-b73c-b10da6996403,iOS
790176d0-27bc-451d-967b-e2a784bba460,iOS
42ab755f-dfab-4be9-bef5-989b48bc898a,Android
8efc8ffb-d93f-4ea4-aca9-2d9809667856,iOS
19a9ba74-9b49-4138-8119-5daec2dcbf20,iOS
85f48d3a-4c94-408d-ba1e-9a08e18f9906,iOS
7bbf347d-84d1-4122-b670-40440a2a65cb,Android
bd4bbf25-7512-4fac-b17f-852238aa175b,Android
a1171563-f71b-40a4-930f-0d9d8ae986ef,iOS
36fcd78b-5c32-4049-8e3f-be4bb696569d,Android
6f33d7bb-2d25-4581-a5b6-b9ea88136b55,Android
7bd26b10-31c9-46e0-90de-f63aff9bb276,Android
6bffa799-3d76-4a25-af96-07939a53a7e8,iOS
0e0e1efd-31d5-4b5e-9125-a36b19ad32e7,Android
2c4ab368-beb3-490d-a279-0e64e3a88eaa,Android
0b2c5865-a720-41bb-b5d8-b14b38c25089,Android
29920b1d-7e65-464c-8636-32c60c2f2bf3,iOS
d0e28d47-fcf0-4c5a-b178-a640545c002a,Android
880ba888-2101-4ede-aac7-5cacd4e4527b,Android
7c708d6e-f3d2-4e15-944e-30ec00d56efe,Android
d093c964-2b32-4930-8a1d-343e1fa2e450,iOS
3d14b79b-1913-444f-b7b9-47117081c591,iOS
a87e71e9-e9cf-4cd5-8517-043c92e2e2b9,Android
4a0d6432-2d7c-4a52-ac53-5a1178080ea7,Android
7bb9f6d8-123b-47f9-a30c-38ed4de7703c,iOS
4a2e91c4-df62-4a95-a171-b26e6b313183,Android
1d1b694e-ffa3-40bf-904c-4410db5ffda6,iOS
16af0fe9-ddb6-4f1b-a1fa-6d177dd64884,Android
a6b818e3-3be4-4fbf-8044-2420943226f2,Android
050c1ff5-21d1-4547-a390-abba7377e11e,Android
a32709e3-036e-443d-8df1-5fbf2dda28ba,Android
a4ac539f-1115-4889-b37b-8ea3843cf17c,iOS
61a79e52-6714-45c3-9345-8b93dc59d01e,Android
735d5a05-51ea-473c-86bf-2c84bf797a70,iOS
a9061d4e-8c83-4165-af84-ff43e9ca5350,Android
bf20210c-f31b-4a5c-ba85-82d21c8d1ad4,Android
5378d70f-d7b3-4c14-9791-c9f1b5fd03f7,Android
2626eba9-da68-449a-b7dd-6403727e0774,iOS
92598562-f498-448f-a21f-87d77d21b15d,Android
7467b5cd-17a0-450f-848d-ba5023cf05d8,iOS
a1a4000b-c62f-438c-b520-3b09794e5358,iOS
99664d04-ab22-406b-965d-d05aa5b430e3,Android
ca4f4b63-a6e3-45ef-b2e9-168ab784f376,Android
b07a9f72-7d51-441b-b28e-9ea77a55e314,Android
b60c503d-02ee-48d9-b532-bf7273a9a64a,iOS
bbf72914-7628-4cb2-8396-fddc2b1aee8d,iOS
963043be-0abe-418c-9de3-d018e500050d,Android
ee8426e9-e56b-45eb-9557-a62e47408590,Android
6fb3969e-78ab-40ed-bf1b-d27f3082bfbb,iOS
55ab240f-2424-4636-8896-b6968b84645f,Android
a008a5fe-eaa9-4ed4-829e-3290eea244a6,Android
981c69f6-27a0-40eb-8946-ff731d8ae57a,Android
a7e9d42f-d25a-44d8-a0f7-64af3ff204e3,Android
b28e6cf1-f3b7-4d50-885f-9f8f609c93b6,Android
66d5d1e5-a0ae-4476-ac91-d95cc1599078,Android
3a990715-c6ab-484f-a46d-91bedfdf2505,Android
67804e5d-8cf5-417d-a384-96da23840ff6,iOS
b6587640-de1d-4762-8bf7-d0f191aace7e,Android
9ba7b5f3-411a-4374-b336-9d86eb0cf1bb,Android
ce57eb55-8c30-4057-9939-68ccea52259d,Android
6435e9db-f378-4547-9b8b-cdd6538c7fa5,iOS
ceed3b79-cc26-4b0a-828c-13a738788c0f,Android
fc4c663b-d7ad-4bf6-942c-2037179e3e62,Android
16d60f60-cc18-41c8-abd2-e063e8b31433,iOS
b3715046-1aac-4069-99c8-6be0e0ca0724,Android
56031481-056a-4651-9868-0439e173efb7,Android
aec46b8c-c9f8-4816-859d-d4848e8c5955,iOS
31c5c2aa-c4fc-40d1-9ac4-aed2f274462f,Android
7d80948c-19f5-48a7-acb9-a56293565516,Android
21e37627-3e82-4d42-b76c-fedef142614f,Android
207c00b9-21b8-43b0-8d04-32749f44764a,iOS
fdd30e19-06b9-4a01-9e61-201ffe76ce76,iOS
63fd85c9-c8f6-4423-a532-4365f3c3b7b2,Android
d4873a11-5175-491f-b227-cfb7b9aee577,iOS
54927ccf-9179-4e3d-aaba-16efcf0667e2,Android
e8ea136c-2c0e-40bb-a134-26a78616c444,iOS
cae50e16-e4da-453c-81ba-d164df1ca262,iOS
5b9bbf1e-0960-42fd-a178-61a65df694ba,iOS
d9a73ace-1c22-4e90-be25-d566b882d8f5,Android
5c23db75-e47f-4216-9bc2-f6d4a460c2c0,Android
fa4f530a-9995-43d9-9521-f8fe6d9866cf,iOS
f279bd6c-0dab-42eb-b067-41ac63300faf,iOS
8ba051d3-a406-40af-8109-7dd1f72ba157,iOS
5302556e-e16b-4862-bd81-943f62dfcdd3,Android
d7eacf43-c2bf-435c-b0c2-128116fdef36,Android
ab3eb77d-6c0f-4739-ba5c-96260f5316d4,Android
8283bd9e-c614-4b7a-ab6e-2d2ea0b1eb3f,Android
88f79443-3ac3-4e3e-9288-2e72e44fa97c,Android
f654b96b-adb8-4b4e-b4a0-90b4b01d3291,iOS
8acdf566-1d37-491d-b98b-4e40195dcaaa,Android
05a5f84b-c12f-4090-a307-ce25793f0e41,iOS
4ceeacb5-eecf-4269-9691-a1488140f972,iOS
839ea4bc-ba5a-4058-9fb1-8918120b0b05,Android
dd2ecf4b-0943-4df7-a851-a6ecfff1913c,Android
22268ada-8302-4de0-8945-0775b13c33e9,Android
e0f2f181-0654-4539-b5cf-14cd96d56ee2,Android
f46f64c3-a3ce-4637-9ec1-8654a8dbaddc,Android
cb111828-6320-4d8d-9415-8faf58ef86fc,iOS
0bec81d6-143e-4264-9def-c70c051795de,Android
fee85a3c-9f8c-4507-8ce3-8b32a82cc02f,Android
6e9ed89e-a777-4e20-9d01-2c9f2b550a85,Android
7f8cef02-c056-4dc9-9336-bcd51c2221b0,Android
98fd06c9-9952-4732-bfb1-d701ee011bd9,iOS
c0afa74c-54bb-4af8-9e95-b5b01c220eac,Android
4f254d41-2b12-4b1a-8d07-772c02a50948,Android
cf10e4ff-59ac-486e-b5a7-70a1297c4c84,iOS
b7279f00-4ae2-404d-9baf-8f9e12eea559,Android
53f8fa32-16e0-4057-8e07-3d85da7fb305,Android
d7a876a8-0519-4189-8c0c-d558bdf206ae,Android
8251b94d-a278-459e-910d-30411382572b,Android
e9b97abc-f07c-4ccc-a5d9-d85af38d8942,iOS
1320ed95-dbc2-4c4d-9fbb-39c9caee2a64,iOS
25d405bf-ea2a-4b21-b538-eb61932772ad,iOS
90c2894b-5a93-45c9-b98b-1e02b6932ecf,Android
e8b31a6f-f011-4fad-b681-e3cafd640b0b,iOS
a1a66e06-9c9e-45df-a540-b2ef7e0ac31d,iOS
a0c224ad-8819-46d4-a670-b8df158aeb7c,Android
065ec5c2-5232-4810-a4f9-a2cd0d973af7,Android
28120036-f056-4d94-8be3-259f51ca78ab,Android
f7361504-22dd-4368-b62b-aec2f389d3c9,iOS
1bf3a913-7513-455a-998e-faac4c701247,iOS
bbb5a9d9-6da0-4157-94fa-81e57b8d74d2,iOS
67e8ed99-6244-49fa-82a9-e2babbc9e44d,Android
a5844bb8-6b3b-4b0b-afe2-3b61933dd707,Android
d6d736fe-a481-4ec2-9ee1-1776c7e50c0d,Android
913ad217-857c-4da8-9a0f-888ba5d44e30,iOS
2280df49-3527-47cd-877b-0d14500b0a82,Android
8284f996-3d7b-452d-ab32-995ad250e505,iOS
d3be08a2-007b-4f63-a445-eebf94d2280c,iOS
a675d422-082d-4432-852b-4e5b0bbdba21,Android
c21b9387-2284-49f7-8931-ded2420839e2,Android
a7b93a9c-e87c-4dd1-8cf0-552663433dfa,iOS
f6e77f50-2db6-475d-9e2c-f3d38d9e0878,iOS
de615e2d-be87-4365-a01e-b578bf8301bd,Android
8971921f-6123-48d2-a1f9-a33f25d008e4,iOS
eb5d9038-ed8c-43a9-9f08-faafe80b1e50,iOS
679fcb45-b038-4369-969a-99257ecd4914,iOS
8f2523ca-9be3-496d-949f-9898ff8ea017,iOS
2232d7c3-3697-43e4-bb1e-8480b2ee1c45,iOS
0c0a9cbf-62fa-425c-8c93-801064d8bb5f,Android
b134aee8-16ee-4fe7-a968-1738285494e9,iOS
3e40dac2-1f88-480a-a80d-a7d674396967,Android
3c1d4878-301d-4d7c-b6a3-d694d16418ba,Android
d2da26cc-c2de-4e86-b2a8-acfd73337220,Android
9109ed2c-4284-4a79-95bb-f541ce43074f,Android
ae48b051-e881-4ec4-a7e9-560dd5071077,Android
c35299c8-8efe-4747-9463-596591b76808,iOS
ee1821c3-d65e-420a-8663-a0c1341432ea,Android
da5c5ec1-d183-4348-809e-27b5b86c34c8,Android
5910bdce-d85b-405d-b70b-201834590e4b,Android
a789be20-518b-4d57-b52c-560463ee245e,Android
6148566f-7284-48ee-b63a-bae6e08e40c8,Android
b76b80c3-840d-4a28-b923-2ae09fd5d335,Android
01716b27-0f4a-420d-aa65-c12b21413571,iOS
cf1e1195-7635-4653-9266-c3d9b114ae0b,Android
630db83a-2b93-4537-a265-2404f3527850,Android
f09872d5-ceb7-492c-bdf0-3ac2426c2f49,Android
10eb65b8-f28e-452e-8efc-ae18e3e2d88b,iOS
aa52ef03-4ef6-4ad1-be74-86bd41c7902e,Android
6eb71cea-0e5a-4822-8d2c-ccfe78ec24c5,iOS
fafbe7fb-d0e2-4a8b-8295-af7c4bdda4de,iOS
162f9b8e-b20a-467a-8bd1-7bcd77d06811,Android
1e1e33e2-819a-4ab0-b42b-2b0184f4b320,iOS
6202cb22-11ea-4f88-ab66-aa4d0fc9d0cc,Android
25864faf-3a95-4875-815f-ee18422bc5a1,iOS
45fa3f3c-9ea1-46ba-9615-49b96f0c7822,Android
368fc08c-0f01-4aa4-b051-60605a906756,iOS
0db35b85-37e2-4b71-b0af-4c5122b0afa7,iOS
cd73344f-38c8-4971-92c5-a594742d0ad8,iOS
c24f9cc8-dce1-4d40-a74e-f416b92e148f,iOS
de425873-a36c-4304-9169-c7f7e2714caf,iOS
f329466a-a2d0-40ea-9998-facfe40854e6,iOS
dc0faa2f-5647-415c-8302-68e0e7ca710e,Android
33911b75-18ff-4b9e-8c0d-7dbb831d450f,iOS
41504fe4-5907-43c3-8a38-7b7656f3c8a9,Android
a83579c0-8fb2-448e-860b-33e786d56636,iOS
6fffee5e-119f-4d18-8051-2f03a8848bc4,Android
137379ce-e586-4e6a-a749-b68e37f53e76,Android
df30947d-d2d5-4659-891b-311c36739664,Android
e06b2e6d-fe52-4e42-90ac-eb952fa2f03d,iOS
e67788be-1b7c-444c-9a82-e26c86fc52a1,iOS
f56c80e6-d3dd-4570-9841-41138a59ae09,Android
1c953c0b-67e5-4b3a-a179-b9610a2e9498,iOS
76c72fbf-a5f0-44d9-be1c-9159f8e6e8bd,iOS
0995dea5-888a-4518-bbd9-00eb67172a29,iOS
cc55d4a7-5f19-4e75-9462-2be6aaf3c0d8,iOS
a7446676-4e97-477c-bf9b-35bae6bf81de,iOS
0125861c-d67e-4b87-a8c1-2f02be65efa4,Android
de7d9e1a-c452-41a3-a9a4-cc00b77ac9db,iOS
ddd7de58-d58a-4f2d-8067-b5d554690ad5,Android
f26247fd-b330-4b31-8201-784a06c3d9d2,iOS
f74a8b59-d3da-4ceb-9375-87be60b44d34,iOS
93429cbc-c90e-448f-ab25-8841b4c92fd0,Android
f18de1ac-b2a0-443d-ae4b-7a2639540142,iOS
77431613-fc82-4f62-9e25-d08b02800721,Android
a2b160d0-21f8-4827-9b73-9d50f9eda45d,Android
20df09c6-dd4a-4129-bb8f-160ae3d9c519,iOS
732f25d4-cbdd-4776-9d8b-bb6a30d61e58,Android
81363f77-11bb-46a7-be48-f4205775d823,iOS
7c8ba6b3-4012-453d-b3fa-69da31bea139,Android
9caf7487-f240-4afa-9c2c-721f8745a90c,iOS
2beaee8d-96c8-4945-ab68-78cf28370143,Android
9e3b426e-014e-40a3-8d25-97ec9d0484ba,iOS
eaea7293-20ff-4cca-b0f7-b9e0a5cda06e,Android
0481d878-65d7-4d70-b450-10c5767d1fc9,Android
03ce2e59-7c1c-4484-adec-5db878b37e20,Android
b1643924-3171-4cac-913f-7af21673423e,Android
59b4ab45-16d2-42c8-90ab-b97154ccd839,Android
4b909b73-e232-41ee-aa6c-fe1762bbe828,Android
2d62c490-bcbc-41bd-9027-8dc5746bcf21,iOS
398a02fd-1cc8-4fb5-b477-0398d76010df,iOS
3156e590-0959-4bab-b048-d7cfe2540ba3,iOS
0002ceb3-4ed4-48a0-bdda-6df60ad9a36a,iOS
cf5151a3-ee22-42cc-b652-13c83752c938,iOS
270ed231-227b-4609-b6ad-c12c23529398,Android
e01e4997-e740-442a-82fc-1900a06d3047,iOS
151d43de-8f99-41ec-92b7-22b19f9a49ac,Android
7e753428-82a1-49a9-a36b-7a540cd332fb,iOS
5a9700f2-f578-4b28-8f09-d97baa5c7fab,iOS
041e01d0-9220-4134-96df-411121f0feb4,Android
bd5fc1bd-769f-47e1-8358-d7fa2ea49862,Android
f7f95ad9-e384-4d38-b3e5-ab634eac851d,Android
b9cae61a-52c0-40e1-9eb4-039b3184bbba,Android
953140ab-3b62-4089-8168-290a95e6ddca,iOS
2af9591a-e145-4642-b6d6-a5032ba17c1e,Android
36d307c2-4bfe-406e-ad3c-f997a4a0dc35,iOS
50fafca8-22f6-4c1d-a1ef-842ad24a4370,iOS
0a42ff31-4d07-4372-a5ce-83be1523fd77,Android
5f4a357c-5ca9-4d2e-b3fd-27d68e02ef39,iOS
26bb8bdf-333a-4641-acc6-8fc87aef1434,iOS
ef06d230-449e-4a0f-a4b2-a3cf7a501d56,Android
bc40f6d4-6e19-47e9-b03e-c85fc87093ca,Android
f47a7c75-c533-40d8-8861-3c2f791602b9,iOS
3644d078-836b-40d6-8030-3b2557d44013,iOS
0f9a1c4f-5eb0-4a18-a238-627613431e28,iOS
296fc5c6-4490-4d30-aa01-485ff3781baa,iOS
48089d4c-07dd-4100-835d-46638d166ec1,Android
4f0643da-36ae-4ff4-80b3-224d2d41b0a6,iOS
d89fe36a-9ce7-4207-b7f7-84ec2b43ce6b,Android
2ed581aa-37f5-48cd-a83d-3649c559b5f1,iOS
a4d5f8be-8fc9-4a01-abf1-228042c1a343,Android
f077579f-dd0b-4796-a43d-a9c1546d76c4,iOS
2ecee53c-3b3b-436e-9f9a-69eb97560db4,Android
77a09e5e-f6be-4ccb-8695-a1faa92a09da,iOS
ddcb0d46-75ee-468d-b1b9-cada2ec8dba7,Android
4e69c346-a4e4-4d80-9536-4fff3dbc518a,iOS
54e2582d-4d14-4d6e-8040-d7d14e816f82,iOS
3dfec50b-aeef-4d9d-b03c-8e8620fb6237,Android
527ed076-8299-4cb2-aa05-a88f3c0e0b4a,Android
2ac28aa6-9ec2-4a95-a367-599144e86019,Android
1d29152f-cd83-49eb-a963-03eba37db21a,Android
fea044c0-e798-4733-a172-4ef1ba431bc0,Android
bc498e7e-9779-43e1-848f-b009f80256f1,iOS
99a0ce61-9761-42fd-993d-94ade4fd7529,iOS
9ce7b966-07ba-4294-88c5-fcd6480dd098,iOS
b657f900-fd02-4c6e-94c0-38ce9571a352,Android
011ddc02-b9e0-4059-a440-1bccdee1fc6b,iOS
06fea32e-a4e4-471d-b0d9-e27537e6b657,iOS
db6405e1-0550-40bb-8146-4509d548a35b,Android
7d136f4e-4226-4a65-9528-64fd40808938,Android
defa5705-2c50-4fb4-98a8-9983c6c01f33,iOS
66bb9dad-c4a9-491c-afb6-8d8be80fcaf2,iOS
21f28c1a-3775-43d2-8f56-5dd943b88d2e,iOS
3a4c27be-5267-4ce8-b469-860cd8c9cc08,iOS
724360f1-53b5-4fe9-8781-43ee978fc334,iOS
1c0e9098-5074-4bb7-8a92-b3728fcb9732,Android
b3c5ff64-0532-406f-bb3f-49771ea652ee,Android
b2df6f03-f28e-45cc-9158-77e3e4c66320,Android
136b5cec-c5fd-4e55-b82d-0aff95800c9c,iOS
b6aa6e96-dcbb-4960-8775-ae2452e43934,Android
c0e0710b-02c1-47e1-a0cb-4c0c0bcf2ee0,iOS
16f4bee5-4273-45b4-a513-59a565e72860,Android
6fb46abe-5eed-42db-a321-31b63f5ff79a,Android
604b74b8-73ab-4670-a102-76e77e028b9f,iOS
0900c767-a8c4-4611-a228-b35463479cd3,iOS
c051274d-209d-4a0e-be34-af2f733ae415,Android
244556c6-d1a9-4d77-9830-783e26fde1bc,iOS
5d5a899d-b149-4803-879f-0211b8f5324d,Android
8ef96679-3667-457b-a9c6-b1f5b1fec886,iOS
78674f24-d5be-4f2e-abc0-a008c46f7b9b,Android
d84494c7-6ce5-431f-aec4-fe650d04a619,iOS
84f43a23-57ed-4118-9772-bff437e932a8,iOS
c4810a48-d0da-4c86-9dd1-27838599308f,Android
31686298-f8e6-4854-a906-b625652eb731,iOS
e7faacd2-d0bd-41ea-b432-561785bb4be0,iOS
3819f25c-e076-4809-8b34-7497c9d422dd,iOS
a7c9c790-730f-4518-8afe-4ddeb39739ef,iOS
4f33c775-42ec-4898-9a14-3f2f3c626c18,iOS
f15d477c-733e-4769-8028-11e5fd351897,iOS
0f7c57dc-bd3d-4070-8963-c534fcb11cd1,Android
ba827553-d512-4361-b150-814afdd78813,iOS
e41d50d2-2019-4a15-b7dc-e99c982db2c4,Android
d3104a4d-a1ab-462a-9dd0-472321a9a3fa,iOS
bf189a6f-42dc-421a-858a-20147fb884ff,iOS
4834a859-2e96-4e2f-9420-80d1e850ed96,Android
03df6634-2ea5-4a02-b680-33523d8904db,iOS
58cfcb77-ee31-485d-919d-ba80f82df683,Android
29dbbd24-84eb-4677-ac81-f4d21bb86c1f,iOS
4c70545c-432f-4825-b083-556b4f66b5cf,Android
077e33a1-bf57-44b5-8035-b881cb3d6c47,Android
af9c0a24-438b-4567-b0be-6cced55efb15,Android
b25e06cf-bc7c-425a-8ec3-cca045862e43,Android
cc9795e5-d169-4f35-a9b0-cb68c6b6929e,Android
ef481b73-0f36-435d-a760-8f8e698e00f5,iOS
0e9d649a-7b61-4f03-bb81-d1da43eb294b,iOS
24764c55-ec3f-4ecb-9635-dfac20f90b78,Android
695e91ec-485a-4944-b7d5-dd10c2304ade,iOS
cf7a9564-05ff-4e31-bc1f-3cc2680b3a7a,iOS
a97fe812-4d0f-4322-8cd9-fef256c7bd8b,Android
0805b4da-cc23-4c54-a2fd-afa868300b93,iOS
c2a4ffa7-608f-4ed9-9cac-53f1bb48adb8,Android
b9c4922f-d3cc-4683-a6b9-0a356f25338e,Android
8f4e2b85-ad13-42a2-b094-7e03cbec9300,Android
01fb67a6-082d-4d71-a993-9b6f32b5b917,Android
e4b2d20b-d24f-4e0d-9af3-9dc084d51ee2,iOS
4d3ba0a2-e721-416c-84a5-693632ee2b42,iOS
65476af2-699e-4b15-9989-a0a009107f0e,Android
1b869d78-7f2f-473f-b25b-e95dacbb2089,iOS
ad007c96-e684-412b-81a6-02968cf0935c,Android
699ad4bb-4a86-4fd5-ad68-24b10ae95be9,Android
b32d7bfa-9c25-416a-8ffb-7a593ec3db0a,Android
3a3fa2b2-2e17-4f00-86aa-ff38c36e1662,iOS
7ce6d64d-02fb-4cdd-a88a-f488952e493e,Android
96c849a5-0a2b-4f65-9bd7-bec6277f1a8e,Android
5ddc8240-7c50-4a69-a06a-3991793ec5e8,Android
a6f986ef-55b0-4547-b382-437feb397a52,iOS
2b706418-9fd3-4fdc-a52c-490a21393cd8,Android
6454a7b9-b0b7-4952-8b4b-23588c68b6b3,Android
8887e7e6-d382-46ca-a077-767d67dbf419,Android
37af8b29-998b-4e15-acd6-2cb31617567a,Android
57ebf323-2eed-400b-a56c-4dac264d6d3c,iOS
b17488dc-1bb3-414f-b3a7-899346512c5b,Android
1d1c3cf1-dca9-41c1-91b9-29fdf820e457,Android
895c9c45-ca6c-4717-a287-84e679337ac3,iOS
8d535d10-51b4-4243-ab7d-a05bfa0d8cab,Android
c17aa00b-d3c6-4d56-abc5-46d1c88d88b7,Android
b0b56ad6-05eb-4978-9cee-991d693a4be6,Android
75847127-080d-4832-baca-1a432b5b7771,Android
0aa334e8-320a-4661-9422-52eaf59bff3f,Android
214717db-f42e-4709-9ea3-9e11fa2e9f63,Android
70772c3e-999e-400e-8b25-70551437c361,iOS
c992f19c-8c9d-4334-b458-0e1d9f92db31,iOS
5e050c36-862b-49b3-8e0b-d8caf61e6daa,Android
d3ecc76c-dd2f-45bb-b76a-419129ef1c2d,Android
6b3515f9-3a3e-420c-bb4c-fd376ac27dac,Android
5f1cd9cd-8723-46d5-bc0d-e0ed8bd15a6e,Android
99be49b5-ba6b-45da-88d7-d934fbe241e2,iOS
ef8d1a1f-a160-428b-a140-659656ca18bd,Android
280d1ce6-3862-4744-af00-4d1f37a489ad,iOS
0b96f226-88dc-4933-afc6-cbca8bdd53cf,Android
ff26ff3e-b596-4c78-9db3-84abfb55e2a7,Android
2ef63a66-a09f-45ff-bf68-1d940f452780,iOS
5bc222b0-9df4-4533-872f-fabc84d0d303,iOS
59fc437b-0fa5-4b09-a560-6d4225f69c18,Android
26ca2a03-4dfc-4d23-8dd3-2daf37c2fbf0,Android
581e3c4a-7fef-42db-b103-94f163ee8d2a,iOS
e8bafe86-b449-4c3e-9831-77d45efecf2e,Android
dbf7dbc0-4558-416c-afcf-515ed27dc659,Android
898e2b69-95b5-4852-b2fc-256fb5f454a5,Android
eccab432-fa0f-446b-bfc0-834ef2f3f24d,Android
703c35f4-70d7-45eb-a0b4-ce7ab8e39386,Android
f64e6153-5530-4c09-b81e-3a06bd74e998,Android
d0d1e819-4c59-4920-86b1-66afaf6ee7be,Android
9533508d-4a49-4f82-ada5-bc5ec76de404,Android
ad7939a4-8f9f-4c90-9dfb-f9691be99197,iOS
dc5580f0-b17d-472b-8b82-37bbdbba1742,Android
62de84d1-e4f1-4252-af81-572f46cbdd54,iOS
7367e5dd-9e70-474a-8fb7-c5f869e363b7,iOS
baaa7249-afac-4b4b-b9ae-0a9308db2235,iOS
93b8f4e8-5650-4344-a7a1-41e5aa1f07d8,iOS
c69d171c-0b22-4c5c-8d59-d02a9cfb503f,Android
a9689c24-afd4-40f8-a478-fa9c0bd67d09,iOS
1f339e75-b0c4-4d97-821f-50fba4fa1dd3,Android
d49b4121-7c32-446d-bf55-14061427ca39,Android
07a554ab-3fcc-428f-a2f1-2031ac816b09,Android
53693542-0a71-4933-b469-2c117b14f584,iOS
796f956c-3a4e-49b8-a0b6-8a5a113d6967,Android
114a48eb-5aff-4f5f-9eb5-43ccd9ef7f95,Android
528ffa9b-1390-4298-a260-dfaa96f9b04b,Android
6034cca2-98f2-431f-88b8-31980fd681a2,Android
1fb8f341-f2a0-41fd-9371-87789bb4497f,Android
f43b45c9-1580-4728-9cba-516c67cf53a4,Android
62da1538-d577-469a-bf55-56bae0a7da1a,iOS
50d117bb-94f6-4348-9b44-e4eb0722806b,Android
ba7a126d-6106-493a-8ed7-4b59028d7f55,iOS
1705b50a-995c-4d34-a043-666cf8ee01ed,Android
a2d5e424-34d0-4ed2-b438-81351b82a6a5,iOS
4877542f-12b4-47ae-b600-2673a4a8edde,iOS
a3d01ece-5db3-4d0b-8439-aeae5228cfdf,Android
8a37142c-09bb-456b-a5c5-0c8a6801ef32,Android
f70dc124-3df3-4c45-a749-ca56d2e85765,iOS
96a5111a-52b4-410f-8f7e-c17489798cad,Android
7854ed1c-1bd0-464c-8c34-1b1fa96d0cc3,Android
15c95bd3-0aaf-4abb-92b2-89d26a30f600,iOS
af6db838-2b5f-4d31-ad3f-a95af9f11832,Android
4fae2779-126b-4a4e-a621-3ffe0b4f31d3,iOS
7a5312e8-0057-43b8-91cb-f3b1ff48965f,Android
17a72667-6061-4d42-9674-0827dedb9fd0,Android
6048dccf-927d-42b0-b1bd-dfa9e0cefba8,iOS
1b1f9087-8096-4e84-bdd0-54e21854f68b,Android
3a4aa952-eabe-426c-882a-5a4f6041c631,iOS
80320ee7-45ec-4263-baaa-f432c6796d70,Android
047c3a66-b2a6-4a69-bacf-4952e3d1c37d,Android
1c6a95fb-af04-4a24-92ed-c750cddd52a7,Android
3076f8a8-31ef-424c-824c-95e98c908d07,iOS
efdc945b-be62-4e37-9b24-f720a4d83692,iOS
cfe387c4-93ba-4796-9e17-68247d054e67,iOS
a9c466bb-a89b-4225-b2f3-7e57e05ceea3,iOS
1fef5364-071c-4e2c-af73-19c0960b98d2,Android
38d99fcf-e2d0-471d-82af-1e725a95efed,Android
a12d68af-2bcd-428e-a9fd-0247665b9590,Android
d5587256-c57e-4cf8-9ea4-76bec36bf500,Android
3910ca30-1468-48a3-92f0-c07fbb02e233,Android
4f17a43c-a3cd-425c-aa97-5d6ac7d5f8f4,Android
45df8d3a-1e4a-4bc4-a5c9-87ecb1cb434e,Android
113cb334-31ec-4985-a929-c7e3a7eb432c,Android
93cc2ec8-33eb-4342-9532-5c00f43fe34c,iOS
fc8fba51-b40c-427b-bcc9-e6d2b341feeb,iOS
b2d50772-bd83-4c62-92af-47225965fa9f,Android
63f7ccda-aff5-4930-8282-56f141891290,iOS
40e3db32-944e-49bb-aaa8-7ef219bfcf10,iOS
5b1a4909-cc9e-42a0-b849-e6ec7e105b21,Android
635e5005-4bc6-41e9-b557-090185ba9d95,Android
6ecf3bc9-c461-4c45-9306-443daa92eda7,Android
a38cb28c-f70d-495c-a561-798698f57851,iOS
a4329e71-18cd-44f0-9d6e-54303a035cf5,iOS
8e9481a7-4201-4c2b-be66-a4ce87376bf7,Android
9a9adde3-e7ea-414c-b58a-0a4b7f41e1fc,Android
fd94bca7-9448-4fdc-8019-72d62ddf429b,Android
ee2b295a-4f88-4cd4-81e8-dde812a69083,Android
4fba3330-a022-4a1a-8a09-36dc28d991d4,Android
ccc97c95-f5eb-45d8-8893-7e6916f2de04,Android
01a9147c-89d5-4472-bb58-de8d82b6dec6,iOS
43ed5943-e24c-4f24-9097-f13a1e24683a,Android
5ce4b571-35ca-447d-ba56-1291fff19288,Android
6dd4dabf-2fdc-4483-ba24-d142ce53ea12,Android
36c2e3bf-51a5-4a74-913a-76bb84ebd34f,Android
3920b13c-4ce0-4965-a12a-43d8c25c079f,Android
a8ce6f48-a89e-453e-b3f2-cc84fc4aa9c5,iOS
d2bbe071-eacc-43e5-80d3-0c02416db98a,Android
d3f33899-1874-422c-90b2-2d2e32ee8a41,iOS
a5170080-4613-4858-9609-f714cfbaaffb,Android
06898f5f-1e74-44d6-a2c6-a7fab9de3d4e,iOS
c310dbf4-0c67-4358-8fb5-3245b1987370,iOS
7b17ea23-a623-4573-b738-b8df4d69fdbd,Android
14cb3933-b754-46e0-b846-ea7219649066,Android
66b9d0d6-0861-4eab-900d-e3be1dff3125,Android
98295cca-609f-4631-af50-e257d73f9bb5,iOS
f223de0d-c7f4-4280-998e-d18a48e0e08d,Android
8599e78f-185a-4c7a-a498-10cfdaa49303,iOS
ee936768-895b-46ce-9750-41afe0cc3293,Android
d232e000-c08a-4903-9ee2-4da6c6bcbe24,Android
fc447dbe-06c0-4a54-9b5d-ac4e96f27c9e,Android
e01eb56a-b406-477a-a0bc-6142b541d9e3,iOS
0b6828a4-3be2-4b04-9325-c586830331e6,Android
d28e5f6f-f9de-4f76-a94d-2f6451f2c9c0,iOS
6fe0365e-ebd4-41e8-9539-221c691f0622,Android
435c1825-1e96-4f89-9d99-bdee39ab02f3,iOS
77d10832-fd41-4fb3-827f-0f471b5d8b1a,Android
7f35bed4-20a2-48ba-8b56-2105f1beadd2,iOS
c00c244d-8eda-4863-b374-03305371dac6,Android
ac9bfc07-69da-45dc-8864-15ee6eb41879,Android
3970aece-363a-496c-acd0-f3a7c92d2ae9,Android
65dd651a-1adb-4355-beb7-f23cc5971b61,iOS
fea41beb-6b86-4591-be55-df2448cb0544,Android
4bcaf790-5555-4f00-aaf0-686197d3b8f1,Android
4d90122e-abba-4bd3-a8ee-d24b34a45674,Android
a5f5ef00-36d2-45a1-9a04-e9a5cd9f9930,iOS
69090405-25f5-4a15-993a-cb58c379633d,Android
a872f458-97e3-4b85-bdf7-31e500813544,Android
27b0e49c-42ac-4684-9f85-566d02db6c6c,iOS
92066146-316b-4508-a2ff-b137018f536a,iOS
e47cd812-b01f-460f-af30-ffa7a034e147,Android
c4b6f63e-38c0-43b0-a33b-0d963cadf12b,iOS
2c984734-e744-4dae-b0da-68dd1c36077a,iOS
54ff9da4-3b9a-43a4-bc84-240f888748d3,Android
8f759124-0843-4c35-9834-1e209bfbb410,Android
cb9875fc-3ed8-4d93-8dbd-fdabee70827b,iOS
764dcfcd-45d7-4cfb-8ec2-ed4c6c99c66e,Android
4e4d5c75-130b-4496-b779-d68de3764483,iOS
9279c809-7382-48b6-bcb3-1dbe450b8070,iOS
24410849-7b6d-4ae4-8da0-2034a4a3da6b,iOS
507b3fbd-a4aa-4924-b580-7b6592dfd5f2,Android
8a90e0e0-b3db-48b8-bc7c-444f7325f927,iOS
e17cd20f-72bf-4328-b85d-58ccd6ea1232,iOS
ef7ec835-2b23-4225-b9e6-de4092da0627,Android
57654088-6745-4e06-820f-855c78e163cf,Android
ee45a6d8-c903-461b-a1a5-920b71285268,iOS
6af24578-9c3e-4b5c-92ae-4776a8e81ef8,Android
5b8d1501-70cf-4cdb-8051-31ab6c446a68,iOS
113aaf74-419e-4a22-8f85-4ee5e26b0596,Android
79e44d12-6d3a-478a-a190-acad41ae24ee,Android
f0e3165b-9c10-4ec0-8b3a-b0bb2c176c71,Android
45bccc5a-ecef-457b-95c8-cfe6ecf957f2,iOS
8865a9d5-2449-4c27-8a8d-218b73217998,iOS
386e1fc0-9390-4dc1-80c0-973d92103fd2,iOS
d390b1a5-2fc7-46cb-a523-5f39718f292c,iOS
0df0b00f-534f-448d-b3ce-d37d2d6db44b,iOS
7815309d-fc63-4081-8795-c12bf39d75c7,Android
81f5c97e-6e75-48be-9b2e-b546fb2a3898,Android
e677ccdc-0b0d-4bdc-9f27-5e381c5efce2,Android
436dc9c0-3800-4a3d-bfb6-b362b9aa78e2,Android
c8a9899e-ad71-4abf-b337-2903123a19d7,Android
5c133c86-f76d-47d7-affb-65a97158fb7a,Android
352852af-1e4b-4c6a-a8c0-cb132ae4a393,iOS
43a03e43-23c1-487b-94f6-16f3f1ea27b9,Android
bf1e7537-b65a-4c39-9132-8e40ad455e82,Android
68ea6156-a919-492b-8f5e-93ce53a16157,Android
2e59427d-c449-432c-8d69-19847460948a,Android
5f51591a-7bf5-4344-b155-bf2ecdf8de1d,iOS
972569d4-d20d-4831-9e3c-1badd51fbe39,iOS
5e47a54f-9221-46c5-8b34-2851d5fac536,Android
207d4234-9e1b-47e3-ac9a-d35e2353001c,iOS
2968dfde-e8b1-4135-984c-e2d636f9a464,Android
6b37c1cf-49af-485f-8c7e-97cb8dd3cfc0,Android
cdda0d5f-914b-4bb3-9a28-e6f75c295e67,Android
3f7e3ecd-7ca1-4c76-abbf-119117e66c50,Android
c7d9d164-f87c-475e-ad34-4e755db66e90,iOS
e3753f79-24db-422c-a7f9-5ab8add138b4,iOS
38177915-8572-4601-99c5-667eff23a3c1,Android
93aa0491-a266-423c-a329-eb2c7674f6bb,Android
c903b25e-7fa2-42b9-89ec-2a0785e14a02,Android
4881010d-ce61-4ed2-a160-025a01d213e0,iOS
1890ccb0-fa70-4150-aaca-cb562964c5ce,iOS
544a34b6-2f52-476b-a760-438e59ed1f73,Android
7c1399ed-f71c-49a6-a34f-f49e3fe6f6b8,iOS
0257abd6-5fee-40fe-8e3b-118ab7af9a21,Android
0943fc5e-d6f2-40ea-b358-e51a0fdab956,iOS
c6b450da-691f-42e7-a4d8-a9e0ad121699,Android
4f3c8d01-8836-4aac-b2e8-2046a1d20ec8,Android
7182a750-3044-48a0-8dea-0f9a23932366,Android
2009bafa-bfb3-48de-9766-9ff616802359,iOS
6af65172-b37c-4a11-b8ea-18cf873f4838,Android
df8cefea-7687-4c7b-a30b-58b4ea82c75c,Android
82b2c4a8-d28a-418f-91c2-ede7816acd27,Android
1a3f877e-8c0d-4867-b521-47c94d84dd04,Android
fc96caf1-60f9-41b0-91e5-f4f1f585e11f,Android
c9a3b50d-e412-417e-be76-3f4e5efca0f7,Android
24ad23c1-3f8d-4b34-bfdb-c610f5d84d33,Android
d55d609c-42fc-4894-9a06-1a3174c94d85,iOS
3b2240cf-8cfc-4068-a726-f00deedfc6cc,iOS
e3f9bfbe-4a27-42e5-a397-f83f74ba3b5b,iOS
34259175-cdaf-4ea6-bfa8-31216e4ae260,Android
39c418e6-a511-444c-908b-3636002b4bd0,Android
298eb826-b7f9-431c-afdc-6163dc1e94f8,Android
22f2838f-5b4d-4945-9c35-7b66882069bf,iOS
d2d74a12-34ee-4747-8e5a-826802341e84,iOS
2061ba2a-f1df-49d8-ba93-4fa42cd8b1e0,Android
db619352-ee88-4331-a326-906b6b917ea4,Android
870f67af-00d6-474d-b42c-946a623893ae,iOS
76b89133-e30c-4782-9518-c67bc41960cc,Android
3744d43e-6cd0-4376-8830-c25794f6a0f0,iOS
dc64f814-9c14-4918-93d2-6fffc88a8c12,iOS
c07497ec-9206-41df-81fa-847f6c4f22c4,Android
5194b951-79d6-47c8-99d5-7422ca893292,iOS
7964e62f-b4dc-4661-af6b-68f32285003b,Android
266bc36e-3895-412e-867f-d40f227c9311,iOS
1921d44e-aff5-4fdd-9c6c-27ab0d1e569b,iOS
80dee8a4-551b-420a-87ca-217ce18813ed,iOS
955d005c-ba3a-4c11-81d7-3ecad1f2fbc5,Android
de20484b-26f6-4ca0-b378-8adb16f72ebb,Android
4dc5c43b-c3f5-4059-bdc2-eb96929be800,Android
bd1c786a-6f2f-47eb-96f2-f9229784a386,iOS
900ba38a-52fd-4a11-98de-f3d98e2bc895,iOS
508cc62e-86d9-4b4c-af4e-c2a9445d2f3a,Android
8fa8e4e3-1ed3-4edd-a961-386f90a1d2a3,Android
080f8309-6a14-4940-a263-87c648d4bfe3,Android
e86e21fe-6023-479a-8605-80ffc9791bf7,iOS
12384b7c-52f2-4e23-b915-d62ea90dc629,Android
55538b23-1aae-4429-ae1d-9bb0cd0295ef,Android
31091d78-af2f-4ea4-9241-8c2040aca129,iOS
9b7f29b5-4eb4-49c4-bcf3-97a11ea21f7b,Android
d1e7a3c5-f1da-4d38-a57a-8506229af141,iOS
1c215961-f7ce-4ef3-ac51-43f02450d810,Android
567b3428-9842-4710-acd6-619121c76dd6,Android
f6123561-9339-4f2d-83a6-f6d6a8144af7,Android
c0ba6d6b-7158-4660-8245-eb5117eaa0f4,Android
ad729aeb-43d1-4060-9ffd-c49e2317f744,iOS
dff2c690-1dd3-4455-bdc6-41a5cbe27ca3,Android
7913824b-aa6b-4eac-ac1f-f9e9b27ee2f0,iOS
6976782e-b86d-4119-9fd1-415b141b248a,iOS
0cb53b3c-ea36-4a95-b195-6e58a5edf003,Android
349fc378-c70b-4615-97c8-472492cad729,Android
694535ee-9cd9-4cbb-9d87-ecf81e1532c8,Android
227331ef-8689-4c90-85da-3997182907b5,iOS
d9ec8170-2fe3-4aba-945b-77a08bfcc33b,Android
d91234da-25d1-42af-b76a-67f2b1e09ad4,Android
86eba2be-8b30-4122-a976-a9905e7efc17,iOS
369d68c8-884c-4b27-91c0-a0b1ae510320,iOS
270773ae-769b-4615-9fb9-85222c3fda2f,iOS
26194808-f289-4b0a-b78b-577bd5bb307f,iOS
79b5e43d-6abf-4b71-b6d3-8674f9a00d47,Android
bef57489-ef64-45be-b8ff-39be0bf8e2c9,Android
bb13e941-c691-4bcb-9344-d8ce583f3b63,Android
32ddcf21-27af-49f9-9859-f9af3440a942,Android
d8fe4fe8-6985-41ac-a7b5-bfbe0d56d4da,iOS
e3ac959a-1456-46b4-bacf-da4dc389eff4,Android
b9d61e4d-6a60-47c1-b91b-c5cbb4a4d7c0,Android
a21b76d4-b37b-4db6-9e4c-2b9fc49c4bcf,Android
df531096-a424-4aba-a582-91b53ce1f2c8,iOS
83db1470-69ed-48a7-92b5-11d8b43a15af,Android
0e75cc7a-6d0f-4b54-b61c-e3c3f20e217e,iOS
5ee4ac8b-1474-462e-964c-a4e520e6745a,iOS
53292081-56d9-44af-8b0d-a8440ceec18f,Android
0ddb18d9-591f-4e0c-a43e-590097e01d2c,iOS
cc99d386-0941-4379-a199-5a8198440425,Android
2a855b33-9a11-4193-b99a-0482472b8fbc,Android
37608ab5-806d-407e-be77-44786c9fe992,Android
ad56c698-a922-418e-85f8-db575a631f0a,iOS
6accf411-b628-4e24-a03c-0fddc374a038,iOS
79bb3585-d118-4cf3-8921-3bd9a4959302,iOS
67114429-891b-41e2-9a49-3a754f14b4e5,Android
821d95aa-6091-462b-af16-54422439e4fc,iOS
ef90c0ec-45eb-4762-9c6c-0be67a5fa7fe,iOS
122f1f7a-ef50-4c4c-b3f2-6f17aaeeef09,iOS
4e1a53c8-7963-41b7-b49b-904b5e82104c,iOS
73c54216-fed1-4866-ad30-efc96327f0d4,Android
9b95d173-21f1-4201-8082-79acafcb056b,Android
1d95873b-7925-43c0-b347-e02d8f57919e,iOS
991a306b-a3d3-4d47-8908-d070f63e8404,Android
ff3aaa68-c205-4b69-b29d-9b132eb17eee,Android
51fb41de-b430-4b9c-91bc-6057df78c950,Android
a66eef48-0fde-4b21-9655-7690c76ca018,Android
925600a6-3fd3-4f05-88b2-961c7c8414ac,Android
c04b89fa-a282-4c29-bafe-9bb4499a4833,Android
2fc3af0d-ee22-4e00-b362-227de2be0437,iOS
ea27edf0-ae22-4ad3-bbff-4cf1622397cc,Android
39e5487e-948b-4e7d-ac18-f93d56cc166a,Android
45c5324f-fc9d-44ca-8699-27c1b6d953d4,iOS
6982488c-40a9-4d35-821f-48d248f1d3b7,iOS
48316906-9696-4e33-b6fc-c5debf095dc5,Android
cdb90b3e-c653-4ae3-9341-6bb1b4d852f4,Android
1887c914-8a26-4147-b345-163ebb5c5773,Android
f00fd067-ba7e-432d-846d-99b5b4734763,Android
e326b2e5-6045-4a38-8857-c8905e98751c,Android
2cd466b8-4bd4-463a-b009-f359966b41dd,Android
2cc48b78-8657-4302-ac52-d72e9f10ceaf,Android
35e7d83b-b207-4700-82e9-2bf473f488bd,Android
63401022-191b-4807-97dc-702948dc5938,Android
535b1986-025b-4c3c-9bd4-bfb724819fed,Android
5a842405-2ab0-4e68-beef-7ff3d86f7938,iOS
a8b31576-c727-434b-841d-0b1a6687ba35,Android
41184af8-2997-4016-940f-edd9a3543264,Android
3f7717d9-ca28-4a83-98b8-ebd66110059a,iOS
73aac690-9c96-406d-a169-bf4eee2599ab,Android
6f4cfef8-658e-4367-8a14-542d6efaaf7b,Android
58ddc907-074a-48c3-aefd-6b3166da19f0,iOS
f0734512-b6c1-4e84-aa0f-68e58525f3c5,Android
886cae4b-9265-452e-95c4-93c454fb7ab3,Android
eb413173-303b-4664-8ea6-6a90d31576a4,Android
5d5fba62-b3e1-489b-a771-b4dc9f6116a4,iOS
fcfc44a0-5c92-4b37-b34a-ab0f98acba47,Android
34bc0918-d39e-4450-bc75-5854e2d0e630,Android
57f582c8-7afd-4b69-ab74-a690627c7094,iOS
39b72c97-6199-4cb8-889e-73fcde08c00d,Android
8b645c03-5784-44b2-85a9-fa88741911bd,Android
bc79e3c4-1f62-4cee-a285-b342b358595b,iOS
8e43d08f-7a9e-4494-87f2-2217e3b1e4d0,Android
31618eb1-bb8e-424d-aa2d-c62f6e2d9c19,Android
911ce00e-8cb3-4a71-8c7c-4ba8cc3fcb13,iOS
3faac836-a3bd-4a25-8b89-2b39e01e8f6e,iOS
585a8843-eb52-4a8d-b194-8e3d426ca9d2,iOS
4b8e3f9c-364e-421e-b1cd-6ec6d7af47e9,iOS
a190a68a-94d2-4c07-8f44-ebe3dc45e968,Android
310c6f6b-3d6c-4573-adb8-cddf1be58f85,Android
277ca1d7-47a2-4bd3-bcf2-aebe47b53647,iOS
71cbc5df-ec79-4306-870d-e072a52033b6,iOS
f760676a-5662-4901-95ae-4745a34df06e,iOS
0375925a-5d2c-49c0-b31a-8fc5ee4b5cd8,Android
12f5a2b7-bdaa-4dc6-af2f-26a4a65cf74b,iOS
c868f98e-a8e7-4be2-af13-befda2f56d6f,Android
a5221e28-0f09-41bb-a06d-e6b14d0bc952,Android
00eac0cd-10eb-438b-b0ac-46a447f7480e,iOS
6a56c522-9633-4639-8b15-b3ea1622bb67,Android
8d090395-19a7-4c37-b0f4-278a0302bf80,Android
c44601ee-403a-4a91-b7e5-d73a775eca51,Android
3982b618-d256-4cdc-b0c4-23aa20101996,Android
fab22441-8a7a-4c1a-8c10-1520acfd5921,iOS
af117df1-387c-457f-bd18-855bf1ffaedc,iOS
9c50b7ea-fd92-43ac-bba9-25cdf1e4d794,Android
3f5dac19-b406-415c-8729-7f6d1b6b0a0d,iOS
e5c90bff-a721-44cc-8f4b-ced35b451446,iOS
27eae8de-4950-4f86-b03e-afab43d1df28,iOS
bfb799d0-b9e1-4fa5-860d-aebed59a5bdf,iOS
e1ddd945-9f18-4752-a2d3-e04b1a354436,Android
72b9c13a-7176-4d8b-ba5e-e367e99eb052,iOS
d9d02feb-0883-47b2-b7db-a7ec3996538e,Android
a46f8ad5-4677-4edf-832d-6f5df48b6982,Android
42ef0e4a-63d6-4c00-b719-7256a4f2b354,Android
f487ff13-c190-4461-bddb-83e65bf924d5,iOS
62605bf2-1467-4b45-bf5e-10c96df33736,Android
8fd38d3e-3f76-4d96-a6c3-5dfcf67ef25a,iOS
89f33430-6990-4dbf-a7c7-0f3b80090933,Android
62d83561-2d1b-4a8c-91e7-69503df7afad,Android
56b314a9-41d6-4915-92c0-bb90e42dff17,Android
c707998e-404e-471e-b276-46dd12f978e2,Android
921cf5f2-04d1-412e-9183-adcb1c78fa89,Android
12bd8ee9-e6ab-44b5-b85d-4abd8cd0c34a,iOS
2ac612af-d9b0-47ae-9544-4f70a5d4a210,Android
6a9dd53a-7458-46db-918b-da0de88e7301,Android
eecb5516-8723-4c82-a400-4a29b03e3676,iOS
090f7f15-b4e7-4e24-bf83-94d6cc364c8c,Android
4a8ffd52-80dc-4056-99b1-562696083fa0,Android
923beb75-0524-48ca-b194-83a75a8a3121,Android
a53ac926-ed6f-47bc-89c3-ed167d5580c7,Android
ca504ebc-6f64-4478-9f0f-67a24cf68fa6,Android
dc8ea302-aa5b-44df-b43c-8298132b664e,iOS
4343c03c-437b-473f-8dc9-33e4352eddf7,Android
21d23c22-7687-4434-887a-05c3311f8eb3,iOS
d9203f74-0fea-4d8a-a0b6-be8df847ec29,Android
d80c7236-e4ce-4186-beb6-4055eb0ca088,iOS
9b887c47-c7f2-447d-b0c6-3ad39dc363da,iOS
923fd71a-bee0-4c58-a847-8ede68efd531,Android
d500e27c-289a-40c1-9676-a0835fe65d5e,Android
5f1ea778-b198-4d2c-b48f-cb3defa2c106,iOS
781d3db4-d666-4c48-b259-237aa12c8cc7,Android
8b3cac5a-851a-4a64-9142-e5aafc78899b,iOS
ddea0d4d-229a-4292-b117-40d29c98d166,iOS
215a5265-338b-4058-8379-ac07dd34c8fc,Android
daa07451-7e0a-480f-b330-dd03c39ae345,Android
8ff20bc6-91df-4f96-b10f-a3b0eaef9122,iOS
6fb6d67b-5207-41a9-84e4-1bc2af73efd1,iOS
af5a7ed9-ea3f-4251-b937-7faa6b419254,iOS
939423f9-e977-4f1e-be67-600d6ebab85e,iOS
8fea4770-287d-4286-ab55-a88eed51b543,Android
79c5ad88-236b-4556-94c6-431ea2a66eec,Android
5e87c097-3901-4302-a12b-61527cd7b5bc,iOS
4bfef9ce-bf2f-4d53-bcc9-15920ab699e9,Android
485869f9-b6d4-409c-9f40-16ff3cd8947c,Android
07af7ef1-b412-4005-90f6-9a8d3fa81f2d,iOS
70e0b62f-d166-4d62-bda0-cb755fa0278f,Android
ea80346a-9bb9-4e32-ac1e-7ed91de2df35,Android
dd3874f6-a538-4f40-a8ee-e834401a9b85,iOS
f3f307ad-9d13-42db-af49-cc8bb93a5372,iOS
c12b45fd-8da4-4d8a-af51-7b79a050f705,Android
0613b3cf-4064-4bf1-a21c-a5b85cb108f0,Android
98732744-b7e0-4d7b-86bb-a41a3ac7ad90,iOS
bf7ae726-a35c-4167-ab43-31cb377435aa,iOS
26bbc4cd-edc3-4d01-9bac-2e5f6dd1b9fe,Android
411744c2-82df-4748-a7a4-daead4969272,Android
d673384c-c464-4f26-823a-cd356fd45ecd,Android
4741f8f9-6202-48a4-953f-1b5f9b1005dc,Android
542df0a5-2412-4f42-bf85-1ee17be9bada,iOS
1dc2861c-b355-4e49-87e3-9e12d63b5473,Android
dbe10fc7-de8f-4e72-b35b-acaeffe05b17,Android
c88aaa22-09f1-4fde-b8e6-7949b81e48c9,Android
452d1bce-c9eb-4bb0-bdc2-597a38adc2b1,iOS
1889cbad-bba6-4008-8160-9dce80c56bf1,Android
4d6942c7-b08b-4675-9435-f2f5791ed0a0,Android
ae146168-4bfe-4c2c-8326-006798af1c66,Android
5ca24e85-382c-44cd-ae0c-237693050e09,Android
11e75860-f8d8-4821-a03a-59ab61b5a9ec,iOS
3c21a939-23cc-4701-b998-48bc4d485d37,Android
a0193c69-d0f7-4be2-b712-c0186feacb7b,Android
cb13889f-e0fe-4dcc-bd23-dbf4be559c42,Android
beb907e6-47c5-4de8-9b9f-25cc88bb6faf,Android
c99f228c-2f7e-4ccc-8617-5d9effed66fc,Android
d41911ee-73f2-48eb-86d2-131d4027193e,iOS
7bb9fc5d-6d0b-4158-b820-cceb0cee7a98,Android
f89b4114-6d84-4bca-89d6-1451f82157ec,iOS
4ede8150-e058-4d55-bb6b-88419145fde4,iOS
cd6d21e5-11bc-4104-94ea-c78f8c39c2c2,iOS
762301ab-6fc6-445b-af15-a93399a5d3b9,Android
ee9ed016-7028-4588-aa90-1a8d5ad3c610,Android
46cbdf72-0ec9-472b-a594-0e0a3f4a4629,Android
65772a8e-36bc-4506-a9b8-f20a3b2af856,Android
136173a5-f039-4f21-8d56-d7894d5863d5,Android
78769485-223d-4427-b6c2-536d413c70c6,iOS
f9336042-79fa-4ea8-ae6f-76563a5e0ed9,Android
ad077725-4297-401c-ba29-92c6bc194f5e,iOS
cc409707-81cb-416c-9efe-27b6832f5eeb,iOS
e4ecc613-28a8-4171-acd1-240dc93e2274,Android
5297ef80-241d-42d6-ac03-8d2322bf717f,iOS
08245523-0e65-45df-9611-ada1ca2b6841,iOS
f4034104-1674-43cb-be88-3c08f8872fa2,Android
236a3bbd-2d7f-4768-9d91-fa24aa207ea6,Android
cfc70352-9f30-4526-be26-e7a8ec9b775b,Android
b114c57a-fd46-4bb3-a147-23792df742b2,Android
69648ced-0450-4f24-a25d-89309b8caa5f,Android
6cb3e242-3374-45a3-bb44-b67ae9e71347,Android
fb111b59-fcf2-45b7-bb30-207f3866a594,iOS
622a0f8c-7e2a-4ed8-8852-1fd49df3f3bb,Android
e808d1f7-054c-4c4c-a973-4bc92c0bd0a6,Android
eaeb2fa5-f61a-46ba-893e-83ccae76b1cb,Android
c2268c7f-6f86-4295-8050-a22271431db7,Android
338f1d62-1e30-4fd1-8fab-86ecf06fc834,iOS
3f0b8e76-0ddb-42c4-928a-1c9b9236e80f,iOS
d1e5c8be-69d5-4f3a-bc15-45713cfe280e,Android
66924d23-7803-4d34-9172-34c896a9b881,iOS
4f2941fc-cc48-4562-b096-ac802d21ed45,Android
e2ce0097-ce3d-4655-96dc-7388069e0f99,iOS
7b280909-0113-40cf-81ef-32b94efb0034,Android
0aac58ea-2d81-496a-8cb1-66256421d6ab,Android
cacf4327-48a3-4ad7-9c48-3c4d95186266,iOS
93890a79-a77e-41e7-b79b-d95860d00576,iOS
88b2686d-f2de-406f-891f-cda78a027b91,Android
058fa7d9-738e-4b91-84a9-042933fe2529,Android
16f51db8-e026-487c-8afa-dda6a187227a,Android
95def19f-c418-4fb0-9997-4ef144c4bd5d,iOS
d1d450c3-4c42-4919-8b10-f90474abbfec,Android
e51bcc0d-1105-4e12-9467-2101db5fe548,Android
1b24c4ce-ee21-4f6e-a7ce-9be4b3367865,iOS
c8e99356-1988-4705-a669-10757a73e5ed,Android
1b7b1120-db4f-49a2-ab21-72d39995c4d4,iOS
58c5c012-5950-492d-9df9-26624a205a79,iOS
e6eb77d8-6c11-4555-a939-e03ead4d3eba,iOS
e0f372fe-e6a4-4b6e-9169-a6eef5a3933f,iOS
6dd783da-31bb-4352-9668-29635c9c2c38,iOS
561e0f70-716b-48b2-8186-e4163e5ea519,Android
1e57f47f-c3d8-4a32-ae19-267b5b4e49de,iOS
98c027ed-71a2-482e-afa0-c75c32491859,iOS
154ca287-2a80-499c-bdf3-1860aee6d044,iOS
7b02ac79-081f-4b10-b5e1-47ebe9537d39,Android
8d65da4b-c127-494d-8f4f-5f22932bf826,Android
19df4100-2493-4d19-bbe7-828cc82ffc67,Android
78fe86a5-d328-4600-8be6-870c4a69f75e,Android
67ae6b92-b510-4a6a-8d83-4bffb3131928,Android
1d06d9a0-87f6-48e1-b750-6e38df37a45f,iOS
f30503cf-5976-4a34-8a39-19d8bc2aa9ac,Android
a9cbaf7d-9f7e-4a56-991b-641d04ae00e5,Android
d736dffc-52c2-4eda-95bb-539f421ce393,Android
7ebbc747-b6c1-49b3-9991-486ab05c859e,iOS
39e12cd5-b5cb-46f8-acc9-3410efed57ed,Android
3d47c97b-1c2f-4ffd-a26c-652ac2205f3c,iOS
9fc010cd-6272-40e0-96fa-a31ad7f10375,Android
d4dfba8a-0401-4b6a-8731-8b7dbcc3ceb5,Android
def55a93-50cb-4aeb-94ff-27d6341cb0ac,iOS
31902afd-84e6-4cb1-b676-a55d988315f2,Android
35f2ffa9-54cd-4bee-875b-a04b2069866b,iOS
03a9b175-39b1-45c5-ac43-6f3579f0b67d,Android
547c976f-0094-4164-bfa1-333e73e8342f,Android
9411deb8-0986-434b-af7d-f8b134c4c707,iOS
6d962a37-cab1-41b4-8b5d-6a5127ea93b1,iOS
2c3c98e5-c7eb-4239-a522-0d7cb0ec7001,Android
1e9e6b06-a26e-49e0-b27a-58b1f0311f23,iOS
e95c2dcb-3222-4771-837d-669efe8de937,iOS
d10848f8-d749-4d6c-a53a-e365c9887368,iOS
88cc33de-9d09-4553-b887-3b4fddc72843,Android
4927a79e-c84d-4131-9bf7-a8d077b4b078,Android
9fc7c4d3-6827-4f87-a8a5-ebd6410c1bc6,iOS
d47f5750-496a-4a73-a90e-1d9c1f8d582e,iOS
7e8847fd-0ebb-4870-a1df-a388d75a0765,iOS
5bffa5a6-7898-40bd-964a-1a77f2204807,iOS
4d1f8e13-6dd2-4608-a007-3cf11cfeb03f,Android
e8e21ff0-3cbc-4608-8824-8f4960f61bc6,Android
c29fa31b-5ba6-490c-a9d8-b894597a1c9a,iOS
4f025802-ce31-42fb-ac1f-2a90f60ead31,iOS
7de85c04-f7e0-4263-acbf-a4e0a1eb6e50,iOS
e1b50c2a-ef7b-47f4-854b-fd6ea6e89ddb,Android
565da9cb-7388-4a25-a6f4-9c0d562bca36,Android
b47b69ba-7ea1-46dc-8fcd-860db73858d8,Android
0c29a5ca-5129-4d22-838c-2852eaf07bb0,iOS
5f979cc8-ca3e-4cc2-8743-039f51c32cb8,iOS
eb60897d-7044-47b1-9157-c55faa113b0e,iOS
6da22dab-b079-4af6-9fc6-e1897f0f3069,iOS
9b4a1984-bd81-4480-a50e-68488b2b9d6a,Android
0a1b9e0f-bfa8-42e6-a520-f7fcac6559f1,Android
bb55c34e-d9e7-47b1-9c48-eb8fa2424a24,Android
f3e1a886-5a8f-4e58-9aae-7faebd80284a,Android
e75e1d6a-4808-482e-ae48-3833d3e840e6,iOS
b81346ad-b4f4-4b9c-9144-b8144c6d1e38,Android
5ea2f4de-45c3-4c95-a549-eda6ec90e802,iOS
a93ff5c0-ef42-4d83-b632-f9a4d4fef0b9,iOS
dd74d153-82f8-4e83-88c1-add2069ea0f9,Android
547fbe15-a108-47da-9f26-aeeb3baa01fa,iOS
9f03f461-f7ad-44b5-b381-84ea69232259,Android
8c1cc386-de09-46fa-819e-fad0633b672d,iOS
4870f467-1bff-4e8f-a565-8c13f2f81f73,Android
da7c4fa1-176b-4aea-ae65-455a9ff7b1e6,Android
f5cab2a2-240e-4cb5-ae9a-cb02c72bce33,iOS
7c589235-6cf2-4326-adf9-b40e5fc02a98,Android
073e0dad-0e20-4f6d-a966-3f99b2d82d1e,iOS
c9b8bec3-dbf1-4ac4-9b55-e9a81924a032,Android
b4227db0-eeb1-4de5-8865-b1377f1d7bb6,Android
1f3c53d7-02bd-4e9b-8cb7-a59fb2063130,Android
94cc4d6f-3e9a-4030-b724-5ca2aa63cc41,Android
47f7bd1e-baae-44b8-b90c-d6fc5e5083c6,iOS
5b3ce92c-06da-4788-9800-9c013f2fb0ff,Android
a36dd231-8d9b-436d-9c22-551045cdf2c9,Android
fd10122b-6164-4d55-a6e6-c6c8f36a202e,Android
e04b948c-c1a3-4c7a-9639-2457130aaa2a,iOS
f30ede01-1de3-466e-910a-ea68294a290f,Android
5555d5db-4e4a-4eaa-9ab0-20b1d3a951b2,Android
5f1d757a-7524-4d00-af43-d0bd2753c12f,iOS
14c84a1b-5dbc-4dc3-af19-26ac7a928b17,Android
2178f726-6d47-4dff-a4b5-b63ee806640a,iOS
2fa8c596-769c-44ce-bd88-e38778b8c5b8,Android
24c4e673-c771-4aed-90c3-9b1383d81d5f,Android
ffe8da2b-35a0-4778-8783-3ded8eb6d585,Android
3810f5a6-c889-4b1b-9994-440fe41ca0b2,Android
4f32f23d-fddd-46bf-9956-aa284c5fbc5a,Android
23bc0f3f-b993-49fa-9a90-5da10850f68c,iOS
3f69cff7-8ad8-4ae8-b73c-6136296fa223,iOS
65b7feb9-99bc-4d3e-8e09-41265c653542,Android
bc736f08-696a-44f7-8fa7-a9c8db437aab,iOS
a407b323-149c-408a-81c5-be190d1568dd,iOS
2ca5bd57-4ff5-449e-997f-ce698d87f55d,Android
aae9799d-c271-47a3-8aa1-95278cb2ec3a,iOS
8f610e54-d49a-4a95-901d-1a0eab57fb7b,iOS
65caf69b-159b-4148-829f-4181a602ff4b,Android
0f2ad0dd-2796-42b5-b663-35dbc7cf7dc6,iOS
19d3b038-2e39-4145-8943-af8fa18fe849,Android
4f67a71e-6fc1-45a0-8dcc-20219febc228,Android
c216a9c7-6947-4c4d-a296-51963a7541e6,Android
3981fb96-cbb4-4d20-b47c-db8b273066d4,iOS
de684edd-a88f-417e-8d01-38a577e68c3b,Android
eec9930e-9dc1-45d6-9d5d-52b3ce2b87ce,Android
7533d415-8731-47fe-a401-2e20ed17612f,Android
26a26cc2-4bb9-4ba2-82df-9f07900e749f,iOS
b13e7545-8edc-4d40-b06c-e45238104503,Android
29ffe510-d358-4894-98a4-737b0423ee61,Android
9e382ce1-8df4-4458-9297-7674c572049c,Android
505cd0c6-0915-42f8-a93b-6e592eb7933a,Android
6bb49b33-513b-4d2c-9e1e-f3b9ac404fb9,Android
3d48a70c-700f-41b5-9b99-2fbe3ca2bb50,Android
356706af-8a26-4c1f-8bcf-b8479ccaf182,iOS
7b76b280-9d27-4410-a43e-73058521dd00,Android
9371ee14-d025-4765-a357-26a7b28bd4d7,iOS
759b70ae-ad1f-4bab-bd6c-3453203665e5,Android
20e609fe-69d0-46f1-8418-3ca611d6fe99,iOS
5be6676b-0a63-4322-aaa9-b47b3df8f40b,Android
1c17a02c-b2c3-483b-99e2-590be6bd8949,iOS
56a377b2-1057-4a4d-a1cf-48508ba34850,Android
f98014b1-dd43-4d6e-b411-71a748b63ff6,Android
fd985201-7f38-490e-af4f-cf145e3de56a,iOS
c2c4bfba-9122-4c5a-ab82-8066a22e29fa,iOS
9c5d6f6d-0992-4718-9460-93f5a44ff0b5,iOS
a3bbb2c2-de57-4845-aea6-da9769cd0aa7,Android
cb506e33-b1c5-4fc4-a600-e977a0baa436,Android
c4dfc08e-04d4-4a54-b549-96c87db211da,Android
34d523df-52d0-4faf-90fb-e04135e59b68,iOS
13b0e9b1-74d9-4300-83f2-e6c807c0f2f2,Android
53d54253-69d0-436b-b2da-7d214a148345,Android
ab9e298a-0898-488b-a0da-d70429544d82,Android
dfbd33af-74cd-4637-9dcf-64c059fd1c64,Android
991fe866-0cea-472b-9849-e508172db2a7,iOS
1586bd4a-d93e-4d74-bcc9-15f60cfe43a2,iOS
b84aff5b-c5ed-42a5-9d47-d791994aea02,iOS
f8b526d5-b9a5-446c-a563-2ef24fc3e7c2,iOS
6e91c388-1c94-481d-8b43-a8a0956b2e22,iOS
8871f4ac-6833-431a-a1d9-58a55052781b,iOS
5f13fcfa-794c-430d-b883-b81fb25ebb9b,iOS
4e1b4e65-708a-4b7d-92cd-64d719fbf522,Android
65fce01e-7c83-46a4-ad66-4737e654bb92,Android
2818583e-ef06-4ab0-9938-851d846c5e70,Android
9c3864d2-d638-4790-9a4d-e10014599759,Android
9bfb221e-0dae-4623-9ec6-bcb38c8b502a,iOS
a59dccfa-b362-4f5c-a99c-651c5c15c65c,Android
ac5c3d67-cc03-4f45-ada2-5443a247cdf7,iOS
384d8f13-71cc-4f1e-9787-ee4a696ac28b,Android
c0a6dd20-62a3-4742-9100-03b53aa8388a,iOS
dfc92536-8a9a-4e7c-a3b2-1bb6baf558ed,Android
4f03c18f-14d8-4f0a-ba97-d62fe9a77369,iOS
1d1daf61-a7db-43ac-bdc4-49218cc92357,iOS
a6a4c785-44d0-41ed-b160-b3cf79d7d620,Android
13c6f415-68d6-4221-841e-30eb49d96a35,iOS
eccaedf8-69cd-40be-91c5-132ba3bc3f8c,Android
a394fbe2-5c0d-4842-83bc-36627dbc3e66,Android
ad3141b1-76d3-4711-a912-089ae5c8dd54,Android
55dee240-a9bb-4d7a-87ba-191ad034ca7c,Android
0ca2777d-9029-4fd9-aed5-ff8c62a54754,Android
84acaf68-cbe0-4c73-94fd-6ff9abe7238e,iOS
d15b42f8-4495-4d1e-b0c5-ed83fb45849c,Android
a5e2fdaa-9df4-4645-a4eb-b3219cda11b7,Android
5ed5e94a-66b9-41e4-bb39-e91cbdc463f0,Android
0c0afa55-52f1-40ce-a9c4-29a51544a55c,iOS
2798f839-6e32-4843-b7c6-137400365e7d,Android
c2ce018f-8bb2-42d1-99ef-42ab7e6a5107,Android
801c76f1-43cb-4b6b-954e-ce50eef41d6e,Android
9648a0f2-e2c6-40ea-a1f0-214edb6f9a3a,Android
01bd3e22-6852-451a-8f72-8025d509e500,iOS
847152f8-710d-4fb9-9f39-4e9fc4f99e57,iOS
28b0b851-970b-4d73-8ef0-b97d873955be,Android
21e317be-53d3-4d2f-8de8-1e8d909f4712,Android
0696fc05-e0cf-464f-9664-5ebce32cc0f7,Android
90f7fbd4-8811-47a6-8ffc-b9dfe0b06a8b,iOS
bbd4d52d-a85c-451a-a8f9-fc98b3871dda,Android
c9e90738-7e47-4f2b-8b3b-199839fca11a,Android
48394b7a-9ba9-40e7-86bb-bafa16a125b7,Android
96799dfd-0a99-4633-b135-5a658d2cd59b,Android
ba6a77a9-86be-4e93-98b2-c7d52e423906,iOS
d33b2c74-8f42-4a17-9740-2f617af593d8,Android
7af6d68d-af59-40ce-969f-b9d25adb21e9,iOS
4d5d993a-4773-421c-99cc-82da8c2bc6f6,Android
3c489327-e9c4-4e7c-ada0-f8869fc9449f,iOS
9f86c970-80ad-4e09-943e-4dead7cf901e,Android
d0574f22-5f50-4122-8a2c-b2e1fc65ddf6,iOS
3a526019-7caa-49a0-9186-957b003acf2e,Android
7bdb8264-e362-4cd6-8e78-c0cea4f599c2,Android
d9fafe0d-2c7e-43fa-8cf0-0007cc4253c8,Android
7dfeaef7-8d91-4ec1-befb-2d5a1604467a,iOS
d8288d1f-3d54-43c4-bb82-7090c176f7ae,iOS
b53e77cd-db53-4cd6-b922-58f32d7e9ae9,iOS
36dd3f96-159d-47b7-8b15-4c0d97ba06d0,Android
d7f2e441-707c-4304-965f-7e7025a617d2,iOS
a642c11e-ad6b-4acb-b3bf-7aecc22dc0ae,Android
dfcbdc0a-13e9-46a8-902b-ad78138e1938,Android
c6d40d38-e3ab-410b-b4c5-3981c494e8b7,Android
6895d7e5-f2cf-40b3-a940-f1e266c2d5d8,Android
a2e9e572-ce57-4204-8511-c31c3b246c0c,Android
606ffe34-dd05-4329-b3b3-ae18bf5c00d6,iOS
860fede0-705d-492b-b131-1cdf192f7b8a,Android
2cfaf574-a3d7-4b16-b937-5c594c680d7a,Android
dcd76ef5-f3a6-4a96-b35f-d330c5f2ff6d,iOS
fdd07361-12af-4cd5-8a28-895be475c5a7,Android
7768c019-b5f0-4807-9e34-cdc80e78746f,Android
1891b88e-2bcc-41a0-b008-51b143a3bc5e,Android
ea0f7a34-5412-42af-993f-197747d2e67d,iOS
1204547d-2781-4be8-b80a-ac33ec03e1cf,Android
c5b0cb73-ce25-454a-baed-767b7edc09d2,iOS
e6cdea53-8514-4b35-85ee-5f89b94f3e65,iOS
f025420d-f767-4749-8030-725d6e19f372,Android
32ee9cad-2d96-4610-9cec-62cbdc76fba6,Android
df4bb5e2-3760-400b-bc17-b766bb5d192a,Android
6fe3c25b-65c8-4c44-880c-5521d23405e0,iOS
5054e2cc-b569-4fd1-8817-d0a78af5a180,Android
656642cc-2e42-41f6-8035-07bb04838a7d,Android
e9e1d47f-40ae-437b-9dfe-4c1dd5514676,iOS
f9210e76-5bc3-4a3c-bcc7-ed94023fd80c,Android
79000cfe-09dd-48e2-bee1-bc85633d523d,iOS
d241f5d9-a8b7-487f-9a9c-9ecfbbc92074,Android
9876a973-2860-4634-8c41-7185a7dae49d,Android
6bb434fb-a83d-456e-a07b-7a91fec06641,iOS
b407eca6-d4cb-43a1-962e-7a6fb186064d,iOS
6552d4c3-6f5a-4abb-854d-185ffd94e1c1,iOS
47c33f73-46b5-4a05-bea3-1860e783ffc3,iOS
fc4a24df-e8a8-4d34-9c1f-e491cf719f0c,Android
02b7e3bc-d00e-4fb0-9849-503157b771ae,Android
d50c8564-fcd6-4a00-aaf0-e7a6b0fcb21c,iOS
596cc54c-2c57-4ea1-9b3e-e7355ac0efa0,iOS
5681b2df-e517-4053-894d-f6c158bfa97a,Android
ced15c12-f029-4579-ab0c-85e6644a7fb1,Android
2322c215-b92e-4247-a08d-2b6589ceb555,iOS
2d0ff32e-ef18-4d14-abcf-3191114b8383,iOS
ad4f23e4-d049-438e-ac98-7107262ca5e8,Android
5af9095b-5691-479b-b7bb-772cf583db0d,iOS
51d46955-91fa-4df4-a5c2-d65f225edb18,iOS
cc1fb5af-1cd3-4d0f-8b6b-102a8731b29e,Android
a1c4d0f0-5fd1-418d-aa0f-08097956bd1f,Android
d3cbb7fa-dfc5-4769-a337-860a193cf8b3,Android
43a12e99-6ff8-4c28-b218-62fb193afa73,Android
5327f735-586e-4a10-864d-c36f18a7aee9,Android
1af544ae-ab49-44a7-b821-28fffbf2081f,iOS
36f3b306-729e-4a9e-973f-80a1d01d539c,iOS
c6bf1d6b-1b79-4ac8-8d07-dfd3d1f20662,iOS
db5c89fd-671a-4c5d-8d84-ec39c9ccf30b,iOS
e39f480e-4bb3-43f6-9a23-98d114acbcaf,Android
530dae76-a0d5-463f-8c7f-6c04e95bf17a,Android
50d1c6dc-6a40-4067-b484-617992923062,Android
1db9084f-a8b3-4de3-a47c-6163d8f8f239,Android
0801f23d-026f-4f00-be0e-88a9b0bdf687,iOS
7041f8c3-d95b-41c9-a2f9-0352e0a7d02d,iOS
547be5b4-aa98-4be7-b49c-d3790b4230dc,Android
9a2b1ba5-fc0d-45bf-9708-e8bad57d59e5,Android
dbf2bd66-8188-4fee-a9d1-a89801a37637,Android
aa8f0ca0-05e7-43b6-a5e4-4a2cec4a7156,Android
f3ec1b0c-e106-4eed-9531-e7023c4560be,Android
4c2ebb3d-7c65-4a41-ba8e-3169c88f019a,Android
f564b2a4-951a-45ca-ac32-ffc222f44c64,iOS
c8a1c4d6-0169-4df1-9563-b8c6310e2a56,Android
01917b38-c44e-4882-a18c-273a866a8e60,Android
6e466337-6237-4b4a-8d0e-aa9baae8daf6,iOS
292b07d1-5935-4ec0-ac2b-9fa6c94be5b5,Android
450aaab4-d536-4712-92e8-61dcc2105022,iOS
06e6038e-f970-4c1f-b54e-d318c2cf46fe,Android
b4a9eb1d-0512-4830-ae42-b583bbf7edd2,iOS
b1508878-1d0c-4117-bef2-b806c74258c3,Android
5b256639-1a61-4162-8e17-d60decdb66db,iOS
89c3fb7d-ffe4-4f73-a1af-3b302cba4be9,Android
f5ede83c-8595-4dbd-8efe-70311f34fea4,iOS
4e372131-f0c0-408a-b7af-43f7452063fe,iOS
fbc2a941-86a8-4007-b031-b0415d9b9289,Android
8c16bd5f-6900-458d-a8bb-3d9b9d633480,Android
12386d02-29e0-4918-9da3-b8c4c4107250,iOS
afaf0658-5b82-4cb7-81ff-a44b16a39831,iOS
345f2258-c37e-4de7-a903-254f951bee8c,Android
60d830e9-5944-463e-bf9c-e8bdbbba24f8,Android
f38b0c37-ac6a-4ae0-97b8-cbc96305108b,Android
b4dab7b0-614b-477c-8500-a89281ade70f,iOS
3c3e7234-983b-437d-8d34-46d419042d98,Android
2473d29f-1ae6-4733-a9df-057cb0f3af52,iOS
abdc7731-76c0-43da-835b-b942ca74e3e0,iOS
008bd676-5b13-4af2-aac7-0b53e761111f,Android
2e5d6037-8621-4509-9cd6-dc9de662c7a1,Android
c513a7cd-502a-47b9-98d8-3698cbf33007,Android
95ec1b2f-fdd5-49db-9aee-2a2ffaaa8232,iOS
eba7a64f-c3be-4a7a-97d3-82769f9f79bf,Android
4f864091-acc4-414e-b26f-b907d3c7fee1,Android
58e82571-e215-4d63-acb6-b5d862b436cc,Android
72c1c67d-f428-4c64-8216-5e545b1bd4a6,iOS
5225261c-346e-4dcc-ba4a-b40354d2b6b9,iOS
818275f2-b1db-4adc-b66a-ce500d810c62,iOS
1f220561-b682-4da5-b941-a9829c546bac,Android
928c948a-5b86-42a4-94d1-f5baa5d18ce5,iOS
dbb9f713-a3cf-482f-b7d6-00a574117c11,Android
005d6c46-0b3a-424a-b6e0-9d7fddd0098d,iOS
08bd9af7-0292-4524-bcd4-40c75519dec4,Android
1e98d7dd-b7d5-41bd-a2ed-fb11e67246ea,iOS
701352ca-6311-4c3b-b113-baf1e85fd01d,Android
3ec63b04-5569-4e93-a0c2-b9971f7494f7,Android
32e39a71-245d-4abb-8173-3ab8dcc363bc,iOS
2b95ae37-76eb-46c9-81be-30c16bf59d15,Android
60cd6187-f354-4cc4-a3ec-68c014d1b366,Android
7520c5b9-4a74-4b12-8bd4-d5db09739627,Android
84381762-a8a4-4a77-a163-1c7e1a1b4498,Android
3ab80bae-49cf-4c50-bef5-82ed8f6cd126,iOS
fe30310b-99dd-4c85-b67e-bce0bfbd5f97,iOS
e9d3f4b7-59f7-4d4f-a8c0-f50d5f41feec,iOS
71d8dd5a-48e8-4837-b99d-281a2f691ea2,iOS
e0b921ad-3440-4087-8dae-9d88ab046fad,iOS
d6e76eeb-b96f-4b6f-9c2e-b27386fa6ade,iOS
fbf17cfc-28ff-4b97-a1e6-be4da319121b,Android
ecb52667-d421-48ac-abff-b7deedb21c9e,Android
c4b5d7d4-313f-4d85-a55e-ccee6cd7d952,iOS
caf888bc-930b-4b25-b03f-37f2b4a2ae70,iOS
bf51a0ae-d5b3-429e-ad5a-fd7ca836ad19,Android
f597a6ce-76a4-41ad-bcd5-67a70102e0dd,iOS
5f522f41-d6f7-4689-921c-a480151e8cf9,iOS
d1e5f64b-ad64-42da-8cc4-0b20532eda22,iOS
720e21dc-2f82-4cbb-8189-39b7b173a4d9,Android
48906560-fcb2-46d7-8ea9-5275537b7ca4,Android
2b7d0cd6-ed04-417c-9d18-c9644e7b19be,iOS
abb98a35-777f-4307-9698-781b1811d82e,Android
29fcdc31-b2e1-4f7f-b003-e9157cc70d11,Android
ed536231-1a25-4d31-a1c1-0e2113cdd100,Android
d7d0f747-9024-4cd2-bc81-8628b47f96a5,Android
a0e7e82e-0b57-4d6e-9162-825f3925f86f,Android
016bf40f-72b3-4d24-8f4a-79ef951a2854,iOS
eff10591-521a-4f0f-bdd4-3fcbcaeb01cb,iOS
53cf90bd-34a3-41c2-8c28-c2a4811b73ac,Android
50248461-58c1-439d-a785-be814cf5613e,Android
504d5435-4cae-4407-8d12-b525ecdde1eb,Android
463527b6-f857-4e02-b584-34e48b6ac597,Android
b12ea0db-f677-4a21-99fa-dd795272b872,Android
73d01dea-83c0-4ac2-8260-d693172e5d88,iOS
c250c421-fa63-40cc-bfe2-1c67b264c47b,Android
791c4e03-88b5-45e4-b8be-a9e31776d838,Android
0660a26c-3712-46f2-abc2-2fedab4591ea,Android
1ab7301e-230b-41c8-971a-2a171e5a4ef9,Android
5dbea3a7-ce0f-4e4c-ba53-c859325457de,Android
233d8f56-5223-493f-9591-2132d6317d0d,iOS
99b2f32a-33af-4557-9199-611a215019de,Android
640be95b-ba22-43e3-bdf4-d288bb0cf57f,iOS
1d582e7f-c7ff-41d7-838a-b20cfad29676,Android
4b1ac773-3d49-4007-8ed8-102c112a7411,Android
c1a841ec-eef6-48d5-8015-8f98b2789809,iOS
754d4a4d-10ed-48b0-909d-d10c1a4d7e27,Android
1b93cfb9-9660-4814-88d5-a91226b5b2f3,Android
0fc229c3-143a-49c1-90a8-7e4dfb190a0b,Android
096b460b-8400-49fe-a491-f0e2735579eb,iOS
ffdfe021-4c8e-4de5-8195-9a5f887ff1e9,Android
06e9420d-0b85-40c8-90c1-9b64f2110144,Android
fe961c4a-9a39-460e-a66f-40668f6e0e00,Android
a8fb4fc0-6b0f-4817-9f82-cf6838340ae7,iOS
0d0894f5-4eb3-4e72-b74f-1a9d1c79a5cc,Android
8d62b2a5-30ba-4c0f-82e1-de690fcb76cb,Android
df15b43f-de45-420d-b964-b8733866e20c,iOS
cd91bb93-dea1-4f4e-bb70-5c3287080aab,iOS
744edcbc-9551-4cb4-b8e2-a4576bf015da,iOS
62cb9bcc-a27c-4cd7-8123-ed84b962289d,Android
5b473997-5e14-4b22-917e-3708a644a9e3,Android
7aabed04-2dfe-494f-bb4c-028f91b48a5f,Android
8da2307e-0aa5-417c-8e45-44cc75868512,iOS
8716d9e7-a94b-4bce-87b6-9f4cd74e4815,Android
33dd3e47-ba4f-4ffc-9e3e-f46d795907dc,iOS
1f6ec6f7-b571-4ff1-9d1e-f53eeb035c2f,iOS
68574a88-4e68-4f11-9235-6288d4c07f48,Android
c9e3c732-8aa5-488a-aa24-f7543f840d55,iOS
278b597f-8631-4d0c-ae58-913f0ab1dc99,Android
6f5f1454-5fbb-47b5-a0a7-69f436dd59ec,iOS
24a5ce1c-bc08-4c9a-b9b4-53c0271e9599,Android
f74122ab-ab80-4e39-83b4-740d29dae7a8,Android
f2bb269b-fe2c-4dc7-8a49-2a8c6d9f95de,Android
62b39963-9ba6-4c83-a77c-75ca5655c0eb,iOS
df511059-16ae-4801-bfb0-5f73d7f0143c,iOS
c8c9823d-3d7c-4b0f-ac29-f993d17fc92b,Android
d12fbc07-0336-463d-8334-89d3cd3162d7,iOS
f1399197-18ee-46fc-a8ff-992ea8e274be,Android
90bb23d6-cc84-49f8-aef6-4e260ac1c5e5,Android
aa103e94-85e3-4307-bb8b-95b7fe732ebf,iOS
9280ae87-6fb2-492a-92a9-f3c83d5df4dc,iOS
38fa9f2a-c875-4773-b4ec-f767656b3ad9,Android
9724fd45-e6bb-41ae-8f94-bd7d301889ec,Android
40da97da-140f-475f-85e1-4df184bd48d0,Android
7deef2f4-7d33-44f1-9673-4849aa68c0e7,Android
1acc7bb7-cdbd-4aa6-b925-f2ee7db493b3,Android
b6a3d8af-f630-4474-8cd3-0032af32c985,iOS
19cbb146-ab1b-4ce1-bf8b-4316167b5b4b,Android
03bfab85-54fa-4d7c-a7ae-3f9b7e382edc,Android
83691afb-e947-458d-9f1f-18bc8bbcac28,iOS
a14f0be8-76a0-4586-95f1-2cbb75990c98,iOS
bf1274d1-282a-4f37-9f9c-49b1c0d02468,iOS
7778a675-e65d-406f-8d1d-db6ef76dd22c,iOS
3f217ec5-a82e-407e-a91c-d010b427e5c0,Android
be631dba-4c58-419d-aba8-7e49511d2835,iOS
8c6fcf56-8995-4e8a-ac30-32207aecbb32,iOS
8cdaa12b-519a-4c0a-87b6-d15e0e2a5b3d,iOS
addbc65c-50f6-45ef-9f41-1ed2a54f99d9,Android
efc1c2cf-8048-4160-9d88-0798e5a90518,Android
ec73b8dd-ce2f-459d-aa04-abbf03b87dca,Android
e9b52668-23ce-4e93-a4cd-70c62e4c2875,iOS
d6758b0e-6163-4615-83cc-cc010662b31f,Android
9d93a06f-2344-403f-9179-e11bcfd022d2,Android
123e2b24-79a1-4ee9-8df7-662b7f9f9d65,iOS
f3b73a03-84e7-4518-878d-dc6d27d0f566,iOS
6644a08e-5b11-4aca-9380-d302c37bd991,iOS
8fc04fa8-4606-41a1-ae77-5a5ffe0c7770,iOS
cb0687ae-6491-4e1c-a1f1-578dc052ddda,Android
f7c1c8ab-4166-49ec-b30e-21f76ea5e1c2,Android
b3065110-33c0-4240-bf83-e51262174aa0,Android
7e00323b-d79c-4ac7-a32f-5c9d380fda5b,Android
4d3cec87-436a-423b-9e17-aa37b0949c55,Android
3b31617d-1a69-4bf3-be5d-39d18b02ab4a,Android
6537557b-60ff-4d28-9377-e3d8c300278f,Android
d52154cf-8b33-4c67-9de3-115ded20bb20,iOS
c2d88429-32ff-4aec-b9e4-62431259932d,iOS
9690ab1f-b7b5-49f1-9db6-71baf56a6731,Android
617d2e3b-1a28-4a72-9a27-ebb41fbe5f28,iOS
88eff697-b6fa-49e5-93d1-025691dc90b7,iOS
4814443b-9b09-437b-91cf-a0dc66f93d1c,Android
caa02e1e-7a1d-403b-9487-7da517189fe4,Android
1412066b-51f2-4e2b-8162-1294fbc94808,Android
35b5cd7b-9ffc-4c36-a229-105290658cfc,Android
bca42f91-0525-4c7e-8915-48e29562013b,Android
c162b4ea-db62-4fc3-b0d0-0bfc10965167,Android
72003f7c-cbbb-4c2a-9a6a-86b8fd98c727,Android
c19b749d-c2d6-4946-92c4-44373b6ae91f,Android
e7b0434e-bb81-4574-bbf9-58cb4cc81cc3,Android
63b1c949-d647-4eef-a998-7905fecce5a1,Android
f0174e70-e8f7-4a07-ae26-efb44cfbf7a5,Android
c8f7bdd0-591a-4c3b-912f-4f17d691c7c1,Android
32208292-12ba-4e2d-8605-138ab3ce268f,iOS
216bcb0e-40f0-4d32-a957-b69ad24dc1fe,iOS
650a73cb-2f34-49d1-820b-7af551df7511,iOS
8a757d47-a911-4c89-a3b5-a6b59c67ebc3,Android
3ff170c0-64ad-4368-8dfb-04bb31a72a79,iOS
fb5e91f8-a226-4cb4-ad38-28048eba4111,iOS
ba80f5cd-0e8c-4e15-a468-72d0f362340b,Android
a50eea0e-65bd-4ecc-85f6-7ee826f38015,iOS
d4b07578-4cb5-45b5-9164-719a09eb64ab,Android
d39a934b-3a5e-4143-807e-f1c8ddf322cc,iOS
fb53352d-32eb-4dd4-9a26-b55c4766bc82,Android
301a1aeb-c67d-438f-ac35-41fbf5b944e4,Android
1becfa9d-985f-46ca-a6e3-93bcf477906d,Android
52939aec-8114-4041-9d56-49330bc4cce0,Android
2bfae545-a3d7-4401-91d9-d4564c2bcdbd,Android
acece446-0aa9-4cc2-9ddf-9f373f87315e,iOS
b5a08be8-e798-47d3-b577-2648609655a0,iOS
3530803a-afab-4638-b04a-0c3da3b1b551,iOS
466e264d-1672-4a52-8c9a-2e9b68b9d735,Android
e8de255f-4355-4c3f-83e3-8832864eb9a6,Android
4bd2f82f-20e3-4216-acbe-52917369a87c,Android
c66f446b-1f5f-4573-b456-3f5a5d7d2516,iOS
f60ac0e1-88ab-401a-8a21-69093997e60f,Android
4638c673-0102-4d1c-bc87-d69f2563ba1e,Android
d5769601-b27e-4438-a21a-e0eae24fbb06,Android
6b83bb6b-424e-4908-b6d8-7967e722f043,Android
86ee870e-a34a-4e4c-99b5-7d618d7b654b,iOS
99332514-ce51-438b-9c5e-b9e6b990623c,Android
0e0f8322-bc1a-4650-b1bb-16a0b6a15c88,Android
aea4cb3f-36e2-42e1-9e98-be06c78137b1,iOS
1ed65fe6-3534-4176-88e4-5071807c2240,iOS
cd00a23b-43ea-47a1-8778-bf461d0199d9,Android
358d2c64-3743-460c-8f6d-44c0136bd8d3,Android
ef75a3e3-482b-4cc0-8774-275bf473bc14,Android
bcb1b691-c056-4ac9-bb46-1ac250bed6ef,iOS
e54ff00e-f5bd-46c4-b09c-e1fd7d4d7bd7,Android
35b5fa1b-c0b8-4d44-b4a2-fe4ca6ad9d5a,Android
0c222883-8b98-432b-b4ff-531134c07b2e,Android
ec53a037-2740-4a84-b998-0ea0ce467d70,Android
ffbb1915-2849-4fba-a000-db30ce46a97d,iOS
a62740f7-c9d3-4024-a113-9f35b191cb00,Android
432cc8d6-7841-4b2d-b0ea-3edcec05b99f,iOS
1366df9d-ea48-44dd-a6ce-4d8e81e0a306,Android
81c81382-f046-419b-af87-204c3e357cf7,Android
0343ae9c-b4a7-459a-a519-63a9c5fb841d,Android
b17f6a37-5cba-479c-baa9-b968a1209cef,Android
40200ddc-b72c-48b9-8627-5d251c6a5f50,Android
097ecb75-23b0-4150-ab42-f087f2a53be5,Android
09854f0e-5fc9-4c03-93a0-71dc2b9b9e49,Android
63b10c0f-8213-4e4f-8219-1114e6b82255,Android
bb20d8e9-7828-46d2-b5b7-51aebe46c850,Android
cfba2186-7bf0-41e2-bdd4-c465aa23e777,Android
b061fcb9-f5d0-4701-9bca-d307ef6a8533,iOS
01f5e1e5-0231-49d2-a0c4-f049145d869d,Android
aa3a8e8a-181a-4f28-a34f-d0ac18106889,iOS
8f9bc33b-7016-4348-aeae-a46fbfb73b4c,Android
5d0f28a6-a276-497d-ab8a-6d1b194372d3,iOS
905ed426-049f-4c6e-9b4d-a33147fff2df,Android
cd5bd399-ef82-4cc0-ae8c-22236190e345,Android
6a54da5c-457f-4a7f-9eaa-57c6f8867af0,Android
0c21e367-24a0-47e8-80bb-c6208e15132a,Android
d89a82ca-7b0b-4ce6-9a9e-c03d679fdd7a,iOS
5e7c1650-635d-4f31-8427-140fc189fbe5,iOS
15e00c4e-f13d-4445-ac55-784da8f5e19f,iOS
78308d2c-a86a-4a6c-9762-79dbc6422980,Android
efc25ea0-4d98-451e-aed7-a3c8467a27ac,Android
4ef45c8e-543c-4fc4-98b8-f2c6c71f293c,Android
1aef727b-d471-4e1d-ac2b-773c0646e3e2,iOS
c53699c4-529b-4b25-9cc6-62c9eee39ea3,iOS
fe6716f4-0a0d-4c13-93e5-c043e1e72bd0,Android
f97dc564-2df4-4df9-94d3-15a793147cf9,Android
a3bf5727-9b42-4adf-b373-de5c12fb877d,Android
52febaec-8815-4d5b-828c-932f73ccedff,Android
27fc65c0-2a68-418f-9541-406a61209918,Android
c24aa1b0-29af-4016-91d1-b103caba2c37,iOS
8c477544-3325-4520-b65d-b2429ae8bdcf,Android
e1ee07d8-1b17-4e95-8289-d08bbfb77691,Android
3d6b0ba5-f313-4a78-843f-c271d320ae27,iOS
4540940e-b02a-4f95-8fbd-762335a60a11,Android
2ec6e7c6-b8ea-471d-b4ff-8a34899e4d37,iOS
7df09739-7a68-413d-8516-5735d15e8596,Android
a259f257-1b16-439e-8cf6-31e8ee21239c,iOS
b0dcb984-4c34-4fa8-985e-d437b1718d7e,Android
2e691638-66d2-433e-890f-3fb73bed47d8,iOS
8033a1ad-ba78-4545-b12f-4cecce18822a,Android
68c3c98b-8156-4adf-b39d-062288bad87c,Android
a80cd1a0-eda8-440f-8bcf-ddd0379d61da,Android
b8a5c580-551d-4109-b538-5013a01ce7ea,Android
5c90fafb-950c-4381-9fce-90f985b5333f,Android
711d67e8-32f0-43cb-ab64-63ee1edb37c8,iOS
e8de6118-8228-4447-8006-7ca6aa40f7c8,iOS
7ce0ad57-a419-4d54-abe6-e131c1fbbd23,iOS
51c15908-a0b5-449c-8afd-1ef6e6a97020,Android
ff4677a5-d21e-404d-bb00-f856db05d6b0,iOS
291d1fe4-cc7b-4edd-b456-0a3e0b24e6b2,Android
76d02499-5784-4e86-bf5e-454748b9eedf,Android
3c2409c3-a87c-4fdb-81e6-31f905571eac,iOS
3222fb8a-32e1-4f5f-a5d7-ea5dd7ca7971,iOS
d5653038-64bf-4233-8745-3c47d6349cd8,iOS
5243b02e-04f5-4efb-afd9-5cea9427aabc,Android
f5cd1abf-f5e0-40dd-8861-74c85765687b,iOS
090869e5-6604-4449-9c5f-a49b8281e6bb,iOS
5884b984-c866-46f5-a719-bb0be48de598,Android
ef389b9c-9b23-4fc7-a897-f7d0dd9a7ecb,Android
f2dbf1ec-58e8-4f53-8d74-295961663ed0,iOS
9ff8ff27-07d0-4d49-98db-56bfbf2d9714,iOS
ffe38767-41d7-4dbc-993b-d0ef954d9b4d,iOS
45ede1a4-79c9-4118-9144-1d82168c4f17,Android
040ff15c-3b0e-4ddd-86d6-4c32a1563bae,Android
863eb4b1-59c4-4120-b394-93e977872c9d,iOS
8089aae2-b943-4009-a031-0fb24c6d905d,iOS
700c2e2a-e030-4a8a-9c9b-18fad7113d65,Android
bf579fe0-20c7-4315-8e9a-1f1bc6965446,Android
a33ac417-c580-4150-b581-a957f3d5328b,iOS
fa82ff1f-d474-4c4e-9409-cf7bcb2dff77,Android
edd73a02-cb93-4996-af4b-97a24076849e,iOS
ff1ca66b-d0d8-4f40-bd92-480b8e347ac4,iOS
cb40ee1c-c115-4eb7-bd8a-022143132087,Android
20ae15ba-84d8-454d-a729-a898304377c7,Android
12ea0d45-6334-4140-8c90-610530542972,Android
a0968536-82ac-4c5f-b549-f528fd6be591,Android
63e84f68-8c8c-417d-a8b5-4519bd4bed57,Android
ec9689da-bfa7-4e79-8b4d-e868a3b45e38,Android
6576e31a-bbdc-4a22-b155-0a888d605358,Android
32c1ddb5-c62e-4671-ab18-a8b054b6604a,Android
c752884c-c32b-4c0a-a02f-2d4279b4258b,Android
ae574b9c-6968-446a-9d4f-417f9853c2d5,iOS
4b496d66-0615-4d0d-a7aa-2c83837e5f2e,Android
a13811b7-e779-4933-80d5-b2df39044a86,Android
99642223-e621-4bef-8e8c-6062415360d4,Android
718f4d41-3f70-42fa-a8c3-6259b4534290,iOS
9ff65503-cf21-424f-ac36-bf61fbaee78d,Android
4c6ba469-5563-4336-bbb6-d3c189f7c306,Android
34030864-1b33-476f-bb85-c99f1486e647,iOS
645dfccf-48e6-4f5f-9876-21ce0d4c538b,Android
ba864bab-3ba1-4744-a333-e7601bd3604c,iOS
0043ef15-db49-4914-898c-4b0dfd61f0b5,iOS
3e21924a-e8c3-4f38-9fea-4029b04226e2,Android
3dd313a9-45f3-4324-b2b4-f1dd1d621fa3,Android
a857b939-30d9-4ae4-8aa0-34638db86820,Android
8d61914e-3e0c-4739-aea3-0b0176583177,iOS
a102996c-9923-451b-808d-54fc8dba8f5a,Android
4cc5433d-e79e-4cf2-b85d-3b0c94542fc5,iOS
8bb69b8b-db43-4f48-8b9b-19c50a3e1a7a,iOS
8c454a2d-f832-4c0e-a961-e2f0579ec7d4,iOS
f44fb9cb-026f-46cc-bd97-5a850c1322b0,Android
23679ad8-c5bd-4b84-96ed-c8db03cfa75f,Android
e37ad721-3a87-4c8e-8c29-30a6f0f1d036,Android
0c0d2946-8575-4f79-bc77-c169e58ff172,Android
74da5318-c243-41d4-909e-4c36ead4a5ed,iOS
4cc93512-d2a5-4b3f-b11e-2faa5339a9ea,Android
79b772d7-a432-44a3-b3d6-79791535e7f6,Android
f853ec03-5cf0-4b4f-b810-c04b85560649,Android
1e0ee692-e0d8-4c06-ad7f-0d76ca832140,iOS
0d57fc05-ac75-49da-bd9e-48ad9c2f1064,Android
dc9a578e-bb3a-47fb-8af5-da987a5b5f9c,Android
9a518f21-f455-4597-9034-730015885214,Android
97f53e99-afe4-4c13-85a7-144f6a7e4410,Android
9e226319-cd20-48a5-b5cc-4e06ec32e26b,iOS
0f30680c-a154-4034-b69b-8488ca6b54f7,Android
0a5b6c4d-3119-4a96-ad6f-5e7103f3ff04,iOS
36820eb4-56da-4263-91ac-1aca8245f7ed,Android
c6a750f9-8ee8-49d6-b031-23a5e94d440e,Android
40e71809-5a84-4f87-aac7-1fad15c79844,iOS
32d74243-3101-4e69-9542-72effc5ceb4f,Android
2ed96c60-00bb-4436-bce6-e1c7cd5dd1b4,Android
f225308e-5883-4d20-ba3c-e4f0f76f0da8,iOS
11e7d7a4-6468-45c0-ac14-7599591962b7,Android
55bf916d-1043-4bb7-941c-e724bd44e208,iOS
6acd5445-8ce2-4443-a001-82885f799dcb,Android
16c21c3a-f209-4bad-8adc-2ab97fedaafe,Android
eb23efbd-d627-4b71-83a2-df23d1e1a651,Android
e365035f-cae1-4b74-9b6b-f28746d4f578,Android
c678f0ed-221c-43bf-9ac6-1e6b48121ce9,Android
0d4a9ddc-e049-4f47-b40b-d4405ef789c5,Android
56f429cd-c052-4be2-92d0-6f7538aa970f,iOS
a79349ec-8757-4e41-85a1-b2a8e8a5451e,Android
2166d04a-446d-4261-93c6-91584f93474f,Android
61fbff83-46d7-49de-bc97-44821b9d5643,iOS
c1ccfad6-d531-4bba-a206-fd41261127ee,Android
06c7482b-5b68-40fb-b64d-507c6c7b6691,Android
e67112fc-b69e-46a4-9795-a9d51cda2db7,Android
49e3fd29-b66d-4658-8615-d81c9e18c915,iOS
20ca2801-f7f4-4774-a00d-01421a7461b0,iOS
e03ca0b7-e647-45f0-9f81-a37fd705b294,iOS
6f384f8b-e784-4310-8cbb-c7a93fb0eebb,Android
bfd73d24-84c6-47c5-a730-15a6b97bbe1e,iOS
b6d6421f-64b6-4d13-bea1-1c0de08aac25,Android
441eea95-49e7-4bb3-93da-f34b9b8da610,iOS
2fd45b77-f9b1-4a66-9f01-9ccaf0d5875e,Android
3076131d-1503-4fc1-88f7-68a87a4c38f6,iOS
85ba21d3-301a-415e-951c-577df8168887,Android
98e48e01-c7c6-476b-929c-17d66b4fc993,iOS
31a0a95c-c186-4183-8ca2-a486cc486fb5,Android
82f52332-116a-49b0-accf-2a7e4ad84319,iOS
a6feab73-e8d1-4cc1-b87e-71d696378fef,Android
0643f43e-9026-4096-9fbc-a8fef2258c1e,Android
05cc9481-b6c5-4c04-aba2-3607caa57078,iOS
05d1833a-3335-4e9f-b4dd-b1f541769e75,Android
614b7629-352b-470d-bdac-4bba2a64b9ca,Android
6a635ac3-352d-486f-a2f3-8573cd4f2ced,iOS
2feb0674-212c-4d55-a2b1-c62954237280,Android
bd92e0e5-5567-4dd7-a57a-26e9964e8300,iOS
62f2dbf5-4691-4dbf-80a3-931c5a37af37,Android
d9d8da64-f9b1-43df-8715-dc77dc98a678,Android
cfa59796-8975-4747-8912-bbcc3c7a8e7a,iOS
fc593700-84c3-42f9-b4ed-ea58a3ae5722,Android
349b9f8c-b191-4c6c-a734-c3a7c53fed36,Android
932766fa-b530-4202-acf6-d95436ca1152,Android
4e635c07-0193-4acd-852b-2b8d5d1c9a4e,Android
b8572c77-d8e0-4c10-b656-9fe315345cfc,Android
d8092875-2de1-42b0-a5f4-7fa02c28fb46,Android
d4701947-59fd-438c-bd43-2b7e92ce9b5b,iOS
1275eb3d-6920-42b8-89d0-93c2e024e616,Android
e86bb875-4288-4f22-a3c8-9c7a2c8e2b53,Android
d4673add-7e95-46d9-a796-db8f3d4bb9fd,Android
55c33ecb-925f-42a7-876a-c6180382d2e6,Android
a0274ed8-5825-4fb5-902c-9753b3ee373c,Android
2a90d0d1-4bc2-4110-85e4-ded392ab060b,Android
4fe03470-1530-4ce2-a111-2fcffeb02f75,Android
ffd633ac-2b36-480b-be3d-ab051bfe89c3,iOS
31231e22-030b-402b-bf03-5e2a9c0ce6bb,Android
c5d6241a-d8d0-4eaf-a37f-8f53a7cbd74e,Android
970b7f5b-7b35-4d11-8e54-fd8ecb9302e5,iOS
067fd51c-17d3-48ad-af37-9fa2fff0fd04,Android
f2f01088-b0ee-454b-94d8-43f9544395c2,Android
74082927-5ce4-48be-b9ad-cfa5d4628b99,iOS
70908af2-a48c-4c41-9510-9c1b98a7ce64,iOS
319c5366-6ecf-40f2-961a-ef915af35765,iOS
1f9beab0-ebf0-4592-a52f-fa830a5a298c,Android
109f17ee-2516-43ed-9e68-608fb52989b0,iOS
398be56b-6dd0-4d6e-bf02-a25a6e790c10,iOS
391b57ed-d263-4710-87a6-e433c6d61bd0,Android
28767873-ea4c-4fb5-abcc-57d16c6365d3,iOS
377e8e90-bd94-4f32-b7ba-2a5687c2f5b9,iOS
8df016f5-f2b3-46ee-b54c-02422f09f6ad,iOS
84acd66d-3a17-455b-a06e-943574698473,Android
5333657a-5283-4d8a-8e17-042674b6f4c9,Android
588ad1b7-9d53-4db3-afdc-c0e1a4cdd13a,iOS
3757b347-2753-4df5-80be-c8cac9bbe4c2,Android
182a9bba-00bc-40e5-980d-7cc26d19f442,Android
67c5becf-e5ca-4c5a-ae8e-e5cc60d0c85a,iOS
b49dfba6-ecdd-4ff1-ba44-1933f090d118,iOS
c3f3b03a-954f-4c24-8941-982d3c4aed0e,iOS
52ecdc36-5741-4801-bf61-900458c6b9e4,Android
061a7f9c-0c64-416d-9c17-9f181106ef59,Android
40258e5e-6bf8-44d3-8cef-24c816cf5990,iOS
a396887f-0619-4680-8b3b-188365dcba1f,Android
5c9b78da-362a-4658-8d45-3d66297b41ab,iOS
e1beb8c5-6a54-466d-baf2-80d0e99a5b85,Android
c36a4192-a819-4307-9e91-610f14b0e379,Android
0edaa27e-6fe5-4163-b02d-ea1a5695cdac,iOS
606f4b16-502f-405e-b24f-77e9e6d7dd58,Android
4d1ca872-97b0-4355-ad6b-af787e161ca1,iOS
f4055321-13cf-4061-a37a-361257fae3bf,Android
57e6614e-5bd2-4d6c-a8f7-74945bdad707,iOS
939dbace-e421-4de0-b7b7-288052e7f9af,Android
ebe8cb5a-83ec-4560-b343-c0fc01a10c7d,iOS
d7aa4b0c-42a1-45d3-8c09-57adc28719fe,Android
75cf66ae-ba95-4d16-a895-f7317d0b425a,iOS
72f73028-b291-41b6-b52a-0eace2ff0736,Android
7e9c61e0-dd15-4454-bab7-f313d0af1f61,iOS
4532c2b6-a937-4f98-b83a-6a82185e08af,Android
f946df34-54b3-435d-b969-894d1f3acbe1,iOS
74341518-4c79-49e1-85e2-255749f12a4e,iOS
4d67ac52-1254-448f-863b-674c0f3a98d1,Android
5fef9802-2a66-4374-be58-48b67a305048,iOS
80a78954-dc93-4912-9bd8-8fb7418b28cd,iOS
28967b64-a341-47f0-91f3-250a08e3e659,Android
b5c44499-c1f6-4e54-9e73-194aecae2eb0,Android
09eb57c5-42f6-4982-baaf-2770b0227ddd,iOS
7a831534-f2cf-4591-a9f5-8efe9ad67c61,Android
b95a157b-4316-4a95-ac73-5d5783380453,Android
17f849f1-32cc-44ca-a3e8-951935269d79,iOS
984e7d86-86a1-40d3-a64c-448e8db5165e,Android
030f2f00-6a07-400b-a39b-8463d3d08abb,Android
6580fa79-7e98-41fe-9f35-8f64cc49baf3,Android
0f4273ae-0c8e-458a-a6da-d58a3e980505,iOS
698d9c97-1ab9-4324-85ee-1543272afdb3,Android
02caed2a-1b6b-4f9e-96ba-6c738d46efca,iOS
8a22fd67-0626-459d-9cd7-f6137d60222a,iOS
18666ce8-2de1-47ff-88d3-6f691a821f7b,iOS
5339d89f-9856-4a38-a5b0-c64b5d02968e,Android
752caf0d-1d24-491b-904a-c04cb95330aa,Android
44164a88-6133-4a0b-87df-95933949c770,Android
91ba347e-aeed-474d-bb04-075bf1a57127,Android
f5facae9-5bd2-4165-b22a-edf61090c03f,iOS
00b50272-3806-43cc-b78b-148c098c3c0e,iOS
20973822-1a6b-41d8-8ec5-e9e2241a6a47,iOS
4dff32b6-1cf6-44d1-ac9a-2abd74b05f3c,iOS
7fc713dd-1065-4e74-9f7d-fb18c704642b,Android
855820a4-2d10-4a4a-918c-d538d68bf912,Android
073b3160-2c06-48fb-9956-5298f805242b,iOS
8a115b56-e1af-4237-ae3a-e9dde1406fe0,iOS
a2115865-ac63-444f-9e6c-d2b1bb6057d7,iOS
28f7237a-6359-4004-b7e6-026c136f8875,Android
6d810e60-6f0f-4f55-9f81-d838be28f8c7,Android
e10bf14f-6e62-44a6-9ba4-031cb5e5c330,Android
f4610476-b935-486f-853c-d2bbc4af5006,Android
c35e0f2a-4b30-45a1-9489-097fe33ef41a,Android
18381452-0f0b-473f-ad9c-f499ca0514ed,iOS
542cdcf2-68f0-4bf3-9931-b2fc3f042455,iOS
2281014f-d30f-4e4b-b15c-736ff6b8dbdf,Android
5367affe-cc8e-48b3-a498-e1bea25f7c2d,Android
604f36db-c561-4072-8700-9ad4beab1daa,iOS
297f8886-e2e4-40b1-ae71-060c84ab93fe,Android
38269b38-eea2-410d-96b5-13c702f678a5,Android
d7939274-5707-420f-ae37-b27e67c18da9,Android
e263648e-c0f8-494d-8bd3-88e67b8ae752,Android
f1b74586-bfb5-4c1b-b97f-621a3b7b02fb,Android
12b8352d-6804-4937-979e-f5a27982029b,Android
6d2c0c0b-3932-463d-a677-5d8cd1ba7f23,iOS
fa954271-d728-48cb-bef6-335240ff9893,iOS
e61c6c7f-126f-449f-934b-02a3f71b51de,iOS
f47173c0-32b2-4804-a9de-7c56b3fa898b,iOS
72f81386-4533-4e15-9245-85022940d844,Android
fdac5a36-9695-4c6b-9bda-5bb952eac6f8,Android
d647b4e2-14c3-4b01-b8e9-456decb9e09e,iOS
187c792a-27f2-434e-9988-2c6d71c8c3dd,Android
a7f6c40a-74d7-486e-ade2-b68058aca61b,iOS
367e9108-ca0a-40c7-bb63-2aca61d88331,iOS
2e40031d-a2d0-4ea8-889f-fa816ab2e7fb,iOS
8f662a40-bce4-4186-b887-8d424710820b,iOS
45481209-747d-437b-871c-5e769ce6ce9c,iOS
60ad0302-be97-4151-b61a-c96929f814ff,Android
2cd25794-ad5f-4785-939b-a6635ecf3b15,Android
3a8c6291-0517-4917-9bcc-66c8f60c7584,Android
4cd9a983-8c4f-4407-9e0b-36d1c161db68,iOS
e8178884-4aa1-4930-9350-d7772e4688aa,iOS
d51fe932-365a-4cc7-8900-887de0a1de61,iOS
ac705b13-6de9-4d28-8797-ce7838247a1d,Android
f016cef1-9808-49ae-a188-a3044f1761c4,iOS
d59c7514-528e-43c4-96e9-3d9c2a302b4c,Android
36d151c8-a0a4-43d0-94fe-9ecf6f2f4ad9,Android
babbb9ba-6244-415c-bcab-248e6be978f3,Android
f7e7518a-c975-4d26-9efa-d75a9c18f598,Android
36e6bff1-f2fe-4d1d-b60b-6342e8a35b93,iOS
71478018-b5a0-4eac-861e-51aa31c9f494,iOS
732406b4-d11d-4bb8-8455-e3997fbeb56e,iOS
c98f60ff-6cf3-45ad-b4fc-c0da425a2110,Android
8f4d3fd3-51c8-4f18-80ff-0936242eec41,iOS
56f85a3b-9522-45e0-898b-e27dd40b8f20,iOS
c2c44e64-4cb0-497a-8224-7ae6d9e01193,Android
a31055c1-7b56-4720-97ac-d9855481ce0d,iOS
b8f9cea1-542c-4015-a52f-04c63bf51f59,Android
6a918292-41ef-48da-8d4e-30f4edf96e7f,Android
ccf8a2f0-9ae9-4b98-946f-20e9c011fd2f,iOS
9bd895d3-a1ea-4aa9-bafc-08fe3de33f88,iOS
a90b55e9-40bf-4d2e-b156-5ed801558ace,iOS
367e204d-0850-4f25-a262-5efe2dd81254,Android
0125f7c6-c60c-4640-b515-92cec9cb0d49,Android
4e7f17a4-16d8-4df3-a957-12ce61e39f10,Android
52c80960-94e7-42a4-90a7-08c50e02cd94,Android
ef930f88-7c02-4f53-9fdc-34c08e96ee7a,Android
41be3f84-7f77-4bd9-a1fb-0233e10f00f0,iOS
b5f943ac-56a0-4337-a63e-4903f76bcd6c,iOS
2675a663-3f64-4b35-aec9-62c84eadc288,Android
23ca77d3-56f8-4505-b27d-577c3f7b8d41,iOS
49d64d44-d17d-4ffb-936e-937cffd53bcb,iOS
4cfc90a4-b21b-4ba6-b2c5-21b719d2fc3c,Android
8bb6423b-4ea1-450e-ba01-3f685c78984c,Android
3b4ba917-32ac-4f5a-9b16-6299c4ada39b,Android
85c00a97-b565-4670-8cd2-dee02aa4e2f8,Android
1cbe66db-d60b-4b10-afe8-d6b3f4ec5a74,iOS
88a51e56-442a-4b13-b1f4-edde394789db,Android
8b1a02d1-0f42-42b6-b814-1bb6326be4e3,iOS
ef0c2169-ac81-44e7-b6c9-c19cc65b383f,iOS
8eb166b4-f4d5-4575-b067-c9f9ad0ea18f,Android
4b1b7ae9-8a04-43a7-aaa4-cb0d9bd33801,iOS
875cc546-7a49-43a9-8ad1-bd52ee9bc9cb,Android
0ba54526-1375-4627-af76-6009a771fe7e,iOS
8ae61ff4-2dd5-4924-bb29-3b558931c28a,Android
19863d6a-b39e-4051-83a7-7e7bb3c2a73c,iOS
d86c35af-cc9c-4f1d-a899-cb92565f53ff,Android
33829962-ed56-49ce-af8f-5e12fbd0786c,Android
82a12b31-a046-4065-bc78-59841acf784a,iOS
9373e4e5-6814-45b6-b7e4-c525db282f80,iOS
28d22f17-698a-4751-9f20-c97159266c49,iOS
bbc2488b-c8da-4808-a9ff-510d46722488,iOS
a14b4bc1-58da-40ce-b6bc-d447239895a2,Android
f882a7c0-d9cb-49e3-adcc-abbbeb659e3c,Android
e5ea2128-21a6-40ec-9b9f-96c0c0bbce54,iOS
ea3bd0d3-a2c0-432d-a0fb-60b4537f53b1,iOS
8dd76365-2b67-4262-a317-48133512a5d5,iOS
7af74fc4-3479-4dec-a5e2-1ab9bceac96c,Android
4b7f4c25-0193-4c7b-84a3-56951670c453,iOS
85c1bb80-82b7-454b-8e56-b2ce9a22263c,Android
23eb07b9-4c5f-4811-a8ef-51354dfb0f05,Android
aec3d7a2-0e1d-4921-89b3-abd33cb7ffcd,iOS
cf706e17-2a9c-4125-beb1-79cd140d510e,Android
8abd9324-0417-459c-9ede-2dd10a417ede,Android
90553774-c231-42be-8d8d-077ac72da151,Android
8e8b9440-7097-4fee-a275-5e82a67add93,iOS
bd97c4ef-afcc-49b7-953d-00e8a54be54e,iOS
5c088c07-b986-4cc5-a83a-e32933d105c3,Android
208ab51e-6194-4900-ad28-7f91ff30789e,Android
598e57fc-4d3a-4a08-8589-c2192d7dd5cb,Android
d9120155-aa77-4c01-9152-05d715b91609,Android
dea6c731-8308-4644-965f-67fa0191c2fe,Android
ed64b3a9-a4de-42fc-921d-b639e8d412f6,Android
023cc280-2886-441a-b8f6-2264a1579448,iOS
198c9731-39bd-4d2b-a564-833f7352ac96,Android
3223d57c-f966-4ace-8e8b-2a3619c40b2b,Android
661f883f-8ea0-42d6-a6f8-5adf1e2cd5a6,Android
0f89d4c3-2e4b-4a26-9500-e429d2345ef2,Android
27d36859-b393-48ed-9e83-8f006419bb95,iOS
8e42f62a-159e-46f7-8713-9187c8b6d312,Android
f8814ec6-4702-4275-9287-742c9cd4d1fb,Android
1291dec1-37aa-4f04-8bdd-b058249c4584,iOS
6fad6a10-ee08-42e9-8d0e-97d2788f5fba,Android
c5ec080d-c1cf-46db-ae1f-74e173b4aeb9,iOS
494a637f-36c2-48f8-b83b-1797595e8ce6,iOS
47710a8c-ebef-486e-af0f-e193fc7cccea,iOS
98c2d385-cce1-4b91-95a7-8537480eb752,Android
3636c78c-6767-401a-922d-a07e36caed24,Android
6565806e-ebf6-45ce-a27d-f133518a4f38,Android
617a4150-021c-4d6b-8b18-2c7ef33068ba,Android
2e0b9d08-b4fd-4b16-a6cb-9e591cc07595,Android
1d5bd998-fa0d-40a2-883d-6853207194e7,iOS
f3e23eaa-f703-4962-8608-a95ae868756c,iOS
ea12d9af-819e-4611-b10f-05bfc7da2ba9,Android
a72aa11c-9a91-4594-8bcc-fc5d5781dead,iOS
aba84add-cd13-436b-9c58-b6ad418d3fbf,Android
601ac4d5-5d05-49f2-bc8d-998d76d0eeaf,Android
4dc315e7-d761-47f0-9bed-f8aaca1946d2,Android
04b28575-5681-45cb-a880-e16b774f24bc,Android
f9f1af68-386c-4ef2-b969-37cfcfbac29e,iOS
fac625df-7f30-47bd-b1b1-fb496e134081,iOS
7c991939-5a2d-4c73-ad14-5c3bd955eaac,Android
543ec865-0f38-416d-815b-ba39541f84c2,iOS
6ca00ffb-33c4-45a4-b040-9b54e16387dc,Android
8586e7b1-e459-421a-bcc2-0f0bf3a13c33,iOS
895fde85-bec3-4870-b347-1995986007ce,Android
54d421aa-93d4-4870-84c6-18cf597fa4db,Android
96db8656-61c5-48d4-b9e3-3e3840a4cbe8,Android
a4131e6e-9e70-4c11-af94-930da744e9a9,iOS
574ebb25-345f-46f3-82dd-a8be20cacfa6,iOS
0d9ce100-092d-40c9-8c3f-7e27b0145aeb,Android
be5500a4-3e58-4bab-a077-7d4a50c9191b,iOS
b604087d-dac6-48a2-9122-b947262a9e76,Android
ae916eb6-97f0-4240-a07e-cd339d2863cc,Android
8a0f4703-35e6-4efe-af03-92d8def137ce,Android
a09c0dff-5f27-4457-8b3b-4eb254eb5d94,Android
2cd59325-07dd-487a-9c55-daaf2aff2473,iOS
770f3bf8-a09c-4afa-8aa1-80590e4ef8a1,Android
667e58be-d3ec-4d42-83a9-067e75bf352e,Android
35faa641-005e-4c55-9fdc-84bbb3fc128a,Android
5ecf0700-1299-470c-ace3-b4c96a7a3c5a,Android
b2b54178-60f8-404b-9955-b58daeb7aa9d,Android
4f7f7cb2-948b-45dd-9469-0576d86c8fce,iOS
83d38e05-551f-4d8f-8d3a-8bfd1c103214,iOS
9d2e976d-633b-4d04-a454-e90d3c786711,Android
f247afd9-c132-4a5d-b65e-0c9cae5b1200,iOS
64107f7f-3a3a-4d38-9189-9fd5b9f56273,Android
c3e9af5f-7f0e-4944-bbc0-c4eab331065b,Android
5bb6ece8-7925-40c5-b189-506f34a6306a,iOS
64229901-7ba3-4fc9-a9a8-c3419554410d,iOS
d75f23ed-2f0f-4e4b-b56a-a095b6c62592,Android
a9c750fc-f90f-4e28-b493-35006b1fdba5,iOS
d47c3589-e84a-4861-9b0c-8b13f3f7c686,Android
46554744-8ae4-484e-946d-a600f3c19a01,Android
f17d046b-89f9-410a-b5d2-84646e1ac206,Android
bf883075-ca0b-41d5-bbc5-773ec6f26103,Android
0b494c58-5a6f-4661-b7ab-9a58691f8e2d,iOS
b4360888-136e-4f34-a051-3ec5bae76324,Android
4fe32424-0e30-4297-99ea-17b7f8c4fa7a,iOS
972185e4-c9c3-4eba-8be8-974a2523dce4,iOS
fc001202-853c-4f5e-96c9-56ea054fd863,Android
1639601f-c89e-425c-9921-a15171c0c17a,Android
bacabe58-e4c7-4b2d-9030-ed140c9b5741,iOS
4b6e96aa-9d4d-4043-a049-23e3e9ccea2a,Android
3eb60954-4e1e-42f2-9f6f-43b5f45ed3dc,Android
7c43f0a7-2c40-481d-b169-c19fefcf0334,iOS
e5ead654-742a-480d-8bbb-468d31f7615b,iOS
b5d0a745-28dc-4953-9951-81b96129237d,Android
f47a6bfa-8856-45cb-8e8e-91fb3429bf34,Android
c49d77a2-562b-4acd-8adc-31f8eab841ea,Android
d935b31d-d55d-4311-961a-e74f77265995,Android
30257211-e6c2-4fe5-91f4-12ea6c6409bd,iOS
51243fb0-9f3c-4d4f-b30e-a88abe41f718,Android
40e468cb-a757-4973-984c-760aa56cd02b,Android
69777df1-6cf3-4db1-a813-127660b66977,Android
e11c9268-3521-4fb8-8902-fb952d0a3dde,iOS
d437e434-1bd6-432b-a72e-44f3a3838deb,iOS
955ab959-eca6-4e3b-a9d5-027fae2f4d41,iOS
3f58a4a6-3fcd-43a4-ba54-7b9349f2b801,Android
ec3cfdea-9711-4113-9403-9c1255b3ca74,Android
893e85de-c618-41e1-bf47-b21e9808a719,Android
6fc4ff64-bf3b-476b-9580-cf5496ed6e3e,iOS
951ebf66-6615-49e8-910b-f7df9257ce54,iOS
343f662a-0f48-4953-84db-ab054053cb80,Android
6a4464bc-d615-4232-80c5-47c4d25faab6,Android
256cdf4d-b0dd-4871-8846-82c11ff167e2,Android
a145cadf-99c1-426c-8f8c-4be89dfb6035,iOS
0ee00f15-801e-4ae5-951c-94701dcad068,Android
dba6975b-8177-46d1-96b9-41e299da6d0a,iOS
58885ca9-8289-42ca-88a7-96a2fec49b9f,iOS
ed50cd9e-5704-466b-8ac8-75b2873bc09a,Android
961f70dc-bba2-4d01-8e29-e89cd8daeee0,iOS
44473d5d-b67a-4149-ba02-c2152ceaa680,iOS
e1d64bf3-cbb5-4d06-ba23-315e01698ca0,Android
aa175f86-94a8-46cd-b71a-2885ef625e84,Android
b21e40f1-7351-4780-a4e4-e941a70af0fe,Android
b40eef26-271e-4fe1-8110-36ceb41bb84c,Android
3c9c3206-0926-4fc5-955a-4cfb41001ed8,iOS
db949f4e-7b98-4d60-9c23-b23b6bd08a73,iOS
ea223081-b9a2-4bf9-bcf5-1879ee9248a2,Android
5a0d3c8c-afe2-461e-a179-3b36ea5b0e75,Android
70d68aae-7efe-4227-a47f-afe8f19d1a9f,Android
6e8b09ed-1c90-4e0c-b053-29260538abaf,iOS
fc5298e6-1b64-4cbd-891d-4142d5fdbe51,Android
3780c950-8d3f-4982-944e-a2b470622434,iOS
125e9846-2ef5-47d3-8077-2ca9500f59d3,Android
506e6367-3290-42e3-8e70-a2e4f9e49478,Android
ccd98ec2-7dae-40eb-b5b6-8dc4f06e243e,Android
7e1dd027-f133-4a73-bb7e-2750edf7d634,Android
289edb8a-57fd-4995-89ad-95e870f9fa3e,Android
07dd8fdb-0d29-4c07-8f2c-c18d7ab86422,Android
e5976dda-f240-4b36-8138-cde4fb199e4d,Android
54119fc3-dfd1-4853-8103-86eec787681d,iOS
91a52685-4ef2-44bf-b620-9303a4ec6dd8,Android
db6815fe-c152-4958-824d-34c8f90e24a3,iOS
71d5d8b2-07d0-4bb9-8402-18eb2429b874,Android
f0ab6ed5-caa5-4aec-bd2b-96d807098ad8,Android
7167e645-b6dc-4e00-b5d2-0a4b5ae2b3db,Android
5341685a-8d11-4992-93d4-17805acb6e88,iOS
7e56e14c-a9f5-4ab9-a66c-3b6e71adc8a6,iOS
cebbef07-d4aa-459a-ba8d-fe00daa1b609,Android
497e146c-d25c-4ad9-a99d-aeb82ce4958a,Android
4f4cb9b9-f0b0-4a6c-8210-72a1c707808b,Android
4b132bf5-0496-43b7-880d-df3880264fc3,iOS
0f073482-9df0-407b-973d-01c0940031e6,Android
ecc94c3d-6efe-4314-b756-d80e241b65c1,Android
1db555f7-8132-49b2-8c02-06caeec0592f,iOS
00a9bedc-b310-49cc-93c3-c5d8f8e09d24,iOS
9c31f4ed-c0f0-47eb-8ef9-9f99ee5085ef,Android
3acc33c7-6e79-45c4-b3b7-88fe0eed6cc6,Android
bbf5512e-d49e-4fc3-b5bc-cc2f97ae5029,Android
75d829b8-ff65-4baf-9285-375a7ad5bc44,Android
14bd86e9-e6e1-4fc9-9111-5a1495900844,Android
d0c46c4d-5746-4c8e-aaa9-1da5db51c29c,Android
39a0cb70-3a35-4fff-b00e-aa817f545f5a,iOS
4d3be22d-41c8-4718-ab75-052ada0a1373,iOS
43231e14-c647-43d5-a59f-600993a8d1ff,Android
0419af47-75a7-474d-b125-d2061929ec31,Android
e4bbcb6e-bc43-4f9e-ad62-e05a0e7ac85f,Android
b5e9ebef-873a-4c43-9c6b-9d327115d164,Android
74f169cd-cb7a-444e-9ef5-a7cdb3721f2c,iOS
c127e353-cbc8-4af2-816e-b0fbb040545b,Android
ba5dfe72-d1bc-4bde-aa6a-bea52166e953,iOS
1a5b7091-5974-4188-8a22-fe4e46009347,Android
5e5d988c-5228-4c1a-82cf-c9baf312d26d,Android
3ec807dd-a26f-463e-abb1-3790cd92a7b3,Android
381153fd-ffba-467b-a1c2-f84919c88ca8,Android
038d1b5a-3bee-4ddc-a644-3309fd06f170,iOS
5dd29157-2966-498b-ad57-2a45b4237819,Android
f837508c-fd8f-428b-b4d5-a2af6f1888cc,iOS
dcc73819-ded7-4c6f-b3d1-6b0f4745b07b,Android
650695c1-3cf5-4944-8d13-eed9b8cd989f,Android
ed4d0be0-b34a-4302-a48f-1808a3caa338,Android
253880b1-5a36-4b4e-aa3f-ac8e495567b1,Android
9a9bb904-8184-40c9-a6ed-a5e042d20370,iOS
df446620-7c03-4079-8e84-6ae7a3b3c6aa,Android
c42bc07e-d74e-4d95-8a0c-707cb2f6f33e,iOS
588bea04-db9b-43c7-ba97-5f26c5312a05,Android
a8cd11f3-8e21-47e0-b014-951bff553fda,iOS
aab41be3-8da0-4ff0-a050-6d023206a696,iOS
2c59b974-0ab5-4f93-b95f-8902f1cab491,Android
8a8f251c-095f-4d79-add4-3606301d5e7f,Android
5c3c6fec-bdb0-432a-965e-a8cbe45ba4db,iOS
eb139307-c1cd-4e09-a504-f40f7fd83a7f,iOS
9181a9f8-c230-4b64-a6c0-4c12efe55fe0,Android
cf8bb245-a0f6-4316-92d7-f5da9e38a2c2,iOS
f2f490db-cc87-4893-8449-3184d740eef9,iOS
8237210a-e9f9-487b-9abc-974393ed38bb,Android
eb12f88d-0b70-4250-a788-296d94f86ef5,iOS
eed5f495-dd1a-4247-9f3a-52a0b8ace3b9,Android
5943fa76-8ed9-4540-8912-eaef16f98e24,Android
bbb5ff1a-453e-45f3-aaaa-cbf2e7c19118,Android
208d9c8b-1739-488c-acfd-be6af097ba8b,Android
b0789a64-8370-44cf-8c25-0b27723b45bc,Android
a9066bf1-87c9-419f-9f30-3f69ccb619cf,iOS
4bf2d638-76b9-4452-b617-95a0179ff47d,iOS
0e470108-fd9d-46d8-b4b8-0dce6b1e7efe,Android
4f2909ba-7c6e-4ae0-bc28-ed06a288501d,iOS
cdc2e9fb-bb50-4f8a-8176-5fc4b08872d3,Android
ede2f119-c201-4007-9273-3a50adedd337,Android
6252fa54-327f-4733-a6d0-0730305ee183,iOS
bc4c2219-f8b1-41d9-8c32-c3dcbed8b2a0,Android
d4e7f1ee-9914-45c6-9ea4-9495effe1c0e,Android
8c17036d-f23d-4ee7-878b-0565c4fb6bc5,Android
35099273-2eee-474f-96ac-dcb28b95802a,Android
eaf57843-b508-4c4b-ad08-a4d8217168fd,Android
6dd573c4-c747-4f55-9ce5-e6b5f5f9681c,Android
89cedac3-b3d2-4fe1-b202-1db8ec28a8c0,Android
07bc88bf-5366-439c-9003-c1ea382bcef5,Android
d9860f78-f25b-4e89-9fb5-d3e8e8de6a17,iOS
c55bc330-c686-4f6e-b0f7-6e12ddcf961d,iOS
ee967e20-48d6-4237-968a-6a0bffe39d5d,Android
12b176d0-c317-4f1c-9719-985a1c625c8f,iOS
72988756-2f4e-4f66-95f2-1813c0d2cb04,iOS
eff6aba2-3cd6-4f43-bb2e-6d2c2d67c531,Android
ff57fe6f-7acb-4f6a-b968-4eae4c5b8699,iOS
24e66692-23f8-4656-a48e-16119c81af97,Android
c232b110-021d-4e2f-be93-1caab0223da8,Android
9070b089-1758-496f-b85f-115ecdebb2a0,Android
b97d2237-d7b4-453f-ba1f-ff192057f566,Android
ad3d8d00-3afd-417d-8fd1-33a55c8569eb,iOS
8d5bf495-1c4c-4043-83e7-c05b4ae4558f,Android
49ad9d44-22cc-4794-9810-9bc23ccdfb59,Android
7ca3bf1a-1895-4779-9102-cd7f490e1e04,Android
90c55482-e832-42ec-8a1e-afa66ddb4c7a,Android
26b28efd-358b-4161-9e9c-ba21b24b8fc4,iOS
beb51325-9244-441a-9e9f-d25cd08358ca,Android
4ab6a93e-9c9b-49bb-9d53-48297b163187,iOS
130128e0-4b63-4c49-9615-d9b11d5694a5,Android
40f28c44-620c-43d2-b73a-6c5ac5b70573,Android
128fe94f-5587-45d2-b3a6-8bffbecef3ff,iOS
f2d1f545-eacc-46e1-a291-f2ec30b251a0,iOS
15529a34-3881-43d1-aa75-487e52464de9,iOS
505d89c2-ff35-4561-835c-1f3bd2fda915,Android
0d400cc9-3eed-4c8c-bfb3-705c44b3b28b,Android
d7e56fd8-23af-4bd5-88a0-72f317a6a16a,iOS
4d2f55a9-187a-4000-bcdc-6863347b54b7,Android
c7e99284-b05a-4f37-9071-8a8b14579e47,iOS
0376a5f4-7e0e-474f-aa0c-c1396eebccec,Android
28051e48-e521-4382-9ff6-8e4fb28f4fda,iOS
2260a317-dd41-43a6-af1e-c6b8cefe7fa0,Android
cbcaa7b9-e391-47bd-8583-96f6f1c2a13a,Android
ccdd2bc4-f293-4491-913e-89141e0c4a26,Android
af04fcc6-c265-4186-a9b1-05fc9cf4edc2,Android
e2ceff35-c280-4193-acf2-40bf55920138,Android
e9d0eb6a-b1a8-48a4-a75b-dafc2b065b32,Android
aeede061-adbb-409a-b39a-382a31c908d7,Android
2388d68e-4409-4698-b9db-1cca64a213eb,Android
04097dbe-95ce-4975-a5aa-f09ca47948cc,Android
c8430fbc-672d-4f99-a9e1-74d0c4cbbb98,iOS
66d93d7c-d57e-4d08-90ce-b3bf57fd2717,Android
91ebc823-33bb-487d-8161-cd3133b4325a,iOS
82b49f50-a979-465a-967c-3ba53da2ad1c,Android
3e7e262c-0d9c-4066-8cb3-c8a0073fb9cf,Android
fe7e5a7b-5146-48ab-9d90-7205fdcc9f09,Android
f8029634-659a-40f2-a648-0f2d4bcdd915,iOS
ffac78c4-f5da-4740-997b-461e005a50b1,iOS
a27e460a-c107-4584-a4f6-9cdad827610a,Android
741d0431-5c0a-45fd-b6a7-94c52326c9ac,Android
f44cc045-d066-46dd-97bd-5254859c6f57,iOS
9e024308-5772-4fd1-b240-84d2f131124f,Android
369416d7-7c20-45a9-bca4-cfcecedfeac4,Android
63d2bf39-b444-4908-9ac1-1c9c290db7ac,Android
415cdd01-1f54-4012-8f20-8111935c5ad3,iOS
2f901200-34c5-4659-b0c8-36ff56da6a1f,Android
a4fb9bbc-516e-4249-93a7-ea0162ef2bc2,iOS
3714914b-b751-4fcc-a7c5-6aca7a55295f,Android
4a4e6558-7926-41fc-8d9a-a23ef05899be,iOS
efc74ab6-747a-41d9-ad2a-578d65a17554,iOS
2b06770b-947a-4727-a6dd-3fad53e7cbb3,iOS
5eba2cdf-ff4b-40fb-8a92-1fde80169c71,iOS
0d6c167d-80e7-451a-aa26-de1b64b1af05,Android
e648d8c9-64a5-4aed-a58a-f7a379a3a478,iOS
a507b937-f60e-477e-ac08-7890770847fc,iOS
e43d8b85-286f-4fe1-8789-1e1c0fd11a6e,Android
3d7026c3-e7c2-4f52-b9cb-d1dbad335d5a,iOS
6e3dcaf9-8e97-4556-bf3f-5d1a649fe5d8,iOS
d925e44f-b247-4823-bad6-a105363c1083,Android
50c64278-3aa3-4c0b-b39b-c03443acf669,Android
84942e6a-26f5-47a0-bb9c-0697ba1a6df8,Android
33404b25-4a50-479c-9996-d949fac91ade,Android
ea932101-f207-4271-867a-47ef8adee39c,Android
8af47359-ed7c-493c-aa5d-3f6b7e3310ba,iOS
32575b69-9fc3-4cb7-b9d0-621a71fb0904,Android
81c83d91-7c17-4291-b392-b10f79f72899,Android
ba281790-d4fb-4324-8a4c-119ad3feb23a,Android
6ace4e1b-328e-4075-bcec-e091a34044de,Android
ed090856-34d5-4440-a661-01c084c3718e,iOS
f16cc158-6af6-4d6c-8cfa-49ff38cd3b3a,Android
f55582c9-0eda-452e-a19e-c6c7d8a26628,Android
028f41cd-d4d9-484f-a642-abec2e6e96bb,Android
770e9ae4-07b8-4f3e-aadf-e620041155ba,iOS
0cfd71d8-5cae-417b-b211-73b8cf756d09,iOS
0ddc0d31-3e82-4323-9573-24e50b2ab703,iOS
c0991399-3041-466b-bebc-b7619822061f,Android
84251b81-e555-4a44-9681-41a09d3f3de4,iOS
a98c8a93-7324-4785-b62a-2f4abb852a6a,iOS
a713ba9c-bfda-4f0d-b450-c51400d3646c,Android
179c2597-0e83-4436-8d17-53df8581a10e,iOS
820d9e5d-fb2e-4ace-92bb-4abc67d75869,Android
00f89699-2e96-4a34-be0a-2abceb5e4a70,iOS
fcdad9c7-f743-4f06-bdee-6a926fb61c6f,Android
f6304f33-97cb-4946-993f-472e18d3e490,Android
c520c996-e340-4477-b0d2-a1cd80bc54db,Android
bd2d05c6-7970-4413-9a7e-f3fa84f21f42,Android
1d106dbc-a4c2-47b2-aba2-94cc58368a3e,iOS
419480f6-4914-40c6-9fab-cee748db5a56,iOS
c089982c-c7be-4c02-a3eb-2530c0995227,iOS
75c1778e-dbe7-4f57-a3ff-d9520b244101,Android
f77116a6-9839-425f-acc0-17c3d7c3c355,Android
6dddd9c9-545f-4983-b6ed-086d2ba139c7,Android
ff55e7d8-e179-4b60-bde5-34acc777550b,Android
3131bf0c-5991-4ae2-b42a-aa6cc17ad186,iOS
bba8f33f-220e-44a4-ba2b-bc9d4dc8c297,Android
581413a1-3a78-420e-be49-80c7467b63bf,Android
0569727a-3e7a-4537-85c2-cafeb0d6cd35,iOS
6c5233ef-e517-4402-b179-dabf7baf0a95,Android
84addaa6-0530-4dda-8ced-ffde50146f19,iOS
45281b57-b41e-4e9e-9be1-40f07fb4ed0b,Android
ec0df8a0-5a36-40e7-906a-306d28695b63,Android
0200c082-b89a-4cbc-a19f-300f7ca23b35,iOS
b352b4b9-3aef-4b98-a3c1-994d0aecf39a,Android
392fb60a-e89e-4fff-9795-8f1362b4f085,iOS
cb4f3548-8ae2-4524-b98d-f34940dbb47e,Android
2228a335-6c07-482a-8a6b-d4c562dc23c3,Android
c38843f9-3880-4791-b966-cf7bebd288d0,iOS
64ec5a50-5b31-4447-8ec7-6d4383e02116,Android
37d7c177-8d01-4eba-9458-0cc522ff359b,Android
6d549219-46b6-4446-8493-356cfb8bee30,iOS
534962c6-0fc9-4461-8416-87cb882b0784,iOS
792f0c89-692e-4b8a-815f-8c2e08371bf0,Android
25ca791b-d2a4-4d35-923e-477eb24aa083,Android
423d4ffa-1db1-4e4a-b13d-0bfc5391a6d2,iOS
33522a9b-764f-4109-9252-2643899d6972,iOS
4fbfb337-baec-4fb9-ad87-c37d9e74f2ad,iOS
b095fbbd-6967-4a09-b2c6-86972a08d147,Android
ba5ec2cc-f7ab-4c3a-9a7d-2b9fb925908a,iOS
00c9966d-ec87-44fb-a8a7-da951bcff7a9,iOS
4b5c1328-f218-498d-8641-80f8159c08d6,Android
66182cce-da3b-4a92-b145-9aac91d8c9b9,Android
96f1d87a-2fd6-403d-ba2a-fed530cf7ca4,iOS
325964b7-808b-48f0-8f9c-fb9e3dc351b1,Android
f0c9c466-cade-41d7-a9e5-23dc605b0be0,Android
7ce1a8fe-d56e-4811-91b8-c992296fb280,iOS
a5765bbf-fb59-4665-8eeb-bbf933e450ed,iOS
c1891d1f-0fab-4cfa-87a0-7862a6a6ad72,Android
d059d9e2-f22a-4d0b-86c1-ce9f63079f92,iOS
15ce5dc8-48b0-4bc0-8126-9b7fea698a0e,Android
8afd3264-c7ab-49d6-b936-c0ce2eb39abb,Android
6f3f46b6-6b81-41e5-b4fd-2ccac4d7fdb0,iOS
cbafc628-6195-43d4-af4d-7ef01530ad46,iOS
be61a8fa-c612-4d86-a7a6-0e98f5f000ce,Android
eef39a9c-738b-4601-853b-3f91d2e2669a,Android
54382c94-a2ab-4629-bb97-bbc34d2f2df9,Android
2fa6dce5-9146-4505-9093-61dfe5e20cba,Android
dfea5883-21f5-40b9-a7aa-858a8970c6ed,iOS
4503a348-1951-4ab3-b2f7-d74079b3ab46,Android
242fc4ec-c207-42b5-bc9d-09c1a8c2847d,Android
9febb857-646c-448c-8661-ab4c97c52880,Android
a2c74859-ef3a-4d5d-83af-571da1d72965,iOS
9d4c7b46-3c68-4920-8647-335e5661ccdb,iOS
00212d15-067e-4ccb-a6e5-72f7a18b3b70,Android
16c2dad5-1f2d-42f9-a4ff-1f1ca3717ced,Android
f6f3ae37-7ec1-4380-9466-27f1061da304,iOS
353dbc52-5acb-4a89-987d-012cabd14364,iOS
0173d5be-feaa-4440-aa4f-252877a51564,Android
01929373-7817-430f-ae53-5dfb28c96825,Android
049bab8b-e2a5-4bed-96c6-ef49d9553baf,iOS
85aa2861-e0e3-439a-a171-02cd0e4e8dae,iOS
933910cf-3c93-4842-8e34-e00cf2b229bf,iOS
9e1752eb-ea89-4b36-b4c2-7207f8eea713,Android
9b3a4f07-9fe2-4ac9-bc71-fe090510f1f5,Android
67d9afc9-8ffd-491e-a66b-9e30bce69f55,Android
b7fc17d3-90bc-40ff-ab9b-572a01c474be,Android
faa0d51e-bbb4-4e62-a9b7-8e2e493b5a7f,iOS
3c35b62e-46b7-4712-adb9-e88c9b5f5bae,Android
4e605694-3438-47a9-8763-6797c76ef1fb,Android
9dfca915-4638-46e9-82d0-2e7d4deed793,iOS
ef232213-9529-459a-b48f-9741e0fdcc7e,iOS
1dba4351-6eb6-4656-a1d3-c475a0cddaaf,Android
c59c9f7b-44b6-497e-badc-833f5336d3ab,Android
3b1a6d17-b800-440a-b5d9-00d1fae2a62d,iOS
9926ff96-4d1f-44e6-8ae1-aa0fef8eff25,Android
bace8fe2-4da2-43ab-9b2b-336735a1367e,Android
7d823c34-d64e-4a88-bf14-16f91aa09b4e,iOS
06587e2b-91a7-49b7-8e3a-5b0146f4fb8c,iOS
60e4ecdf-decd-4ddf-8ffe-88c7f5eb42d8,iOS
6821846c-0544-4c72-861d-8c80f5871c78,Android
230fdba2-a800-438d-8d7c-7aebd1bc7f59,iOS
a83766bd-5b80-4704-b2dd-ce9781a1f359,iOS
f65c9c2d-072d-426d-99bc-9d3243df65b6,Android
96fd0c35-33ef-40b4-9969-261aa6e21acd,Android
401c9be5-e163-4fa5-a6de-1778ab5f0ad5,iOS
242f8264-ecb3-4145-95cd-2a59103f0b2e,Android
b1c96c8a-833e-43d8-a97b-7f8d5df311f4,Android
5a52c0a8-031a-4a57-bbcf-40732bf40cce,Android
4f6493b4-db33-49c8-9b4e-e72e5a628035,Android
3f41b3ac-69fd-4935-8f5e-5ad9ff6849bd,iOS
0e002923-3eeb-4264-a1f6-5bf4513a5d91,Android
c3af0cc0-690c-49ac-9926-25b83eb8816f,Android
07e1ad50-3675-488a-b3cf-340db9539d63,Android
8ec98acb-4a36-4ad3-a5cb-6446f4fcf203,Android
edac2bcd-6af6-46c4-a64d-8c545993ef10,Android
27ed9995-15d6-4917-af15-92f877d69eb6,iOS
65b74823-3265-4c8f-b2ff-0ada96b74ca4,Android
f3ed78e6-9603-4cb4-b212-e407742e5e6d,Android
bb8861c8-9332-4db8-abc0-6f65d777b97e,Android
7775845d-2a88-4ba6-b470-dba9af0cf50c,iOS
4f101496-ff3a-41d5-8a62-cc6de52f019f,Android
c93eaac4-bd93-45aa-8041-9593e88e0d20,Android
a1a82ed7-79b9-4bb5-8724-1b12adb9af92,iOS
9890c1ca-8773-4dcd-b040-24726e46b41c,Android
258ea12b-8b77-4c48-a3c7-67fba42ae1d5,Android
7bed9d53-e1b8-46d6-a3a6-973068f2e9f7,Android
83987fc1-18ec-4a09-a29d-2a7b737b9ff3,Android
598384fc-fea5-4faf-9c01-0ad558a6db09,Android
482ab35c-8340-4ac7-abe7-0522fbd8b1de,iOS
f6ac7163-c4f1-4dc8-bc7e-e51568503c12,Android
52bafa98-13f9-4b50-839b-0eb72268205f,Android
d4fa3333-9f9d-4a8f-aa94-315e3a87ab29,Android
6259971a-2194-47d4-bde6-7d0c0d53f8d8,Android
59fd4047-a1d1-4b84-b5b9-552f02eafc62,Android
93c77e4b-c882-40d7-afb0-cae1bfe95578,iOS
ff367734-e41a-4170-9202-fb4e7a04d110,Android
600c88e3-d52f-4096-b688-1bd6640329c9,iOS
ad40476a-2fc4-4e66-9bb0-d1388fdb770f,iOS
e40e1ec4-586e-47e7-9b53-b46c80f94ca7,iOS
e496eb0f-d87e-4192-b966-876235bc4d50,Android
26fd81a0-acea-4980-bdd5-046fd9107658,iOS
00e730ca-b3cf-4913-963c-8570f3e9680c,iOS
085d5a85-e841-4118-ba88-473ede9b59d2,iOS
62d86692-172f-48bf-a4d9-c08077340fec,iOS
885ad32c-deb9-481d-b750-53a3ce1bb513,Android
c691772f-6840-4bf7-879b-09098c88aafa,Android
e769c37b-8428-43f4-9672-caa3628d94f4,iOS
6b70dacf-3e7b-4b5a-b343-87cedf50efda,Android
53ffcfca-0304-4b82-b1fb-b1386a6a4d22,Android
c8abea88-a581-4ca2-a6ab-75cd7723e30d,Android
02c1d8e6-16ce-4c35-9ec1-e4d284f0b93a,iOS
dd96cfbe-5f9a-4c4a-a41e-7860dfb83c28,Android
9b80bd7e-03f4-4c92-8986-6fb1e279e292,iOS
c594ce92-d8d3-4e24-bbe8-04153869fd6b,iOS
c37ec8a1-32a0-418a-a3a1-b391cbd3ec34,iOS
2ad84ede-ee01-4464-b3fb-07c9b29d6557,Android
0f0a87b8-a7c3-4838-85b8-ce1e2376db79,iOS
461c64ba-c1c0-4273-9a52-bad8e1bb7de7,iOS
a012fa66-29d3-4fb5-b937-f4966c1bd5c9,iOS
4c2388e7-959e-426e-b77e-535e61204509,Android
d50fb6fa-2473-4755-bba9-2ece0f1facc8,Android
4d8da837-df6c-4ea1-a672-108a775996dc,iOS
0e6bc52d-f972-448c-bee7-d5d8b499e2c1,Android
678129e0-ef93-4df4-af6f-5b3827506fb8,Android
b767e2b8-2149-4485-b028-68b22f037e91,Android
5146e536-7de6-4698-992e-1b8575cbba18,iOS
a23d45e9-c68e-41b6-837b-3314f26cb5b7,Android
33b1a48b-ebb3-458d-9fce-a1eac2913422,iOS
9cd7cfc7-ec30-4041-b897-e8d4006201c3,Android
7aaafaf6-ffa8-470c-88b6-ec1709fe8bb4,iOS
ca5a6dcb-671d-47e0-9b12-a3458f36486a,iOS
bc42c968-aff6-45a3-a953-9c81919aa2ea,iOS
186da6e1-1c1c-4e64-9329-70659f0d8f8b,Android
71bec768-0dde-49b2-8c7f-ece7340f4e2c,iOS
a74bb4ee-e6d9-4dd3-ae7c-3555676b22c2,Android
aff8f35b-88a2-456c-997e-3df2e98e5c49,iOS
2ed5a90f-b009-4c57-a9a3-7cfc8e904393,Android
9bf58ff6-ac82-4f10-8917-c834d4c02c1f,Android
3080f7e7-c548-4d09-b1ea-bae76b628de9,Android
0c1b1dd0-b87c-46ea-9de3-86c4c59b5a4a,Android
58796e02-3f37-461c-a3c7-74a3357f5aab,Android
5afeb5b9-4150-4fb5-b212-c7c53be2ecfa,iOS
ee1f3fdf-856d-405c-bb26-6ccc3fda94c0,Android
382aa768-86bf-421a-9278-1959b498da4c,iOS
97ff7855-4542-42e7-9623-e364060724e7,Android
07659f2f-10dc-4173-8bbc-c536aed5cb34,Android
a85e6c83-e4d9-41bd-9590-99c1866f2c06,iOS
ed25bc9c-73d1-465d-8de9-23b4f5f1d94c,iOS
f7907f1b-3255-4e99-a957-a543ba42830f,Android
a5ce9f13-bb18-4f4e-ba9b-019bc9306d53,Android
411d2b5e-9e4a-4fec-8cfd-cb747237c4df,Android
ea707f6b-8d57-4253-8763-2fb6df412ad8,Android
9919584a-31bc-4f9b-8b76-592f6816d132,Android
88101de2-661b-4077-9f10-31f15f243178,Android
4066f17c-46ad-4052-9d80-b3dce8df6633,iOS
99f3aa09-87bf-448b-b326-ca359efd078a,iOS
dda17582-52d3-4cea-b7cb-859a9e3146fb,Android
c0645640-3bdc-40a8-87f0-e490e9680df1,Android
07bf6ae5-85a3-4013-b7f9-375dd6013665,Android
ffd87b78-e4f9-429b-8a8a-b60152b52b99,Android
01952bdb-fc0a-417b-be92-870ca0684c07,iOS
084e6d29-56c5-45c5-a3e9-e30ca194807e,Android
bb958631-2f4f-4ea9-a1b6-95f9ded268c7,iOS
9c1b245a-a463-4b2a-abad-dc186622befc,iOS
066ef549-490d-4048-9e70-f6df7ea053d4,Android
52421bf9-d0c5-4042-8455-64102e4530c6,iOS
a45c3d6e-6bb1-4f04-b802-3d83e4b71d72,Android
f37aaabd-1406-49bb-9b43-4a9ded164d5b,Android
05b62495-cf06-40c6-9749-a45fb4b40a91,Android
a5b4bf54-12bc-4519-9e49-c078549d9ee1,iOS
39503053-3b93-4cf3-afd7-4f527b39ac08,iOS
75133b67-83a0-4e6e-af75-8d07574b8e18,iOS
5d105578-340d-4683-b2d7-dd3f649a46a7,Android
5f31bb06-1a32-4949-b2a1-6c9304ce6cf5,Android
e9b97acf-82d3-47f6-b9c7-b3e5c7695963,Android
f9ce9048-359c-4421-ba93-138526d48494,iOS
5a4fc389-ebed-4d56-aec1-bf5f03bbb45b,Android
f8f0bbf5-ca88-4c5e-b1ad-dcbb1ae452d8,iOS
7a386631-86ce-4fb0-8d3c-8c8a66a4291a,iOS
3a7cd30b-79c8-481e-b9b3-e03d0657d511,Android
a11bf2a4-cc50-42e3-b2e7-7706702cb07c,Android
dc7f44fc-e6c9-4500-bfcd-9cbda642e80d,iOS
9ebccae8-e030-4134-b370-e0ac25db3c67,iOS
df681b4c-3341-4d3f-9b31-9b2b84af48ef,Android
d06f6874-5fbc-4270-9c70-f35111f6cadb,iOS
4c46c564-3164-4b27-96d0-1faab19b93de,iOS
cb9420c8-4d8f-4313-b1f6-561fc686d934,Android
3d424204-28a7-4449-a070-c7c3e1ac8edc,Android
32817f27-1c7e-453f-8f22-503a3a770372,Android
03b7de41-0f6d-4fd0-828a-8a6e001f05f1,Android
8051bb1d-0ec2-46ce-93c1-365866766bfa,Android
99b19cc8-0b49-4bc1-84a8-318f13ab1688,iOS
349e1d2c-3585-463e-a453-58a6c2b65a38,Android
6b919d9a-12e5-4bea-8b33-a56671e8be62,Android
5e5c4a28-e131-4d43-9c7d-393432c05940,iOS
ba8dd2ef-70ca-4093-aa4b-c4af0fa5b0e1,Android
9c717ea4-e158-47a3-af0b-d79d0402cd6e,iOS
896d2df6-7d04-4755-87c3-ac922d5a590c,iOS
01d1f1b7-c0a1-47fc-9b6e-f1b0b78743d8,iOS
420c342f-812a-4dbe-8fe8-9b5259a5ce88,Android
43092dc5-2fc6-4820-9372-a3d8c0e89b4e,Android
7a6dfe1b-4091-4e43-a5a2-daeeb954781e,Android
3b2eebdc-0d7a-478b-afef-7c5f280083b2,Android
4b2c4f10-6d11-423d-8f94-4bb23c1fb45c,iOS
162fdde4-eb60-47e1-9e48-b4d68aa02df1,iOS
106ac87d-1138-4ba5-9533-62787646d747,iOS
1cdcc475-08d4-4f65-91e0-e03ffba230a3,iOS
2bb65bb6-961e-4e82-81f0-ac4dd514db13,iOS
15e7a2c6-0afd-44c3-9be7-8a4373b1ef00,Android
52e02617-e81d-4d16-be53-1de11fa86b0a,Android
de430161-1f50-46f0-b4e4-4e36181a3635,Android
d53a1f3a-36ab-42db-b37e-bac939242454,iOS
d4e8fae4-65a7-4e77-83a3-accc8b189fb4,Android
51bbcfa6-a7f3-4c0d-8bcd-e6b1eeaa7ff2,iOS
473b76aa-b802-4697-898a-4567b78e0ec1,iOS
b9732b90-ee7b-4a73-bc61-2c3453f6273c,Android
959fd424-af80-4f2c-933c-7419c013cc38,Android
185f6063-c937-4393-8199-8c36c1c74ff6,iOS
4b886aa7-657e-43d1-8318-104254904f9c,Android
6cfe9f18-0681-4a5b-9a66-65c7b6aee443,iOS
defa9cd3-a5b7-48c5-bd31-fa2a5190a31a,Android
f7a71bb5-a71c-4ecc-9067-1518d9ae345b,Android
085fdf15-63a8-491b-95b6-957900e12393,Android
c4edce66-10be-4cbe-9fda-8e7debc578fe,iOS
5aef9d61-8325-49cc-8edb-715482adde1c,iOS
250a4acf-e0ce-409f-9d33-653f42d0293c,Android
98045ead-4250-4297-aa1a-a56365a3f403,Android
452aa290-b303-4b4c-b355-fe03ace375fb,iOS
c2fac1c8-d8da-4c5e-8a13-a3ee3d44d37b,Android
9fbd70d9-7aaa-4755-87a4-4aaf6a1249a4,Android
e148263d-3e32-4bb7-a5e0-d4a648212fb6,Android
3d02b68a-daa9-4e76-a6f9-c911ced5c87e,Android
36b34c50-1172-4e85-9323-ec77527759b6,Android
581420b2-b7fc-4dda-836c-28d424ba5398,Android
7d3bedfe-f923-4cac-a52e-ece978744155,Android
c0769fc2-90be-4431-be14-726f1ec05da4,iOS
bbe7efc4-4c40-4852-8af9-df687546461c,iOS
bd36135d-b9fb-4ef8-a1af-d56dfd80738e,iOS
9eee65d3-7ad7-4087-a271-74b27912d130,Android
9efd8e88-f053-489c-a8fc-d418d7812c15,iOS
1c9c28fb-1b66-4140-a569-4d150f57d0f3,Android
1d29d85a-2e7d-40b1-90fd-11bc727d5b25,iOS
b0100063-0a78-40e7-8da2-dff570792bef,iOS
2aa7a449-5be5-4c15-b882-be531625cf60,Android
ed25e8da-f0bc-455d-b91e-83d785f6bcdc,iOS
f4652d99-fafd-4270-85ce-be23283d54bc,iOS
1759003c-3618-4b6a-9606-74e1ebbcc2e6,iOS
bf9caa62-e9eb-43da-80b5-17cd75678370,Android
a26b80dd-8945-45a0-963c-9dcdf0c44eb8,Android
6d34bd0b-9566-4ecd-bed1-891cfe3b7f5f,Android
f6a6340f-0e8c-4a03-960d-ab05f17eeafb,Android
a61e1831-42bd-4ce3-8367-bc87d66b9be4,Android
14c35e31-efd4-4be9-b5ba-85e148a231b9,iOS
4f3da088-1a0f-477d-85e1-3143666b44ef,iOS
c36127f9-93b2-4b61-97cb-be02d9e3985f,Android
1f8b4d85-6e75-4b7e-8251-59ef37fb37a0,iOS
7bf5b459-bf3d-417c-81a4-ce86bfcd0fad,iOS
3c1f52fa-c54e-416b-90f1-7eac9beaf706,Android
08ce3820-117e-472c-848b-a258793d22fd,Android
9de7a660-104c-42b9-a962-4089537142b9,iOS
b4bd7eb7-523f-4a40-87cb-58a3395a9d3d,iOS
d5d6827c-ed65-46b4-864d-665542f14110,Android
b0f597f4-544f-4b47-b606-1056f107233b,Android
08cb726b-f3c9-4755-903e-47d795413030,Android
9bf0e68c-03a8-452b-84fa-9c119327ad9c,Android
9098f240-cf6a-4f7a-9b44-c18ddd2db759,Android
4dfd65a8-3c5f-4941-9be8-06b8a8aad2f6,Android
657258ce-93e8-420e-bfbd-96fa5b4f422d,Android
dd9a89b3-a549-4ee1-b383-e194ab3937cd,iOS
de0486c4-3779-4ddc-bc44-388b3b7ebee1,Android
06270fde-cdb5-4e31-ae7e-f6cb10bcc5af,iOS
271ad453-479a-417a-9c55-211f07217b05,iOS
42eda139-7d97-4339-8116-ef0e6a5a0d4e,Android
65ff5526-c9b6-4ed5-b232-d7e76446fd66,Android
5397a797-68fe-4baa-9c7d-52d2b42930cc,Android
326951bd-30cf-4620-b60e-9716457fb932,iOS
4c64ea90-a104-405b-9e38-8b458eacc01d,Android
9fa6b1cd-ad60-4087-9b16-ddd7f10dd9d8,Android
c2e3e651-5162-4ca0-b81d-9574d627f96e,Android
979bc2be-84bb-4063-bfae-508321a6307e,iOS
df61425a-5874-4758-bb2d-75e89143afa6,iOS
af968983-b0a1-4276-8802-900b92f5313e,Android
a1426d0c-6b99-4dda-8d54-b235c0e88941,iOS
eb800b82-a7a5-42c0-ab41-f157c164c1e8,Android
9e1770db-c7e9-4f37-bf05-52454850151e,Android
9052fa98-91df-430d-bfb9-25de2ab51995,iOS
9f02c295-9e65-44b0-82f1-9ff41977d781,iOS
1256d4f6-940f-4196-9f2c-0872290509bc,iOS
f62ad78a-68a2-487a-842b-874d9676bfe8,Android
69ad0f1b-0bd8-4ebb-8c1c-27ff64c8e0b7,iOS
13aea618-0f77-4ba9-8df3-f48cf87733fc,Android
8fcd8fdf-dc0e-49ee-9f51-7ff467411dd4,Android
04eb563f-9658-46a3-bb58-d2cb9d587254,Android
bf3f42b1-617d-4343-a13a-2174c7c22a9f,iOS
f396cc0c-d714-4835-8d2f-e6c6edf5c867,iOS
4a6f77d3-587f-4ac5-87a5-48c6a49d3680,Android
53a4df97-ba9a-4ab6-b337-73e3e2baf7e7,Android
72dc449e-c367-4714-b2e8-45c2265dd8de,Android
8c5732e4-8c1c-4927-a754-edbdd6e97f55,iOS
7cc4233c-0adc-491c-9a23-fb4eaf341a02,iOS
bc57bf38-e5a4-4e19-9fd2-6a92694022a9,Android
7e709fde-e2d3-408d-a302-af551c6d4964,iOS
b0281d7d-2d45-440d-b819-65ea7a05bef8,Android
9f611329-9c69-418e-912b-83846357e669,Android
87bfac44-6e29-4cbd-a30f-0b0dc63a3987,iOS
568b4c13-7622-4888-9829-18473047f070,Android
c9d84bc0-3050-4e5b-b9a0-6099778a107a,Android
0a7ef3d6-d00c-45bd-b6cb-6929f3aeb4eb,iOS
76729a6b-228e-45ad-923b-ed77b0ad9923,Android
fc5b74c2-4a48-45cf-9fb8-7c7f63e8c63c,iOS
1128ccb9-de04-4721-865e-2c9d9642ed54,iOS
1c49c4a6-418c-47a8-9d62-28d806aaedc6,iOS
66d737c9-e182-4590-875a-2140f1601565,Android
fd9c9a76-c7db-424d-9905-b5cf08e77108,Android
6fbe9c60-5652-4f94-aa96-d8fdf6bc461a,Android
f6366563-c305-4805-be2f-653d11f19bed,iOS
f54a7706-29b6-42d4-b12e-5891b0950dd0,Android
6d925317-13a3-4efb-8172-7aa0f314c314,iOS
93aae385-2a2e-4a52-86d5-3395ebf89169,Android
91feb138-1758-40b1-a037-abeff0c78249,Android
66c68e9f-29e6-4770-93fe-63d4869fe8fa,iOS
6db22ebd-b1cd-4023-9d22-12fc7eb75f00,iOS
4615b97f-d9aa-4132-993b-e685c222397f,Android
e6be11b6-a049-4d87-8e28-3e4f03b6e4c4,iOS
9d4311d9-300c-46eb-9f7f-9e369d75ae79,Android
9407ca2d-64ee-4707-8a09-355b3e3a17f1,iOS
c32b39a5-3ffd-4620-9234-050ed372efa5,iOS
2e2f78f0-5fa4-470b-87a0-79a31c3d54dc,Android
f9be2e75-0545-465a-8c22-c0588f9432ec,Android
4e95ff17-8db2-4d57-b7a6-6b45d81d575d,Android
a5e9ff61-4097-4a30-b054-026ef1e7f8ff,iOS
d758d792-6d90-4206-a504-3c425ab76168,iOS
f556be92-a434-4b3e-8c3f-65ff6dd94dba,iOS
25c23927-ec42-4707-a917-3b36dbb799c1,Android
799c5a22-d83a-4253-907f-f5d1954b5b89,Android
d72bc030-787a-438f-99e8-86df88b9fa9f,Android
36972bb2-2293-4e05-b104-3ef40743fb98,Android
41d80ccf-0082-4189-b6b0-6df56acc4e37,iOS
aff21ea9-7a65-44c9-aaa6-6cc35ed1ac1d,Android
4e7d4d56-50b5-4d9d-8a31-4f89acc7bac4,Android
76f8eea1-21c6-4f8f-9408-c1eb0e489b3c,Android
9c4db355-b9d1-41f9-8e4b-fc44b6c05abe,iOS
63c0d5cd-e047-4b37-bfc8-c4d4317aa5cd,iOS
cc7403e3-057c-4ef9-b2f4-53ac94b09536,Android
94d38ee9-e34e-415d-97af-0b98e4a4ef01,iOS
e10e27fd-48a7-46b4-8b62-44c4d001d30c,iOS
3d97b529-ca53-4639-94f0-f7b28f970ec6,iOS
8d9a334f-2e07-4392-8a4c-87bd90b20383,Android
7221a66f-9289-4155-bf73-a418f1a40764,iOS
87cc409f-b632-4132-a878-f5dba270dd12,iOS
ee6d163e-cdd6-4a54-80e6-4d121baf3441,iOS
a1ebd86a-3d95-417c-9237-dac797fdb091,Android
7592dc7a-ad87-4fa7-8f39-79023210abc0,Android
0c06889d-3f04-434d-a662-8f1702138e5a,Android
97775508-fd17-41cb-9ca9-cc16a6accae5,Android
0290cb4d-d5cf-4bb1-8791-b91743c10051,Android
35049ed9-141f-4aeb-92c7-cfbd06844652,iOS
64723795-d613-4f27-b021-330baae4059d,iOS
75f99f35-03d8-4259-9f1f-8a03932a43f5,iOS
be1b918e-b3e5-420a-af2b-5937ad3903ad,iOS
245cccca-c444-4d02-ab60-1ca78de48f0c,iOS
6f8739eb-c5c9-4706-a8b7-969ecaa98519,Android
c8055bdd-e82f-473f-ad1b-97448e6f88c3,Android
3ddd9ab6-8537-47ea-bb1e-e0650b2caa47,Android
6e53aa69-7bcc-417d-9d3f-a1b6fd26df15,Android
1a83fdd6-984e-43cb-8b1d-cba155020a3c,iOS
63312c9c-fb95-4320-8748-1a6b5c0d14e3,iOS
1f29f78f-448c-4c95-af46-cccf6ed13eb0,Android
c5fdad22-225a-4ef7-b800-829096c7c56a,Android
ba207d81-616a-4597-a25f-8587f133e387,iOS
c811b786-666b-4d40-8d98-45a33dd181b2,Android
2cd5e5f4-65be-46c0-b125-2f8f7f522b72,Android
6e3723a1-0b08-4563-8a79-78ab818a68a5,Android
70fd19de-b2fb-4f14-b6e9-1e6e26bfdbe8,Android
505a4c41-7f2e-420d-af6f-9b108c0b4a71,iOS
e0481569-0c89-4616-96cd-aa31ffe245d6,iOS
7938dbab-26ae-44f7-a5b2-4fc89c3adb75,Android
1b61ba92-2f1f-43e6-b566-1d151aaec0be,iOS
cd2640bb-b6c5-4687-9c25-bcb2b2a8dbf3,Android
0424adb4-40f5-47cd-84da-4e0b7a31a317,Android
7a03ec5a-b65e-4984-a63d-6a885f06cc79,iOS
2fd723d7-bca6-459c-9e13-045cd30a0d7c,Android
13b489fd-9404-4296-a68f-ad94809b52ca,Android
05da3050-abae-4ade-9069-c05c6ee0fb4d,iOS
08831e6f-fd73-4f81-a9de-1b11bec7b1bc,Android
7941b15c-5da7-4c8a-a49d-b8e5f8d2e66a,Android
635bb912-9d85-4cf2-b396-00b42f52f26f,Android
211e6bbe-1d62-46af-93d3-1735add831d0,iOS
74212862-28ef-4186-b15b-8e0f8d818799,Android
ed2b82e4-fc98-48d0-809a-7e35eadd5a59,Android
cdf690b3-0d61-4a05-bffc-af338e278f66,iOS
c05264cf-8145-4546-a9c7-bd168e2e4780,iOS
a8a51a8a-6177-4061-b012-cf71830dde50,Android
7da4f82b-bc75-4321-9939-0039f7ae7de0,iOS
d523f8b8-454e-4487-bfb2-560f9cfc0768,Android
eff628f8-9244-4186-a078-3db22e06dfdf,Android
79ae0580-2d05-4733-a14d-281fbf4624ec,Android
b98ca4a9-20a3-4c71-9460-ba24be6fdd19,iOS
ca18a8a2-10a4-4ac7-80c5-207844855037,Android
eee0f7f3-645a-4eb6-a647-07c7ea9bed78,iOS
7314c151-3337-41ff-8baa-ccb041cfb3bd,Android
782720bd-b989-4e77-8797-020f44059132,Android
32c6d238-bc4a-4581-9997-22ec4d37db4f,Android
afa28f35-7ad0-4833-a4ee-1049e048c17a,Android
b5d7499f-4b27-47ea-95ad-c70459827ef3,Android
13df3893-41b0-484b-8556-137d1bc272d4,iOS
f741a8e2-e7ae-47a6-88f0-a641eb5b5632,Android
d9c1cabb-2f6d-4ba4-bf31-ea08e096e4d3,Android
b660e978-e50b-4c8c-bb2b-808324fed8e9,iOS
1b467312-dd44-4f47-b8f6-184ebcd37c3c,iOS
6e303fa9-0b0d-49f8-a2f6-e177fe5d5d0d,Android
d3ed341f-6a55-4225-98ea-422532cc5dae,iOS
254b14fb-ab34-4009-a2c8-8e0dac2be5c8,Android
2667c0f8-a6e1-44e1-a2f5-e66f093bb0d8,Android
edaa8e10-7445-4481-874f-070c9af4c495,iOS
0baf7838-0990-4978-ae94-6b201ed01457,Android
8e8a78eb-db0e-43e6-bc79-50a0a6bb4f3f,iOS
2fb0db33-644f-4919-a712-6a7defe5a3dd,Android
92a459af-57fd-4e45-9475-db9712d05196,Android
b207aec7-6e76-4af7-b4d2-2c6ffa2659b0,Android
d73b4911-f682-451f-b5a2-53746a5d7929,Android
9cf3bf26-27ea-4fa4-bd87-60b1b39dd5be,Android
bfb9de01-6f1e-482b-8109-16022be8d424,Android
62012cfc-400e-4318-90c0-39429b795697,iOS
4e35c187-be5e-4ee3-82ab-903dcef6a001,iOS
f781eb09-bce3-4952-a954-59cfe74b9361,Android
affe372b-4a54-46cd-aebb-41d3ca76f380,Android
203f8cd7-25f6-44a0-9073-01b4ed92bfe2,Android
84d6ce31-afda-48d9-aa78-291886c39447,Android
cadca618-240c-430c-82df-ead5e74f12b7,iOS
6da81b6e-c289-4fbd-a689-5f26300f0c71,Android
69eeb5e9-2f02-4eb6-9de1-3cf64a75298e,Android
0f7f5be9-b608-403d-8fc7-0fabd0729691,iOS
c2dc47b8-8823-4c9b-81d5-d8df2a976b1a,iOS
b7f09b82-de08-4624-8b4f-78bc38506ec5,Android
7eee5cbd-de0b-4493-be2c-3fc1a7660191,iOS
379b41e2-e780-42bd-80a6-cb832f335e52,iOS
15e5d9c3-ba72-4a89-9da0-23984bb6bdb8,iOS
07d1226a-a506-4bd7-b336-6df459b8dcbb,Android
21c6db66-1972-473d-a67e-cbe137f5b8c9,Android
f35ccd80-9da1-47e0-aec1-da7fa94f5545,Android
416d00a0-2f37-4295-8f0a-1a0d43d33c34,Android
96c92eac-8fac-44c7-beb5-477fc24bd302,iOS
df5d51c9-db57-48ee-88c4-f47ef8e6572f,Android
4761bb19-2960-4603-aa3c-24e0ff3d6c18,iOS
d18d221d-e577-44da-8008-a7a5d8dd6ba0,iOS
0fb3e6d3-e474-47d0-b07c-11d0ab3581b2,Android
01269956-a1d9-4ca2-a387-9aa4dfad0ce1,Android
f93eaed6-366d-4a6e-a12b-4dfb06b2da22,iOS
6e8de484-4bc1-402c-a9d0-0d7678c49670,iOS
d051c98e-748b-45db-8a07-afd91c8c4a38,Android
48181b12-3594-42af-a259-4960d50f96f5,iOS
f9c0633f-d103-4439-b538-c4e4ad2bb89a,iOS
4bed7c25-d7fe-4831-a10c-058c34ed8843,iOS
487f6ac9-718c-4e5d-b4c2-4420f3d6223e,iOS
6e7238a5-e6a1-48d6-b2b3-ca3431fb5870,Android
a1569b51-4715-425e-af99-3fbcc91593aa,iOS
4e754fc4-a088-44ab-ac45-2179cce4f89a,iOS
13aa2fcc-6dbb-4733-86ea-dd7eb7152c06,Android
7a89cb70-a1d5-41cd-b604-4b14fe120ac7,Android
5e758244-e7b7-4f7e-b564-e7ac889981d2,iOS
5238a70c-4836-45a0-ab72-dbe58c0f16df,iOS
d6aee46d-d5cc-4602-9d5a-29498e1de281,iOS
35b67e91-df22-442d-ae7b-b9c8fa8f2c71,Android
c3b1eadf-5f3c-481a-ac06-579d9585f1e3,Android
5ce8d384-f378-43dd-99b3-1ad47d6c5eb2,Android
c6cce980-e049-4fa4-a43a-7c4dc8c29386,Android
25506810-36e6-4e18-ba1e-0ea40dc1dfcf,Android
0a8155e2-1154-4ff7-8b46-973e41d7b102,Android
ea89eb42-904f-47da-b5d7-76b7b41dab65,Android
840d9dcd-761e-4b8e-8e49-364f0a44561f,iOS
19f5e57b-783d-43c3-888d-bea02b41379e,Android
e4b64f67-4c32-4778-9ca3-8f14ad8e9cc1,iOS
335bc4af-fe31-4f5b-b4e9-2c09209e8f38,iOS
00fad49e-aa63-45e8-bb2f-1a57062a02d8,Android
41d9d606-5939-40d4-8f14-6342371db197,iOS
652cefc8-0315-43c6-bd67-cb309efaeadf,Android
7988ce49-f705-436d-978e-6ab1b16bc349,Android
4b56d832-6763-46ed-b036-861ff2e7485d,Android
0fff42bd-6e07-4e72-a952-d218152a96c0,Android
da540d6f-755f-437d-abf4-bacc87205da4,iOS
f2a874d4-3367-4225-94ee-41390d06d5fb,Android
a7b4b713-414d-4c74-8eea-759e4f06f325,Android
ec4c395f-77b1-4f63-b4a0-34ded6eaa1ad,Android
8f6e6848-7d74-4c65-b1fb-0541b2c97074,Android
89d8d42d-1767-4f43-83d3-43b02106bb5c,iOS
2dd9672d-5104-4b05-b71d-b4e657df40eb,Android
ee8f4fb3-daee-4662-b430-7d84c5b25e3d,iOS
8336f23d-533e-4785-904f-e32ce2d844ae,Android
c6907431-48d0-40c0-a3df-e54ae422cd65,iOS
8ed8e49e-fa2c-433a-8acc-92e4fd0ba47a,Android
2c3a3cae-7cab-44b2-8d71-7d6ac810d92b,iOS
5daaaecf-f2cd-462c-9440-5fd0ad016ee1,iOS
6cfedc8c-998e-4b53-b0dc-9be91cadc9bd,Android
fe9d0c8d-5a64-44cb-a5ba-b21ca1f33db1,Android
def64408-c4d4-4900-86c1-4cccd5e50092,Android
ffc023af-4dd4-4fdf-80b3-cd78ae85b0c0,Android
417ab6d4-3c9d-48e2-b3f0-92acb12c9bb6,Android
60a0796e-9a44-4fed-abde-4140a2465e43,Android
80e8b1ae-e0d7-4b41-b756-a927a75b39b8,iOS
3e7195b1-0932-4ee2-99c9-9887b2c2ee79,Android
1b65939d-f7d7-4399-88b9-7d461ac5693a,iOS
20f5c376-7317-4cc9-93eb-72a28a6f1c16,Android
16b73a6d-7acd-4dc1-a0da-d854242f8bf1,Android
036bdd6d-a557-42f0-b446-8728bfab93a8,Android
90a631e7-1e18-486b-8ac5-a98a686d395c,Android
67c585b6-4fd6-4df2-8552-34c2038606cc,Android
0921a4c0-65f2-47c1-8c63-95b384ec201f,Android
0c57faf4-8fbc-4f0d-aeb4-954298fc6c64,iOS
58f27815-d320-44be-b477-b4f1fa86b8ad,Android
ee55e8f8-50bd-4393-8e60-ea71680d9409,iOS
577fe215-4956-40c6-825a-aeba7549b773,Android
f09c5508-4406-4350-b715-c9112ed7ee6b,iOS
457fd48a-1847-4d9f-aa50-95283ed53d00,iOS
c1c99eb0-45ec-44e6-bfd2-df9f1c01fc4e,iOS
af587327-9c1c-40c7-a1a5-e415421faa4d,Android
4b7fc69d-1a8d-4791-9933-aa2ce7fbd456,Android
d824921f-f822-482e-b39e-87a1b8cc3cb5,iOS
d073158a-daa8-4951-98ab-dc21cb9e7010,Android
8370df8d-1169-4571-b32a-401c7acf13ac,iOS
571e0026-d61d-413d-8b73-5c9d906c44b0,Android
26676e38-fc0d-4f38-ac11-446b201c3979,Android
7b37b67e-fb7d-4a6c-96ae-f3540eabb634,Android
c9a841d0-b599-4263-9cf8-97741ac4616a,Android
4afe50da-3efe-466e-932f-f9e6d341ccc1,iOS
b239df83-807f-4d9d-9e0e-9ca32a44b7ef,Android
5c8d5c23-2d40-4a9e-a6ce-0d1960dc1560,Android
09873ca5-b557-47de-9b5a-cd1c2a3cca72,Android
a7b61280-4a3a-4505-8a74-1906d4b1d5da,Android
a55dd1fa-cb49-45cf-b9b4-ab1b0e5317aa,iOS
17a8a9d5-d501-40b1-8238-b7b8a148413a,Android
4f2142a6-e6b1-4137-b1cc-eaffef2b7787,Android
b568ca27-4b15-4383-ace4-7887d4ad7640,iOS
a0e40c71-ad51-4b9b-8c16-7f0bebeeca6f,iOS
ee23f9ed-94f0-4ced-be64-c2b592ee29c5,iOS
d596fd89-4c2b-469d-b861-e52e385330da,Android
3e9cc348-efa4-46bf-b8b8-dad68859e2d9,Android
5613c2bd-cc07-48fd-9420-5c82312350c6,iOS
cf9af30f-787b-4eb9-8097-fc47ef4f8929,iOS
507917de-d058-41ed-a77c-0053cb70576f,Android
a9bbfae1-9b3d-425e-a966-59f0067b060f,Android
b39c497c-4e6e-459c-962f-88e647f16828,iOS
7c656ae1-b7d7-4eb2-9c61-882ef607846b,iOS
8dc49de1-dff4-404f-aae1-b3ba5f717746,Android
ba779463-9854-4682-8efd-555faaad2b82,iOS
6a5bcff7-91ee-4f8d-bf12-f8f5855e0b40,iOS
5fda21aa-082a-4f7a-9761-370904501d41,Android
cd6384af-b274-4a29-8647-ec9df11d95ba,Android
32c305db-4a89-4214-8dfa-fdf66c867354,iOS
f4653110-05eb-451a-9248-7cb59db7a7d9,iOS
0e18a18f-c40e-4e19-ac85-19f7632da1e5,iOS
8d50380b-10d1-4150-af8e-96bc31a5835d,iOS
4d07813d-f51a-488f-a0b2-0126ecc4e10d,Android
a80b9811-1293-49a4-95a9-693ceb59e026,Android
ec5aa36e-7bd1-47c8-ae1f-064ea84c07ec,Android
5cd819c6-10f8-45db-8c37-a01aa0650fac,Android
6a6c75a3-de25-4aea-bc65-7160a33179dd,Android
823e33c9-5f2f-4c22-bb60-eb68cb2e9fe3,iOS
1c0f626b-ad29-496c-b878-bdad1e630d04,Android
9f428742-14ba-4b83-9f15-c541f3a775e8,Android
a884a24e-5e18-4e29-8f0e-e898b5492d09,Android
23f53bc0-393b-42fc-b248-434d8e856506,iOS
faa706ad-b6ce-4bde-803c-4133c7385d33,Android
1d43cdd3-bd12-4cbf-aec3-770f2951d6c3,Android
8652797c-5ee3-46cc-8933-14ade5f4d0f8,Android
346b1eb8-35ea-40c2-b903-58c6b228448a,iOS
c1a2bb5e-4e47-446a-a51f-c016f013ffce,Android
9a12f4b5-f74e-45fb-bd21-52208c318039,Android
dd9c0d06-8890-4635-a064-c8bbdc16626d,Android
3f62486a-61b8-494a-bbf2-c79dfd014cd4,Android
c571027a-d9ed-449f-81ba-9e2d3198f518,iOS
72120a27-4c38-40fd-9dcd-0b6f8b0ac534,iOS
0be07842-40d3-4d2e-bff1-30a742ad642c,iOS
36c7d26c-8adb-4b11-a6fc-c7b4c03ac658,Android
f7917225-7988-453b-a944-594d49ca2493,iOS
e6b1e47d-b5b2-4969-b2cc-4a8f1d67e562,Android
543f71cb-a5d9-400f-8719-7103f0e7acc6,Android
f1079d4f-5972-47b0-836f-1eb1b5f0ffbe,iOS
88877df0-da4f-4663-becc-34108d6c60f4,Android
f6aac379-5066-4e80-8861-df88e7b5a3fc,Android
3ea94a7d-5de0-4c42-9db4-a9b636bde4ee,Android
0433fa75-29e8-4df4-824d-ca3a4daa6056,Android
35912f69-5333-4d5f-9c4c-0eb625d393c6,Android
57e0b864-e91c-4f95-b522-ef22ba3342cb,iOS
845455d3-ed64-45f1-9ab5-6b8b92410439,Android
0d8483b6-ab9b-4b8d-b119-ed5b45ead96b,iOS
98c13b75-06a5-48ff-a929-4308c5f37f1e,Android
b866a0c6-80a2-4ccb-912a-eba7c3aceebd,iOS
c3cac523-5330-4623-a597-e9c2b11bd65c,Android
5babddab-5c11-4651-a454-d35639e00f70,Android
e46a2454-5288-4744-af7a-9adda730de7d,Android
d5fbb69d-f1cd-4669-9d53-54c28655c24c,iOS
aa6bc5dd-ce17-4297-9530-e3909411df2a,Android
cf95d490-b3f2-4073-9c97-b6ab047be2e2,Android
405ca975-3959-4fc2-9bad-605bf53aea31,Android
cc8978e8-bb62-4652-9f7a-b8f8fb26eb29,iOS
93c1564a-7518-4995-a8aa-692a60194846,Android
534b7592-06cc-4c5d-8fc7-f0a41d4f8f20,Android
b67f0457-355c-4a7e-9082-5ef3da561f6c,iOS
d0187b27-2e37-4800-bbc1-538f635e14e9,Android
a5ce16e3-8417-48b0-9ae4-17d41c9ecff6,Android
90ed2e8c-90c9-411d-aa82-9110d7d49bd1,Android
ab4ff411-5765-4d0d-94eb-4a875547c782,iOS
008a1d1c-b515-446a-b93d-eb64979d7438,Android
c273f569-5e21-4bc9-ac24-29c148fd63b2,Android
7432f8b5-61fb-40e6-919e-8ff240860ddc,Android
504781dc-f383-46e1-82a1-3b10263be64e,Android
7e58febc-5c24-4cde-9832-fbabe9935447,Android
0c2e27c9-beea-43aa-88fa-578baf1ec455,Android
6312d653-ca51-42f2-beff-b85f0ec09afb,iOS
6c58b0ab-f9ba-4435-b144-985cd8b839b6,Android
6fc368b7-2d54-4dd3-80ed-2e786c50cf4a,Android
f784f121-4cee-4f26-b679-70ebade014c5,iOS
eec7b85b-7c14-4de6-bc56-e94983644577,iOS
ce117fd0-15a9-4315-818b-3d1c3594a1dd,Android
e111ec3e-eb9b-4254-88fc-0a72a6c31f97,Android
4da35cdc-2ea0-49a9-a940-52a51aa0ce4e,iOS
f863de2c-5f03-4840-a678-413abe39f735,Android
5fd85d5a-1394-49d9-819b-353ff606a0e4,iOS
78c0168f-1529-432b-896d-6e213f4900c7,Android
768eb44f-744a-452a-9205-0f2182dd9d6d,Android
07db2de4-9b82-48a3-a87a-a1709e9b7f0f,Android
911f4ea5-bed1-47e5-b567-345d4fe11a98,iOS
8be1a1c9-9a4a-4262-a991-0b70b15beda4,Android
35e4b0bd-4cf5-4d3d-ae90-576d1d8766d7,iOS
5da7fd26-ca66-486b-bd01-f22129ab2101,Android
35957a86-9276-4d5f-8627-3fc15da3e36d,Android
693b055a-266c-454f-94e6-350000165021,Android
6bfc8622-2ec4-4848-9c2d-c3b41ebb9b1c,iOS
a08677b1-7f48-4583-beb7-22b078b12a62,Android
7087ffab-3773-4674-a5eb-4b10bcdcebc9,Android
1575df6e-72cf-473a-b5c4-ee1fefa550bc,iOS
185b306d-cc9d-46fa-a9c4-0692d8b06907,Android
d3ad8453-8fc6-4525-a2c5-214293f67e88,Android
b10f8ef9-4fa8-43f2-9ba8-e4c18a982daa,Android
5e55cd07-abeb-4ba9-a65e-72c8951021bb,Android
475c3cb9-60f4-4178-9e20-318c081a1350,Android
eae202eb-75f3-479d-b570-daeebd5a41a1,iOS
a91bab11-4eb4-45ba-9925-1b19f43d0be1,Android
a5e8afe0-03fa-4cbe-89fe-c09fe7689a02,Android
0fa71807-566a-4fe7-99fe-d5e0c80f3fbe,iOS
3d1146a3-b6d3-4e87-894b-1ec14543dc75,Android
d68816e3-38ab-4f50-ae07-253d1e6582bf,Android
30354588-834a-4dd1-9c43-6add1f730cb2,Android
6feb3ab6-6e60-4284-a462-06f3aad1e972,iOS
fa868dd0-6149-455a-99d4-0fdc1048e808,iOS
5a6c10ec-2201-48cb-b50d-55bce72a7125,Android
588256db-40aa-4bff-8811-55f408114f50,iOS
62060331-5cb5-493b-a07d-0768b04026ce,Android
f91c4f7c-7721-463d-9de3-0ea3f595b4c1,iOS
b63f0adb-d883-4c5b-9f95-0b9b6fe024ed,iOS
c6e11a9f-49a1-42a2-9c0f-2963596cb5ef,Android
ea0dc48c-6fe8-4013-9c63-a2a1e9c26bec,iOS
5d7dec2e-ddc6-409b-bbeb-9a55ac5d9925,Android
98d7c744-53fc-4ae6-a1c9-9e84c7021073,Android
f68bbef9-78f0-4a12-9c87-cab080461fd1,iOS
ad54a4de-e440-4e41-8553-bc468b71f118,iOS
8941f7ca-2698-45e6-9800-fef461e2b8ab,Android
06bfbb47-8975-4b32-8c58-b8086893d4db,iOS
0f933de0-1fb0-4a47-839e-d67e5a1b152a,Android
1aedf8cd-033c-4b1c-8dd6-5666e2209d83,Android
e5ff1f4b-52b0-4a60-b738-48e93ad36917,Android
af5ed0bb-d50c-487a-ac9c-d8497766a640,Android
0b0701b9-6759-43f1-8194-0d1a9d813db8,Android
c1ea539b-c4b3-4bd9-ae35-d00d35692f80,Android
e770b149-d2c7-406a-992a-c5c038e0716a,iOS
87899fad-d3eb-4a8e-ac75-5fb3c34d1988,iOS
d02aa19e-19e3-485a-b13e-888eef5930f1,iOS
6c35764f-0167-4aff-8b53-d7536d2a1252,Android
e5596cfa-8b14-4d91-aa48-12af3dbcc23a,Android
e6013c62-c7ae-49ab-a576-8dffe02c8b11,Android
2d931511-84c5-4f64-9237-0258a80ebe2f,iOS
03360f8a-602b-412f-af2b-ba59fc44b3fe,Android
81be9bb5-4d0b-4a96-af26-99d3f43b1b0c,Android
114b798d-4ae2-41ca-ac77-0aaea8f217af,iOS
e4bbf834-5434-4514-8054-700c3c3d7e5b,Android
a9ea2e98-3278-4ef3-8595-174eb5429cd9,iOS
a1fc0db4-fba2-4e3a-9079-c054c87a5320,Android
6685c66a-874a-4343-9023-d8371702d464,iOS
d494514b-7a96-4ee2-9ddc-32080ab6e82a,Android
9c96cbc1-b504-4cfc-8660-76ffd5c975cc,Android
d120c5f9-8486-4813-9acc-3498e912cccd,Android
e73042be-3169-44da-947d-42c2cb62f1da,Android
6ff6f216-27ac-4c21-9b2a-c0fcf89439df,Android
01797db8-77de-4b7e-beea-7327575ddcde,Android
b96f443b-655f-42df-8f7a-14ea0fcc517c,Android
9093fff0-7af1-47b3-982d-10a4101c72d4,iOS
82000794-e19c-439b-8e7a-18b209384275,Android
5f23f2bb-27a8-4254-9307-85cb3f9f0134,iOS
f7457e23-3d98-4486-90d7-fb28ad5992e3,iOS
1be40b31-4aff-488b-8466-45902e71f094,Android
69398008-2463-44e8-9b2f-c809c15c92df,Android
bb341729-16c4-4b70-84d8-dfa3d614bdd1,iOS
dc50fb9e-3dc5-4ac8-983f-22636dffddc5,Android
d0fba973-2f15-4f64-9a18-87c90a26d5c9,Android
a7f7f1c5-b89c-40c0-a99b-87d3fe52a872,Android
590546c1-edf0-4d98-a7f1-d990abf7ee47,iOS
eba34b51-4f26-4b05-8949-8977f353d373,Android
c09bd89c-8737-4f73-967e-af18b6f445a8,iOS
cf314e27-988f-44a4-b072-a31756869995,Android
6120a18a-a960-4d55-a1ef-3dd72d9c6b5b,iOS
149c343b-a210-4e7c-a61c-5d686faebc41,iOS
1ebc7c64-2a72-4a92-ab6b-948e807fc707,Android
55a45c98-1514-4767-bdfe-2e1c5aa6e0a3,Android
951c28e0-b0a8-4b4f-ab1e-b8d300df58c2,iOS
05f9e0d5-67ec-42d2-b3a0-3391072948ec,iOS
c4354ba7-9694-4c52-b93b-799cb406f37f,Android
be518435-76f1-4b61-bfda-d15344d81e02,iOS
63ff600a-76aa-4c12-a5a4-f0b1dbfc70f2,Android
ee2821de-e0c6-43ac-990f-b5d4c7ddb5f3,iOS
1bd0c43d-a036-46f9-ac7e-908668a850cf,iOS
bccdf814-80fd-4139-8ceb-c47e80bb943b,iOS
317c6877-85dc-406c-84e7-ff039cc262cf,Android
9e6bdec9-f80c-4e9f-9858-af8d43de22fa,iOS
b9e2c3a1-c5d1-4af6-8d97-31e1a02877b7,iOS
4a7d68c7-7126-4a7f-93dc-ce3b78407cb5,Android
7562fc36-e257-4f2f-9109-79de48b17267,Android
dd6141d2-076a-4e70-ad57-a50e10f10f85,iOS
6c019a16-2615-46e1-addc-606b9e0f330e,Android
81fb8818-67a7-4e5c-a16b-5aa5a14e3b48,Android
1ab3d45b-714d-4af4-8e6f-e0baff29b9ab,iOS
d7558ab9-8bb9-4fa2-abeb-b1e49788ae1e,iOS
979efc92-6de2-4f5b-8ee7-5ea2f978a379,Android
f9bffefd-2e8f-4079-ae44-307fb505dc08,Android
dc407731-8348-4112-87cd-046261bbe188,Android
d71c1fdf-9d3d-4770-b496-729d9f727308,iOS
f0dbb5a5-60b6-4e14-8bd6-2a334de47baa,iOS
debbd635-2baa-41f0-9c40-14f1d6c72bd9,Android
71d022d6-bf81-4ff7-adda-f8e4f54a0277,iOS
f3fcf9f7-2af5-4c41-a74f-19dde71c447c,Android
b35250ed-b3ab-47a8-8903-d80aee308d25,Android
7459f632-95a0-4071-9c04-39d5c08ae4a4,iOS
d556df21-fa65-42f5-9662-d05e3e65ebc3,Android
818dec1f-9da4-4e03-b592-6dd6d70406f4,Android
72383d60-9d17-4a70-baca-02303886e121,Android
a7d96369-55e5-4c13-84b9-cdd6b4fe2c99,iOS
2beafffd-07c9-4b5e-b537-0d7aa7a9953e,iOS
5091518b-9b88-4696-9226-7ff5f3dcfb9b,Android
f3de3646-a2ac-4e7f-9495-aa211c3fda3f,iOS
bdf3d909-13d3-4f37-81be-fec2f3e3d0ff,Android
34946644-7427-4ed9-8f3c-d61752b5d01c,iOS
89b3f4a4-993a-4f8c-abf6-fcf7bc73ae15,Android
efd1260e-f2c5-475f-afbc-ffd110c47b52,iOS
2a990ae3-7175-4f61-b1a4-09f1524356e7,Android
41c086a3-ba6e-4bb0-80bf-f8f94c4c79c7,iOS
b3d322d8-8d0f-4e17-9515-ec035613bb1b,Android
4c112905-99d3-4c65-9eee-28117b923f07,iOS
6fdca28b-4030-423f-8071-8e83cfd8b316,Android
5e242b73-4f8e-43b9-9d43-d7556e3c890d,iOS
9921ff7a-8837-403d-8bcd-3d0e4444136c,Android
4b585a3e-60c0-4c26-9f9a-0a0399c65d9e,Android
eaf0a2e3-f12e-4103-a3a7-a66897f642ae,iOS
a1f93d8e-984d-4a11-8268-5dfd71795a83,Android
b1d73351-c544-45cb-8fbf-7549c59df678,iOS
3a42f10c-9c5f-4be4-b9e8-25dd7b2cf260,Android
3fb74375-0150-49ba-9c72-c03c914c4718,Android
bfb72dab-0892-4235-babd-ec4222252fd5,iOS
5e78663b-4975-4b1a-9149-d037db79b2db,iOS
2f589055-4fcd-4f6e-abe2-d3bbc0e6bccd,iOS
c45556aa-dcc9-469e-bf0f-a9bb1a061be8,Android
220959f0-7cb0-4f7e-a2b1-fe973a373f34,iOS
81441c50-f480-4618-95a4-9b24ecf0c9b1,Android
95a23443-9d56-44a9-b028-16d87f083791,Android
6c8b6d20-225b-4074-941b-ab96f1f6f2d7,Android
233afeeb-815f-4faf-b7df-147409fa7f13,iOS
2036a026-c108-4e76-b1a8-8159be79574c,Android
9aeb8729-cb10-4a5b-b31d-8e4dbf914d47,Android
9e051d12-6b8d-44ed-af2e-49833fc1fdaa,Android
524cf29f-10e3-4bc3-b38b-c142535865c6,iOS
b470653e-b839-44b4-be77-5deaa01ea30b,iOS
3d2515f8-b59c-4547-9fc9-b7bd006fc34a,iOS
b9ea6d6b-7138-423a-9089-424acca2a990,Android
28d21a9d-3807-498c-9d3f-f05d89e7f40c,iOS
8353c197-ff2f-428f-9296-66b2417c6efd,Android
1d858473-21ae-4e09-a15c-f241c3a31f6c,iOS
78982303-aa3d-432d-92e8-635ad434b52b,Android
a5453515-45c3-4575-9db3-91783762fc11,Android
8a051ceb-90f6-47b5-b90f-8bcbb18096cb,Android
b8b6345b-1213-4411-b0f5-5d7309db966d,iOS
68a9b001-b8af-44fe-8baa-8bed7fcf9ca3,iOS
1d5b13bc-3588-46cd-a568-35cd95eb7653,iOS
e9eb8cdd-8d52-49a9-a3fe-ad4a19b34ce9,iOS
a797abb2-53ce-4191-9b6c-95b36ae5a90e,Android
89d6a9a5-21ce-49b5-85d9-960322340ac2,Android
2b896f07-a863-41b9-a3aa-0785db6c3e15,Android
48ff5999-ac24-4c96-81c0-227f089f3a32,iOS
9ae8451f-b115-4a3d-91e3-735726dd5512,Android
c5885519-6fd9-4205-ac92-9d60e7a59787,Android
5110e60b-ee75-4740-b835-05321e7fea36,Android
182266bd-9892-4b50-87b5-67289ab2ce47,iOS
a439ec2d-68a2-47bc-93b3-102ee2141b0c,Android
affd7458-9aa7-4d41-ba5b-a73c9ce90997,Android
3f919ea9-66be-483b-b53a-9abacd87b7cb,Android
646974a8-fef3-4518-a89a-5a317f912cd3,Android
d6c3cab5-ee60-41a3-a523-2db6b662c6e7,iOS
431e1ffc-d011-4c7f-9cc3-1f0e5f56fd49,iOS
95991277-d750-4103-a43e-1b8c172a75c3,Android
2657fe78-83d2-4419-9fa5-06515770205a,Android
5b148d25-3054-4fe7-acb8-cf9d30934296,iOS
99629481-7ee9-4d5d-922e-eb81074ec7c3,Android
9d7f49af-de60-4929-adb0-6f0617f9e352,Android
5965a860-ca61-40ab-868f-de14d60d2ebe,Android
6d368011-2868-4dc9-acb3-b6345ec2bd05,iOS
057a8e64-2c15-4f25-bdd0-c684234ecb92,Android
d521b930-8c19-494a-a0cc-b92dad66a7d6,Android
15b0ec54-82ae-46a3-8fd5-59994abf0153,Android
3aa2214b-babc-4429-a827-0755603146b6,Android
1feca5bb-1cbf-443e-8fd7-d769e21bbfbc,Android
b687fa26-9c2d-48f3-a467-5b487760614b,Android
02a2a01f-d83e-41a1-b006-2126195bb55d,iOS
33357705-d9ee-4251-9070-39cec12df5f0,Android
6c36702e-7b24-437f-88bf-74398a78fc52,Android
e017477e-2a6d-45a3-bd87-142a3f06e635,iOS
4ee1dc87-f0f6-41e8-84de-3f8cc1b280e9,Android
5733d8ce-498e-4263-984d-97195d5508ac,Android
4ea6f9ea-7c36-498b-b82f-f375dde29439,Android
3b830c06-a9d3-4d0f-9c94-7afe4ea3a143,iOS
07220d75-70c8-45c7-a4ac-cd44daa651e9,Android
614ca23f-b90b-49bb-a3fb-db8155a43ab6,iOS
035e9daf-ed57-436d-b8ec-bcabd7dedf54,iOS
ebdb1b9c-a43e-4dc7-8426-00a96bfacc11,Android
3d4db1e0-fb4c-497d-a3ad-c441005b0da4,Android
0a43b007-c7b1-4ef2-b0c6-6984f1689a7e,Android
c3da0f71-1a07-41a2-8f37-cc79aad8121d,iOS
84307aaf-5d19-4d38-b319-6924f9395554,Android
206ae1cc-82fc-4441-b3d6-9c2eb0c2df7d,iOS
a078a64c-3edd-48a1-bd77-0eaad06588c0,Android
e80d0819-2b42-4a73-a508-0b2dec5e2ddd,Android
c180eb54-0cc0-4098-89f3-55d75b8428a9,Android
210bf2a2-c42d-4c75-bb53-ab06957812a8,iOS
5900a9f8-ad1d-4ad5-8246-5e920025351c,iOS
38cec2cf-bc92-45e4-a2cb-88b6ac74f33d,Android
a0f1312e-db6c-4f2e-b67a-3f2ae18b76fc,iOS
0133ec62-d299-4b53-9cf3-fa9e2b962d1d,Android
9e3b147f-6237-458f-b096-c09c7dfc859b,Android
6c1296d5-50a4-4cda-821d-15442e8510c1,iOS
022d6d8b-60f4-4970-9c7b-dca14efd5921,Android
a75f217a-1308-44d3-bf57-03131e096b9f,Android
9cd5b800-e0e6-4ced-8a3c-58b8a6cae2b9,iOS
b6e05be4-886b-4a44-86bc-607bb8d8c3b6,iOS
5d448057-2877-40f0-8861-6c92d8518666,iOS
15ef92ed-c653-47ea-a27d-60a4cf8b2e1f,Android
6f157acc-9efe-4c77-b894-410d3763394f,Android
0527bebe-f6ca-4ede-8c08-93e2a20d74c2,iOS
bf80f208-2d9c-4808-9f6c-5085edc1985c,iOS
d78a6eca-38c9-4145-940c-b326981d9363,Android
ead1e1ab-20b4-46d6-8097-9601f8458d7d,Android
1c855fdc-47a4-4b95-ac90-8f76beedad42,Android
701682d6-8649-4ff6-aab2-31a361de645b,iOS
bca8a1cc-d0aa-464a-bd91-12cde8430e1b,iOS
2f9ff91a-e930-44fe-9e02-820b2f56b46e,Android
bf09b2f2-1692-43de-81b2-64574af74c24,Android
8bf9aef2-086d-4ff2-b027-ecd987deb323,iOS
32b804ce-bf48-43d1-9790-03d748738693,Android
b009614b-0e73-4254-93d4-f093f368e108,Android
4c434c28-d869-49b7-87e1-79ccb2c30cb0,Android
b1c4c9a4-9935-4e2d-94b0-5f3054a7f8ea,iOS
3d6c1b4b-59e9-44cf-aac9-b369cb1fdbcb,Android
07251104-8f92-4d4a-94f0-63ffd3847f99,Android
df34805e-5e7e-44ae-a52c-fd320ed68493,Android
953ebbd2-e385-46cd-9ef4-65c7634c43dc,iOS
0eaf91e7-0a75-47cf-94a9-1bcdeb8f34c1,iOS
2ea406b0-be9d-4c35-a355-ea497b445dd3,iOS
162b2928-b291-4dda-aaf2-7541a79a20f8,Android
b2a9dc18-c26e-480f-b17d-9e8527c57323,iOS
c04abf85-1565-46ef-b770-48db55026c2b,Android
7fdb82a8-c296-4071-a96e-e5d53948405b,iOS
0a2093cf-26d3-4c18-93bf-e7d83739044f,Android
bbce8481-61d0-41bc-b1c9-8101dca4014e,Android
a446f624-f31a-4936-bfcd-f5f1af5b91f0,iOS
6d99a67a-8081-4bdf-bfca-c72c1215b238,iOS
e53143f2-1de3-48ef-ae6c-316bef66fba1,iOS
5331b1d3-4aad-4df0-bae5-59c56b80fefc,Android
ade8c3b3-7fd3-479d-b595-b1c462c96ecc,Android
469cb109-2826-42c5-9fc1-c4177817870e,iOS
caad066c-573d-424c-a4ae-fcf395b3c7aa,Android
6dce0d42-538f-47c3-8166-9b40b72c1392,iOS
ed0d3d15-c450-430f-ae88-eca5c1b4d426,iOS
32a5586d-0b62-4784-badc-213dee3f14c9,iOS
b1e05652-94d3-4232-843e-636267be18da,Android
596e0df8-b334-422a-a07b-09cc709356ea,iOS
15122d53-bce4-4d25-8868-0c48fc722aee,iOS
c222591e-df62-4a19-9be0-d496b9ee63fc,iOS
d9c66039-18ac-4a53-befa-fce39e741129,iOS
29641cf3-a9d9-4e20-9346-e8b379354e20,Android
cf316d02-ada4-4258-9776-40b4eb584cb8,iOS
c0f101c0-5585-4fcb-b401-ef3858c7104d,iOS
dd5b233d-6453-4e2f-8cef-0fbee29ca46d,Android
5a06b850-d40f-41e3-b6d7-f42696f7a4b3,iOS
f55b6f48-dc1f-409e-839c-b7f698794d96,Android
14c2e19e-a7a1-475b-a48c-e39862eb3bbc,Android
fa4522be-7896-4fa9-83f7-eb1e330a5926,iOS
bdaa6cb4-df73-4faf-88ca-f7febbe038f4,Android
2ea316fd-d78a-492b-82c2-30f309d15306,iOS
4de8f7c0-10cf-4213-b588-498fc46a2232,Android
a6022347-cdb4-42e7-92f3-5a9c0d08030c,Android
0a1e39ec-1510-45c9-9548-9dfa4c06477d,iOS
251cb8aa-2d86-47de-99d7-63b72e55a1c5,Android
900b580f-97bb-4339-9050-8c8d50695a2e,Android
45df944e-d306-455d-b424-0eaa27aa85c4,Android
d6a94fef-5d10-46da-a920-ece49350e73e,Android
c4f3a73f-370e-430e-af04-cd7135dbf31a,Android
448f9bed-6c65-4071-b3c7-e51fa56b54b6,iOS
10e49007-1530-4072-865b-6ff409c91e92,iOS
c3399705-828a-48d2-b042-fd3c9bfc9301,Android
e2ee9ae1-f02d-42e2-93e3-1e97c815c8b1,iOS
8d35d29c-e470-4f28-b239-06d4ed6810ca,Android
dbf4f917-07bb-4dc7-83a9-71c1507bb804,iOS
9907a361-78c0-4ede-9b34-5732d240f4e0,iOS
857dfbc8-474a-401d-a93d-7df8e40cac3d,iOS
4ab4ef65-a38a-4773-8481-87abb771abc7,Android
776c4ebc-dc4e-4be4-a787-fb7238090f7f,Android
7b12ccab-52b6-4ebe-bf5e-1d46c47c5805,Android
25a525f3-68ae-4c7e-876a-2172a3cae3a6,iOS
4290f326-17d0-4554-b646-0d584e555044,Android
5df5f440-dc33-4964-b7ce-0ef20349d534,iOS
5847bcc5-0084-467f-9879-176fb4bc313a,Android
44b08ef2-3678-42d5-88a7-c054c8e956e7,Android
77c91a5e-04bc-43da-8b49-90fb7e45929d,iOS
df26fbe1-5eb8-463a-819d-5f11e163d2b9,Android
1a21b7d7-8de1-4c68-92f8-b93a94e58fb2,Android
d35e1bc9-49d4-4f1e-9d6f-54a55040941c,iOS
11054fcd-4eef-40f7-a547-ee861a1cea24,Android
85db1c4f-43d5-4e0e-b920-9aa4f4d4c694,Android
af12ee99-d14d-4e15-869c-31acd1c63c63,iOS
4688c675-f25a-427a-bdff-ec69b1d4f7a6,iOS
55e334c0-c260-4bc3-b470-2e99d50535cd,Android
055dac99-b332-43d2-9c85-8e78f1881d7c,Android
caec9b2e-74d4-479c-9b3f-77c328802d2d,Android
080b9625-2869-47e7-9a8b-2961e0e95b85,Android
66fb9aea-a65d-43a7-a715-e5f8e97d11b4,Android
4a654ff4-95ca-4ba5-bd63-0620a3c8c500,Android
19063966-36c8-4b71-99bd-709ae70b0792,Android
d1590849-4f8d-47f1-8913-080806d118ae,Android
a12bccfb-8476-46ee-a2fd-c839fcae442e,iOS
feb8a954-4597-41c6-b67d-abc396f18060,iOS
215bf1a6-1f04-4a47-92c5-0ff70e37fde6,iOS
b7ce9f11-3274-4ae2-8175-b3d3ec82f226,Android
6c4d7233-8c21-487e-9ff6-4cdb4bef6ec2,Android
fe759b35-fd97-4eb4-9638-aabc309c7244,iOS
5b8540af-aa44-4eb1-bd13-82a1bb69b659,iOS
c3f8dfcc-e3be-4b42-a8ea-bb85d7d868c5,Android
d0098151-a562-4e4a-8417-8421ac9e47e5,iOS
3d7dab4a-a85e-441f-9e3b-574721216ad0,Android
5a32d673-f5bc-4df0-a97e-64a222f5620b,Android
dda9ccc4-7dd3-4ea2-8bb7-e4078bd3594d,Android
db4972a3-478e-4428-8c59-8f1228657fb3,iOS
1f055142-738b-4293-84dc-143ff55033cc,iOS
67e0ad0a-dc80-4ff9-8eca-23284df979ec,Android
7b27ae4b-18fc-438e-8e4c-431c9b55fb76,Android
651ceb95-293e-430c-bdcb-f515405d4c15,Android
a0a4de09-0e27-4e45-9f18-0443ef45ee32,iOS
47059e05-1072-4bb9-8e5d-f72ca52ba5d6,Android
4ba3b1af-7146-42d5-98a4-9671ec6fe7b8,Android
74aa81e0-8fdc-445e-b546-3ab1cb23878a,Android
80eac981-d44c-4ea4-bc84-c23baf90c625,Android
d3c2e539-da05-4d6b-ae9d-72d76fc9d4d9,iOS
f8fb1936-b234-4511-a551-768628dd5a5b,iOS
70c78bcc-e9c1-479a-aeba-75af01f1f757,Android
87735e3e-0b2f-443c-9197-a5cf8a6b4e0a,Android
35eaee86-39eb-43b1-b6ff-da29c43c8615,iOS
d4a1977f-03a9-4736-88ec-afe4de5075ee,iOS
a4c1bff7-9287-4d02-a16e-eec7df85443c,Android
f7ceac40-4744-4930-a8b5-34d05e92a7fa,iOS
c4c32aee-12d5-412d-99e6-0c234a7b18f2,iOS
564dece4-ce7e-4225-8f98-7c143a872a62,Android
e808888a-fc5e-455c-be9d-8d413d0e1847,Android
49060460-2ac2-4190-afbe-acc0b97a2d9e,Android
03a633df-3011-4601-9860-657668ff34ea,iOS
1538e93c-6e54-4e78-98c9-864d88b64709,Android
7bf203a9-1846-4bc9-8d0f-f9ba29df4907,Android
56ee7f03-a3c0-41e1-a2b2-ba6e09fe0766,Android
56dc7f18-dc0b-4cb8-8616-3ba8c3ce5ddf,Android
9bb62dd5-9e2c-4983-ad77-3c50337d6074,iOS
2046426c-148d-4089-98ef-81ef13176260,iOS
193bcd58-f5d8-47be-b682-b426253b4040,iOS
a2a5d180-ab08-47cc-938a-89ee0780a6e6,iOS
8ded48fe-b99a-449d-af61-0b83b6a88f62,Android
6823d227-3fb5-4b81-8a1c-e77bad1e3f14,Android
cec10e80-71d3-4992-ab74-9604ea3fa3c8,Android
5126edca-1c5d-4981-a3ac-d9a56cfaebf0,Android
e87c41ff-2b4a-4030-8f50-115568d5a071,iOS
5be5c689-8144-4656-94ef-ab699451df19,Android
1d8c4d27-a487-4b63-9bd0-b62b003644f3,iOS
797de2b9-26e6-46b2-a1b5-d54c422a4a16,iOS
23bd0dcb-b2cf-4c15-965d-52145d0dc3e5,iOS
0e16078e-c9b1-473f-847d-833d0c05db60,Android
59d49a77-db13-486f-9091-f51847eed12d,Android
32d39e5d-6a12-41e9-a640-7af1e7d92554,iOS
899274c2-021c-4ab1-9302-1c8540582413,iOS
09350bf8-feab-4da8-a28d-cf54656dca55,Android
57412963-b838-4bfe-9c88-41eac7221042,iOS
47f6213c-67a7-4cb9-959d-bef58a1b87a0,Android
d73e3695-49e0-4cc6-b879-c715d622b43f,Android
fafaa121-e4ba-43f9-99a1-ee8d4af31935,Android
6d9d8447-f669-484c-b956-c2b32c2b4aa1,Android
1e09de41-9384-46a2-8d05-1a14204d7dcd,Android
f56e8a7e-f850-41be-8290-ad3a7d4ab973,Android
a9e9e3c0-f680-434f-b310-6ad56b19df60,Android
46f475c4-df17-4085-bf2c-b5214bb5b216,Android
c8c432bb-195a-4b7a-9f23-a98d96ef4121,iOS
4e39c215-d3cb-4b5f-8412-1c331e041c44,Android
cc3acd02-99b3-41f5-8b43-c283e2e4d908,Android
7defd72e-cfaa-499f-86f7-2105a517ab59,Android
81299273-b75d-4f03-b985-9053843fe1fd,Android
627494ec-bded-48c1-80de-4bcea227e6d1,Android
654632f2-3a8a-4687-b8ae-c4805d363220,iOS
0f41214f-5ff6-4086-960c-bd54dd290732,Android
27960c3d-40e0-43a9-8846-a9f6ae7b267c,Android
44660358-18b4-404b-851f-71063a76b17b,Android
e4f4cd47-b25b-4b77-837c-c62a2819c317,Android
03310ddb-e075-47e1-8181-fe3a93d719ab,iOS
83844ce4-2b38-48d1-97c4-867a0a3cfa3e,Android
c417655b-a944-4cab-ba76-9b320556379b,iOS
38f4e542-e951-4c70-ab30-b696713d48e5,iOS
bad6b41c-fbcd-4e98-9f02-3a8eafd333d6,Android
4b959d6e-dc27-4132-8770-578f40b16e33,iOS
dffa5f52-fe25-40fd-ab29-de66fc46e8e6,Android
0c4d05f6-6590-443b-9b80-6037e396821f,iOS
5552fd57-77db-4aa9-8d23-41be4b060ebe,iOS
91943952-169b-4486-9aa8-31dc598acbfb,Android
09230ca9-b6e8-46c2-a932-74684fd7d6fb,Android
4b1d33ec-2f03-4515-a7cd-cdf9d04f0f23,Android
a4e3e8a1-3298-439b-8931-52451fb5f157,Android
7a2f1fc1-2f5f-4595-b1f6-2750f0994797,Android
6bc73456-df9b-48a2-bc5a-6cc10767319e,iOS
88ed38d0-34e0-4c9b-a657-93d51e5f0ad4,iOS
f1e22fb9-1a94-4720-8a16-6b610338329f,iOS
8388e668-89e9-4ec4-a353-6866387783bc,Android
a5727e5f-1428-41af-ac9f-203fb0d16f25,Android
4c456224-dd30-4531-bd81-c5969bc3889b,Android
9046472f-e266-4f59-96e0-f5ebe6fbb570,Android
562f4ffc-0a5c-4db3-966b-1b35000e7eb4,Android
be0dc23b-d1d4-401a-96fe-b773ac1b9fac,iOS
66d601cc-ee04-41a6-8783-ca060eb6e2c9,iOS
b649a3af-a302-4748-b12f-4f9dcf2ed142,Android
fb18123f-8b69-4ef8-8c18-dbe6e4d6d4e0,Android
335154d9-0f33-4a37-9ec2-509c460b22cd,Android
dd24038b-81c0-4de8-8e6a-e9d2088c4a74,iOS
6e42d12b-3262-4dfb-8135-c224c9aac4f3,Android
8a60a711-2505-4071-b294-f37f64b64e97,iOS
2b4049b9-20af-48d7-a384-6dcc0d3c1c85,iOS
5d212a25-f035-4347-bb2e-9329570e024f,Android
b511b9e2-88a2-4bec-b4c7-b0e017c80b13,iOS
6cbe35c3-d19c-4f92-a908-4afc0ac23dfd,Android
eecf92b5-abef-4b17-8d8b-52f3dbc401f8,iOS
b4fe0782-4c78-4cb4-88c3-a8e08e1e6cd6,Android
a52d0aac-4dd0-40a8-95b8-9268666ff30b,Android
4457377b-ac0a-4e92-b102-7532ca71ff0d,iOS
3ceb6d8b-730e-4813-8c85-53c23a1cf80a,Android
84aad278-f816-4ddc-abb2-05d8dd17223c,iOS
ba12bee2-121b-41ea-90a6-4637798eff56,Android
30ee5f50-f352-4c67-94ce-df5853b3bed2,iOS
e7e89908-dc88-453f-93e2-f3fcf36c02bc,iOS
e9977451-abe3-46a6-a27f-faf965d35cac,iOS
22c33c17-4fae-4d7a-8d5d-492bf00e7458,iOS
42426604-e5f8-4dfc-bec2-f9353f5d91f2,Android
b8f333a2-eb82-4eb0-9c10-ae27e6517b96,iOS
526c11aa-e513-4abe-bcc9-80e127fd2825,iOS
62e16b54-dd8a-4067-9ff1-3e8867d3a7ef,Android
d5746147-a5a6-48fb-adb0-e89ca3faab64,iOS
0f87993b-9100-46b0-9b74-3137fe16c19d,Android
6c8b662b-b970-4d37-98e7-2231c09cb7c9,Android
0207faaa-2b88-4ebc-a6ea-b77bb850f332,Android
6f745bc3-bb6b-47f3-8c6f-2d065ea17bc7,Android
fab0f27c-b6b6-44e5-8895-4c92cc0d7864,Android
5d532e53-9e72-43b6-9a26-c83837a6dfd1,iOS
d8e1dc05-e7e8-4065-93a6-c55ccf728387,Android
9bfb22e0-5616-43a4-ac11-70aaf43bc572,Android
1deea6fb-c363-459b-a24d-c27b36cf3692,Android
8ed09a40-8b94-424d-b174-b4f22e0b988c,Android
b9d7f71c-6d53-444b-88f4-d79b05e34cae,Android
af171e11-2842-46a0-8ff9-bb657b38e191,Android
8989159c-a542-4bb5-8218-812201c64c35,Android
79c61d6c-1a1a-4567-881b-76e1a6a4db62,Android
451400a6-a866-4a8c-ae8d-974af6329422,Android
ba32cab8-7c70-4848-a64e-bb882a3f4ee1,iOS
1ff61d04-ab54-4ccf-b040-1b904a4d563f,Android
1514d66c-e26e-4082-bd9b-3fb88c778c22,Android
55eba119-2113-46a0-96a7-4fae97db345d,iOS
f58d6e09-4007-4565-a845-8c1b8fd7789b,iOS
bfe7c8c9-7857-4b79-a2e9-d0d3807abd9c,Android
b010db61-a5d8-4c8f-bfbe-0d456324c3b1,iOS
6e95c66f-bf6b-4d3e-b339-9431502ee983,iOS
61784a24-a151-420a-8dba-d2a04af58709,Android
8abaf017-411f-4937-a61d-9f206d554276,iOS
ec670568-c20e-4871-bf99-1103c7bfaeff,Android
39e8be5e-7e49-4113-992f-a5a5bb31a870,iOS
4008e12c-afd8-447f-be71-79a0f8c35868,iOS
1bf3281e-0164-40f8-b5c8-eff3f1101724,Android
78cf3523-ec16-4f90-82d3-9857298e014d,Android
cbfbdc6c-683c-4281-b0aa-8abdb8858981,iOS
39b1c7b1-ceff-404d-8755-dbccb743e10d,iOS
63cb8fd6-1d64-481a-b7e2-c41ae03167b7,Android
5ceac876-16b9-4bc8-a74b-0ca8e24ff307,iOS
29aab523-8b1e-4953-aa7e-0ef109a40ff0,iOS
329dc5b1-62d3-4ea5-9772-ccc2c0c216c0,iOS
88bd21c0-f8a0-413b-8292-2e8633978dab,Android
b204900a-0841-4cd0-9156-4eba5fcd9a8a,Android
cc61d405-218c-4f99-8677-660a583f75ec,Android
598bfb3e-b22b-4990-aba2-bb10c2cc5ea4,Android
3af29979-39fd-4fc8-9f28-033d233258fc,Android
6aa4ad8b-0bf8-44e1-8859-2406f37909c5,Android
0a61118f-2b3d-4164-a9e1-7ca3f0a71f42,Android
9035e162-d04a-40a9-a8aa-179739ef37f0,iOS
690a433d-13d1-4fb7-818b-36c510375a97,Android
1e947822-4d99-4e7b-9c11-37942e498ac3,Android
aab0149f-cce9-4c08-9948-b03f6b5f9967,Android
e824dbca-00ae-4e37-a4ec-fd57b96aa74d,iOS
84cf9076-85a7-4501-ac01-937041d318d0,iOS
449718fd-dd75-4f10-ab6f-a4e1e7b61bce,Android
df614cc6-d3bf-480a-9e8e-338480637d83,Android
0703aeaa-2336-4395-b04e-bca1d2021298,Android
746f534a-995b-4c22-835b-b1907f2d8ffb,iOS
6f59e39c-1889-40ed-9257-c54150e8da97,Android
b0ba801a-1bc6-4f6d-8dcb-17ec48b32dcc,Android
ec8042f3-c101-46b0-9cea-243a801b2528,Android
5e0e0a04-ccc8-4dce-9677-58b9d2042d1c,Android
c54e38ab-afb6-4961-aa80-660f3bc6ccff,Android
92dc0eda-00c6-4a62-84c2-497f831740f0,Android
84e5180b-2dca-45a0-b73b-e9f6ab0d436f,Android
1bd61890-d39d-4106-a9af-cb5b5d6f2e84,Android
7882d83f-2536-46df-9a68-1d8885324f90,iOS
97bbcf3d-4443-4e43-863c-39feb269872e,iOS
e5ddb8ed-e247-4f32-8721-f024014c8eba,Android
c6621a89-3990-4ce3-b2c7-a3bf9500dbe6,Android
42b3b0da-532f-4ca7-88b7-a97905d98a69,Android
5b37810e-9bfd-4274-a9f3-679086650941,Android
45b1aaed-ad4d-4e6b-9602-82f70a1ec7ac,iOS
c5db3254-d632-40ec-b463-602918a8c670,Android
86eac832-b16f-440f-b7d2-50649c9ebdff,Android
8b8a96c4-7de0-4d0e-a5c3-7ee5a2345eb3,iOS
4bbdd6be-f5e3-4008-bd44-041466bd4cb2,iOS
2f8e8d9f-91db-4500-a021-0f6416700b6f,Android
1cf1012e-5321-4182-b517-238183965c22,iOS
0135cde5-b443-4174-881d-ee7a47034407,Android
5fc9e529-69ce-4202-a6ab-e3f32efb5fd8,iOS
ae1cd53f-1379-4cb5-97f4-4022563e7c79,Android
7c26eefb-edb3-4521-a612-8b06f5583240,Android
7d6ef9fb-45eb-4f40-850b-5d7d58f92a56,Android
d7d5841e-ea71-48a0-b13b-da2a673f9913,Android
c8479b11-5293-4a1a-9514-765e47f34b49,Android
f712058d-c8e5-4f52-8df4-2f16887d671e,iOS
d88e252e-c83a-4ed5-9592-70575d7d6d14,iOS
bed937c5-ba75-49c0-9771-1af7575499e1,Android
51490370-db90-446b-993c-98ddb4153385,Android
fe6a3ff0-7599-4ed2-9913-fb0b6e26e1c5,Android
1e881be6-58df-4501-b08e-8ca4d35d21d9,iOS
78030840-9eb7-4fed-8a76-1c2bd393d66b,iOS
4fc441ec-cffe-4c44-a95a-316b1e4be988,iOS
86b33628-baf7-49c2-9b2f-30338bdb2273,Android
693fe312-2728-4e89-9243-d878715e3b9a,Android
1e464dea-fc3a-4049-ad97-6281ec4ebbc0,Android
93640eb7-2edb-4af3-9f38-1ba9a5f4650f,Android
0c859f1a-ba2f-4348-a016-03933e35d045,iOS
61850c5b-3c76-4c5d-a8a7-c5bd430903bf,iOS
cba99f3d-8693-4771-af2d-b7b36808636f,iOS
a126d7b5-a362-4489-b1c5-29ef1876f5f0,Android
9069eaae-25f5-4287-91ac-b806bb1968e0,iOS
55e05a22-6b2c-4d86-ad30-076d2b4f5514,Android
9f7f11e8-be41-4ea4-b5e6-4fdbe6643e91,iOS
1e47107a-3d9f-489a-b42e-948ef0898bdc,Android
7c401c00-9064-4cdf-84c6-1f7aa45299b1,Android
b2a8c7a9-ff5f-47a2-961e-b0157a8ee547,Android
bae78517-6f6e-4271-ac7c-f3a79770409a,Android
a06adb94-4fe2-4619-a109-0395f1e1b5d0,Android
8aae6fb2-171c-4e96-a9ae-78873cd09afa,iOS
6772cfc3-4c66-43c0-897f-d515f2e279ee,Android
3d77f85d-d316-45f1-a359-4e042094fd25,Android
2ae64519-7412-4c1e-ab2a-9fd90b9511a9,iOS
ad61a8aa-c513-443a-af23-ca2bc15e525d,iOS
614ae2ba-abf1-4909-9290-8d5e5d9c1026,Android
b0d494a7-da23-4bfd-8b05-ab9d010b982f,Android
62258f7c-5929-455b-a0fb-07d72ed9d68c,Android
b1afb417-5fed-45f3-b99f-15175890f83b,Android
caa6fcca-0ed1-4bb0-a4fb-38bb3e3f1591,iOS
7031c669-43c0-4228-a6f9-7d45cf6ecb2d,iOS
d8f8d38e-c5a3-49b7-82d2-deed2b03f117,Android
2f046d69-d956-4974-9e9c-3c33b3c39254,iOS
c08552d3-2dac-4e7a-8180-83d6ac72ecc5,Android
35fc35e5-e807-4a4f-a33c-2321ad9b4f50,Android
b687c8d6-d425-433c-9c00-82893be866fc,iOS
48351427-0e5d-45b7-ad8c-8948a4aea03f,Android
5110045e-14e3-43fc-8682-c8a83838c5e6,iOS
626a93f0-facd-423a-b0b1-4b943704ec7e,Android
817b745f-1abf-40e6-a896-fc726d2cf998,iOS
0e18656e-a151-4477-91b4-71977d5fd4ec,Android
7aca6bd9-8ebc-4988-9ebe-a2ae6610bd47,iOS
a099306b-e144-4e3b-8603-8176930118f4,Android
b81fb653-b939-4733-bc75-ad7ef4f5f663,Android
0eaa9b9a-51a6-4b48-8346-9c39a95580bf,iOS
97e0130a-9c5d-4675-8120-4b3776ef5271,Android
97a8baf7-0508-4242-996e-adae831de868,iOS
3ad4b904-e0bf-4020-bfbe-606be1cbeeb6,Android
40c84827-e239-41dc-bebe-f5eb9676f3df,iOS
e11ffb66-415d-4ab1-ad64-2d0327f1dd27,Android
0d1dae96-4396-4cc9-bee2-078424471eba,iOS
5b9df28d-ba4f-43c2-a919-7d5845dc1a57,Android
e879d9a2-7e7f-4ce3-ba5b-95844ae19ccc,iOS
a4286be6-722f-4a07-b1c2-f8ce606baba9,Android
b5b435e5-69c9-4e1d-a7e0-838b7b533450,iOS
e3855b06-1e03-463a-9896-da624f7e51e1,Android
c1078fcf-10f9-4d13-bb0c-688eaee0ff6c,Android
a2197d12-2a96-4e05-8128-99fdbff88e10,iOS
49d06171-9eb5-426c-ae06-b79b787318e6,Android
43dbe0c5-ddaf-4894-97a0-5904c21920cd,iOS
3bffc03c-71c3-4ac1-bf1c-c43a039cf6cf,iOS
eb5479ad-bef0-42b3-9709-4fe678ef638b,Android
e6f3e1d8-326c-458e-a462-f6c717892a79,Android
cd366a55-40be-4e1d-969a-daa4d9ea98c5,Android
21872a5c-bcce-4858-b6cd-6d8f8794ade4,iOS
7f539cbd-c12b-4fb2-b822-f192b9d8c29f,iOS
5b3e634a-18ab-42f5-ac7b-95176d89397b,iOS
740b4892-2968-472e-b2f7-45db16cbb67e,Android
f3316049-ed29-428f-b64c-e49cea699eb6,Android
4f51d286-f48a-4f29-80c2-316a1df084ce,Android
8b0e6919-3882-4cc2-8dc7-a5a8acd44605,iOS
84ac76f0-b497-40de-a8d6-a0d805eb26ad,iOS
43b0cb54-59ec-4155-a01f-262caf2e9df9,iOS
26ba97eb-2b25-42c7-8953-921dbd4e5be3,iOS
08c6afc3-e278-479a-badb-bdd998a42a02,iOS
1d7e3999-3652-4b29-acd1-6010b5581883,Android
30f573b0-6766-4987-b4fd-6d65a550bde4,Android
482e4632-9e5a-4fee-bb13-5b073c43aa90,Android
af16bf19-bc01-4ba0-94df-f554cc6c4c67,Android
8526a7bc-c882-4e83-af92-45b4bfd6878b,iOS
2e987365-4e5a-44a5-afd2-7229c601f44a,Android
417f2fc9-c81f-4765-97e2-25e7dc958b32,iOS
195296b9-94c5-46c2-b6f6-c1a684cdd53e,Android
e8d9b541-afca-44d6-9a94-a304a2248eb0,Android
f9fc6bf5-f5af-4e50-b2fe-61ff0b548722,iOS
a389168a-0aac-4553-9802-189d57c4d2d3,Android
4908fb5e-bb7c-4e5e-92bd-98a72b3339fa,iOS
fb2eab4f-9ccb-45a4-9798-339b05e16a00,Android
5af47e42-2f68-4050-9d16-d1c17337408a,Android
f3536bed-a7dd-4e6d-8e82-9b1210d8505c,iOS
33a5b7eb-6057-4b19-8521-69eea2381c18,Android
c17d8b99-b979-4e52-8abb-ec726bd3026d,Android
7ae53d6c-bd2e-4ac9-95ab-09533b58662a,Android
a6f6be9b-5127-41d9-b1fa-0d5a0ae5ae7f,iOS
8569b8eb-4af7-457d-9ae7-9d5ef23666c8,Android
611f6048-821b-48ea-bd6e-8bd435d6cffc,iOS
dee32287-bdf6-41c1-801d-363f85ea1af4,iOS
b27c00da-ff56-47a7-960a-c2d1ca5e4a9b,iOS
8415316d-a7f3-4e0b-8500-5ddf5a1d0512,iOS
ad69b664-1835-4c45-894b-903deacd2cf8,iOS
d291ee64-d63e-4940-83fc-2ba5ded24b36,Android
d3febd4c-fd12-45dd-a3f6-5540f43191a9,iOS
ed842996-1889-4c62-b908-8a3096248535,iOS
c98838a6-c074-4a35-81ee-cd75a9d1c052,iOS
07f47837-b4f7-47fb-9ec1-e13caed16bf1,Android
bc8f384e-2910-465e-96da-86d7f1af04bf,Android
ba10f308-e619-4cb0-90f0-923eb2061c15,iOS
7f15839c-4964-49d5-ba39-2bfcff64b5ff,iOS
28a17f51-2a94-4e0c-b8b8-5746f14ca7c1,iOS
ba46c817-7afd-4538-9007-23923b444f55,iOS
dcf7bdff-2ed8-4191-8007-90df9c234c01,iOS
b21ece83-5ba6-4084-abca-39c8fcb668bd,Android
6e7d8ac6-a9c4-460a-aba2-8c8101c3290e,iOS
96caf1eb-a4cb-4935-8895-4518629a9103,Android
82126cef-1864-475e-9162-ba913a468c8b,iOS
819103b9-46ed-4c20-a541-3a2f559085ff,Android
4ebd25b5-8625-42b2-bc6b-0e4dbbacb6fc,Android
77a327b5-b94e-4aba-b4d1-379c91b59e4d,Android
a05d9d67-db96-49cb-9f8f-dfebfc1c6357,iOS
d69c00da-4c71-4496-a8b6-72d4697b20bf,iOS
cfc4411f-4423-44dd-b6a8-53ab68fbdaa7,Android
4cab0f85-3b75-44f1-b3fc-240c0876aac8,Android
8e024e64-190e-4bcf-aa2f-5cf105a3c94f,Android
9abbed14-9a44-4567-92ea-a483198ff47b,Android
e240f850-520a-4572-b1ef-7f849b1b9a70,Android
2cbc527f-f050-4664-9354-f8629a12f3dc,iOS
d8e95c17-3db9-4530-97ba-5665a3cf340a,Android
70c0ec8c-294d-4452-bea8-71ee6c78636b,iOS
25e566f8-af00-43d3-80a2-0b111607b085,iOS
fd33081f-b452-4fd6-adc8-43dd73e9da00,Android
369978e2-152d-49c2-9b15-40fb684adecc,iOS
af1d5f90-c928-4d26-8cab-ed096b09d67b,Android
b48305bf-f258-46f7-837f-8bc7b9181206,iOS
6908f8ee-6db2-4108-a328-d857af0bf5d9,Android
98cdaff0-e1f7-4209-8484-c8aba5f30ba5,Android
eb8b3680-a70a-4131-afcc-ce83ab077e32,Android
744817a1-3ba0-40fd-814d-23731b18e116,iOS
17f0bf24-bc86-4b28-987a-5bdb99127114,Android
9c122f89-2c05-4db3-b76f-09f148db5478,Android
a2f01eaf-ad9a-41cf-8b92-eb373612b69b,Android
f5dc5162-5cd7-462b-9766-bd94a7e16cd0,iOS
9b1d3245-3d4c-47d5-b9ac-1a1866f3a7b1,Android
1509de20-8a0a-4f57-9225-bbc65248b947,Android
fc83572f-eecf-4928-a3ca-1405e03a6019,Android
0bb020db-fd25-4041-a2eb-dc77a1c71506,Android
bcd3ec3b-bbf3-476f-9a73-ca880c7a497a,Android
4a9d9db7-d45a-44d3-97d5-34fde9ed9c23,iOS
9391d3f0-e001-433f-a536-1a24797a89c9,iOS
dafd1147-4366-46ff-9d3e-57d4181df956,iOS
8b642714-a528-45fd-8035-127360444eef,Android
e09bcc90-d4f2-4a5e-a7c8-8dcceb6f7444,Android
314f8c28-ac31-4f2a-bb95-da043478602f,iOS
3b167dd4-e676-44ed-97f1-72ebd5928538,Android
1c379935-8a45-472e-a059-7388696adea7,Android
d0415c7c-99f6-4476-b58f-c1b636fa25fd,Android
953ebaf6-62f4-4684-93c2-ed02fee0fd4c,iOS
a65636be-4172-4132-ad0f-22b73a0757e1,iOS
bd6f6de0-540d-4d93-8db1-156726240ed0,iOS
e32281ef-472d-4d11-8b2c-fc510e3e595c,iOS
d389dc12-a818-4f07-8d2c-54316dc90ce0,iOS
dc196dff-3652-480c-917d-eef94d9a1e35,iOS
010736a8-36ad-43af-8900-fd6ec3205b82,Android
aa97a694-c63f-4093-92d2-82675a361701,iOS
bcd94d0a-9a49-4e03-8388-26ec2e9c26dd,Android
39132ffb-63ff-483d-a653-07603cbca9fa,iOS
a17d3811-6add-4af6-8e7f-f684e2e8150e,iOS
0372fc3c-5a82-4949-b98b-c126db5bae53,iOS
0d9c1d69-63e8-45fe-a76c-0dbd97535cbc,iOS
f8ffdbdb-0bb2-4c8d-a80f-475c2ab6994a,Android
4acce65c-bb16-4fbe-a83b-bcb781ea04d6,iOS
90976931-869d-467b-889d-08ca089e47cb,Android
1be25e28-e1ab-4bf9-ae38-c76cca0688f2,Android
a2c7c36a-12b0-41dc-ae39-3eb4e2c48155,Android
1bcca617-d7b0-4a91-abbc-382ba18e4e70,Android
cd6ef4a8-303b-43e0-a26a-81ab1e791230,Android
8d8e7702-b7ef-4295-ae4f-652eced93f85,iOS
474300da-5110-4adb-8f67-c7e33e14fbb3,Android
648771cd-d92e-48e0-99e7-de18c31ac309,iOS
b25070c0-c63c-450d-8b12-f2834378601a,iOS
7565c575-7417-4ed7-a1f8-e40129d64309,Android
b831025f-edfd-4469-8be6-7abcd6826ea9,Android
152f8c1c-0ca7-4dc4-acfb-4f3318c39e02,Android
ba893a74-6dba-409f-a072-289040018c12,iOS
f2faccf4-7ed8-48d8-b5ee-96067cff58c1,Android
864991cc-bc84-4eb0-a625-9e915826c709,iOS
0f382278-336a-4d44-8946-1945eecae10c,iOS
a93ea2ee-a6b2-48a5-96d2-35d164c23799,iOS
5a8f0fac-550a-4267-9a75-faacaacc81b2,Android
007899c0-2a52-40fc-a513-511560a0cc72,iOS
267da19d-f2af-41ec-9aaa-d7a77d2c9032,Android
505120f5-135e-4eb6-8513-da6e86417d25,Android
37347ffb-8481-42cf-b09d-1e470633cb03,Android
4efaf3c9-36dd-4778-b838-e436b917f84c,Android
bff54e51-1c90-4976-9148-969a8433441a,Android
7d1ddac9-69fd-4d00-8f3c-9f856c85de91,Android
796e847f-f16b-4afb-bac8-0a0168fb6896,Android
7cafc92a-31c5-4401-8c15-370320c93671,iOS
bff0753b-25cc-4166-8d05-6207be449f20,Android
b4aae284-1a0d-4d6d-8374-18fff75f1bb0,Android
6e4d2723-900d-42e7-9fc4-c61422df4e5c,iOS
af278a94-b860-47b0-a069-5d5eb96ea9e0,iOS
8d4c4f0b-b21b-4893-8847-71bcb2803940,Android
209d5315-5abe-4a13-8411-4e5d72d2df7f,iOS
5c2c533f-8a31-4763-8ad6-0c02929ecfce,Android
59f3ebe6-4f15-4559-807e-a64da078408d,iOS
8e0366ee-d6e5-40b4-bc6c-40b5e46ce063,Android
c287c1a5-613d-4485-8304-5d0aa0a40aea,iOS
6c9f3972-0135-4958-8ed1-f8d0db11f522,Android
1e2d0f39-7ac1-4880-9b98-ce223ff015fe,Android
c7496557-f40a-4477-ae20-82631f04ad03,Android
7ffb4e53-8fdf-4984-94e3-b72efda611ba,Android
5e0817b0-b858-446f-9011-f11cf6580060,iOS
587d6976-77c8-4b94-b1a9-a3899920dd1b,iOS
09b88da8-d1e6-498e-815e-43eaf3f0217e,iOS
7141ff5d-df60-4e02-b820-bfa8d934614b,Android
2d37ff92-ab73-4342-acdf-4128f247c39b,iOS
86bafdbb-2d82-4f9a-a9e2-06377cb97e91,iOS
740135e8-3a7d-4704-bd26-3db4bcdf56ef,Android
fb99dc12-05e6-4ad5-8865-1ce3fc609545,Android
8a3746c8-4518-48f8-8a1c-5f8c62827cb3,Android
1cb41c97-06d4-4999-b86a-de0e9f500ca4,iOS
42c88398-8306-4aa7-ae05-4f632f009e7f,iOS
50bc8cf1-bd53-4b9d-97e7-63b685430ccf,Android
18cf016f-8c4a-4d37-95f2-23a1bd2771b7,iOS
af651276-4c4d-4bb0-823e-a0f98d51512b,Android
72f16787-bc4d-46cb-af94-e1c0f713d962,Android
cd251d4f-3295-4c51-9ff7-7f695ace0519,Android
69483a1f-d9e8-4197-b56f-256b1e04d59b,iOS
1f68699f-181f-478a-8546-8ccd747ec08d,Android
a5b9a1bb-ffa1-4a6c-a2ad-4919f80a46fa,Android
5ebe93f6-ba6f-49c2-833d-fd5aae4611cf,Android
49830555-0ee8-4df4-8381-93bc67c859eb,iOS
51fe69c7-06be-4335-81d2-e7eb277886de,iOS
e5d5acee-03d0-41fa-b020-696f28eacb88,iOS
9c9aa9db-2a4c-44b9-b445-60ed32b1d81f,Android
de1aa4a0-03bf-459b-8127-22dec40f8762,Android
1d366257-633d-4075-a2f0-f4c6891a5954,iOS
daa48e51-f88f-40d3-b683-4f68fbe35498,Android
2adc7cec-0173-43f9-8426-12210882e4d6,iOS
97d8a997-4c40-47e4-bd75-161c526f97a5,Android
b2a6ba5e-e8d6-4c98-980c-a50dffcb54a5,Android
f0b5a4e3-7f95-4b8e-96d8-94d4f44ee6cc,iOS
65d24bc5-4df1-4dfb-b689-21c8162864d6,iOS
967695a9-3736-4374-98ac-2530884faed3,iOS
cd678546-a80b-4523-a98e-2dcfe5a2fdb1,Android
a0e2ba18-db64-4b86-a162-b9789905f1a3,Android
aad59c52-1be2-44e4-b380-edab5f1d9ae1,Android
0c89c27e-5a8a-4d07-9725-d63ccb2fa344,iOS
698094ff-5293-4027-927c-e9852bbc5cee,Android
b23306e4-531a-4aea-a42a-a4d756ae4b1b,iOS
8398a334-3b59-4b6b-878e-8db1ce5abbd8,Android
c918a58d-ea87-4a65-ab1a-fd46dafd2e0f,iOS
1ac55aab-3eec-4f3c-805d-77878611d44e,Android
38d10292-f6e8-4431-9f36-ab4c176af3d3,Android
67d5d1f4-d3d9-4cf7-8bfa-af9f0a7e5134,Android
059430f1-cf50-4179-9371-cd43dd37c66b,Android
12985db3-af4d-43bc-ba0c-43b2062b933f,iOS
4a318f1c-e454-4d5c-9361-74feea6ca343,iOS
d25b1fd8-3e10-4345-b1f4-1289ebbcc103,Android
5caed2f6-df34-4a94-882e-43c5f4e49c63,iOS
2a5bb52a-d94e-49fd-a809-993054d18548,iOS
02d7360b-b4d4-4af6-b8a1-df1c3b72aad3,Android
387c8cfa-b61b-49be-8761-01c67e59cfd6,Android
38f5255f-9fb2-485b-b442-eac2d070094f,iOS
34eb9592-07be-40fd-b5b5-ca5680ba4907,iOS
f11ad342-e66f-4dcb-8357-1b532f43a886,iOS
8cb64836-2e57-4b59-894f-81c2a469db26,Android
eb2b2d33-87c9-4cb9-b3e1-ca25d1a544eb,Android
71c9995a-47b8-4a97-bc11-f3e7dc803c2f,Android
4161c98c-e7be-4373-be93-58623c0c93a0,Android
012349d5-82aa-400f-a396-5c7ab7ab5f04,iOS
a309340e-2984-440e-9cfc-84d715819ecf,Android
45f26353-b6ac-4f34-89f3-515c5ff8cd9e,Android
d0a38455-5841-4cf1-83e0-7195d004e6bf,iOS
42e0e839-2c53-44b7-ac4f-c5133caa835d,Android
e15a9360-1434-416b-847f-c70ac7eb13f0,Android
ad68b5ff-7a73-4c2f-b050-e837af4dc769,Android
859ce72b-f616-4a01-aa8e-015c5a514b49,Android
edd41bd1-2771-4baa-889a-de71cd96b0bd,iOS
ddbdcbb1-a916-40b2-a14d-7475b581293a,iOS
6b18233f-3c77-43fb-a30f-a965472fe4dc,Android
d9a6bc55-d139-43cc-907c-3fc5dcee048c,iOS
03df5e78-d68c-49dd-9f05-b2f8654c6b0f,Android
232143c2-11cc-4449-801c-321b126f56ea,Android
68743917-0d46-429a-bd15-9da924e20f7e,Android
638f8155-ff79-42c3-8984-66dadc9cdda0,Android
ab7b52a3-ed28-4c91-9590-94747b57dec9,Android
e32efcc2-569d-42c7-94c5-ba622cb4ea56,Android
eba4bab9-ea18-4910-86da-bdebde4c92c4,Android
54ce80a7-35f5-4918-b833-64bac329878f,iOS
04fa1bb3-12d5-4ef2-b1b7-dde403a9eaf6,iOS
ab5236c6-0151-4be3-bf1e-eebb1b2653d5,iOS
bd96abec-725f-42f5-bcfa-d3638727fd9b,iOS
338e4a89-aabf-4a1b-b230-8a9fac46e1ad,iOS
e6767220-2e82-4d54-84f5-8c7b92cef124,iOS
52c1b894-7df4-4b77-94b4-7734bb198c62,Android
5efd3a02-86c5-458a-a3b8-9101daa2fe74,Android
e4793ab6-136c-4385-ac00-5b2ef7088ff3,iOS
08000d3f-d5ab-4eb3-a4fb-f169826cd851,Android
75830ad6-6f90-4178-bafb-bd0e1910481a,Android
6e6ddb39-b30e-4f68-aef7-63835e461e87,iOS
05efac08-3631-4811-b5ed-895728219bf8,Android
a143a7d1-86d9-4fe6-8e23-6e1c7992ced2,Android
ac168244-9d41-4037-9582-a614736f8054,iOS
144c6742-7366-4ec9-94f4-69db10faba61,Android
56c8d2b1-4875-44ad-8f2b-f4b71803a6cc,iOS
f4c3eab5-b655-4137-b275-737ff54e398b,Android
2de4ce2a-86ae-4d91-ae00-6672ed8c5039,iOS
8a25030b-70f0-4e02-bdc1-7005ccc5dac8,Android
8707dda4-d4e9-47fc-a4f2-3f354ee68635,Android
2c8ff0fe-d834-4835-87b8-5fbe90c754a7,Android
1b25075a-f502-49d8-ae28-4d9025c13e8b,iOS
83c8831c-c9ef-454f-a340-f66b8de7fbe5,Android
43bad3cd-b55d-4fa9-9cf8-b74845fe6998,Android
4bc334fb-7cd6-4f09-80ac-b8c1ff313600,Android
9d406f60-c23c-45be-8ac2-59c966037a93,Android
461e4268-6072-41e5-ac0a-6baea577e01d,Android
eaea98cd-5beb-4b02-a4d8-ff9c9cd831ae,Android
321c5073-10e7-419c-b60e-4b87400ac68b,Android
06f05c10-9a0a-4b5c-9777-c569c8ea3b33,Android
d6d51c7c-c78f-49e7-a57e-e1787ef825a9,Android
3c22a2c7-e638-42e2-974c-6f2c7191c76b,Android
b82ce99d-d22e-44e7-bf10-def5c705f39c,iOS
02f92cae-d20a-4be6-b8b0-19563d5a9ce8,Android
3f31bea3-1b13-4c13-8edf-cd6039a02745,Android
da4eff9e-4120-47b2-b628-076584a392eb,iOS
54fce6c5-f3d0-47c9-ab6b-6eb5346dcc49,Android
49c27992-d6a0-4744-b3cc-556354c1ea0a,Android
30c83f9a-2f6e-4e68-bfb4-92d691041141,iOS
bf5b1ea0-c761-4e44-b1bd-1bab83697d80,Android
2e11865a-6e70-4287-83fb-5258341b0f2b,iOS
16584a83-4a84-4a96-a6ab-23fadbd499cc,iOS
8fd02688-d14d-4201-a10c-db8478129880,Android
163d844c-fde4-4522-b469-a6647037a801,iOS
9916b7f2-b405-4466-b302-a060593e84e8,iOS
da135a26-6276-4d34-8db2-d1aa35f3d4ac,Android
7c0d9760-cb56-4c1b-885b-48b3ad306ac1,iOS
1833bf60-525e-44bc-ba52-b22bde74297c,Android
882f5162-271d-4672-84cd-c49fba03c82e,Android
806bf7a6-1b91-409a-ad6b-e3f6b83f281c,iOS
c0b5b5a8-f490-4c36-96bb-ea35927d7afa,iOS
c43e64f1-ef9e-411a-9427-2818d76ec585,Android
55e354de-6c15-4964-9c85-0a6e8da4b261,Android
6be922de-cbaa-4c2c-a4a7-b88e8130a261,iOS
30f114b0-adb8-46f0-a714-d4f83bd48f9d,Android
8f087537-b322-4af8-b268-6ae4fa0527d2,iOS
7b3abf72-01b0-4a4f-9f3f-1118ffa1858d,Android
0056d63e-2d2c-4eb8-b954-c9ea2f8db590,iOS
7427e3a4-3696-4af3-b18b-4c4f2a2ea802,iOS
c07d2c7b-c5ad-4621-8f5b-81483607552f,iOS
91cf759f-b691-4eef-9e39-f3865e155a06,Android
bccec302-d17b-4f52-8034-be2f3138ed5d,Android
1bbabf0f-5d39-4bcb-b899-7336d145986f,Android
eed6a56c-3861-49d8-b397-2678d51465b9,iOS
d00af6b7-c921-4164-8e52-c7309d6d538e,iOS
c29a53db-86eb-4c75-b844-d738ff4dfe0f,iOS
fc1a44c5-c6ff-4033-aa14-56193ab116ca,Android
3bb613a1-1302-42a6-b83b-7dbdf7c31dfa,Android
eb828f91-7e9f-4ff1-a2cd-38268fb01780,Android
1f26668b-1e7b-4ca7-b6cf-2ab562c5abf4,iOS
d178ac65-8a08-497f-bb27-4103601651ee,Android
fed5748b-2d24-4aa7-b060-e0e1cd69749a,iOS
a22148f9-4d8b-419c-a328-37026f8404d8,Android
bc9beb34-3a63-4e4a-87b2-222687e4de05,iOS
d09725d9-1f2b-430e-9321-2f7a3656629f,Android
54151f27-4278-4980-a03a-f023cab59747,iOS
ce517be2-b60b-4de7-9a41-74ee0faf0c2d,Android
acf7e3ef-c187-4f04-9d54-d9e1398ab299,Android
c2b5cfc2-1c6d-4c95-80ac-87e603836e3d,Android
e1387d32-75aa-42a0-882e-efc6551b7005,Android
092c35c9-91d4-432d-bd2b-a5564c955471,Android
48831b79-c81c-4bed-b014-2686387c0abc,Android
e84fc3e3-d066-4f07-b60d-fe2bf890f31d,Android
9973f831-9134-4842-be61-07ec9da8810e,iOS
b5093c6b-e497-40ab-8eb0-c59cf6ca8368,Android
6138a05b-71ee-4e23-b0f8-249bd122ee08,Android
005ff41d-186a-4a07-84b5-5eaef1f5432e,iOS
91c15cb4-c727-4b7b-97c5-636f5d884743,Android
5ff6de95-74ab-4b57-9494-2e1bdd14aced,iOS
f4ec67dd-4a52-41fb-a9bb-0c3bef1d3226,iOS
75677bcf-2be5-466e-adc9-736ad382b530,iOS
4044d062-8131-4ee6-8d56-23e60bcde7f9,iOS
9d9554c8-888b-43c2-b0e7-1d0b1487c874,Android
46122db4-72a3-4bbb-801b-ea13a448a1f4,Android
908beb22-4123-4d17-99fc-b2d1a2ebb516,Android
d0a54f4c-e657-444f-aa14-b9fda66ac98b,Android
937a67b7-b660-416a-ace5-61876a31541b,iOS
d18c3922-5acd-489f-8920-1b1f25e12c8f,Android
c51a1c46-1b1b-43cb-bd26-0a152b8a3a78,Android
cf1e2d01-ed77-460b-94fd-72fecef2174a,Android
184339fc-101b-440d-a151-aa54c0b86064,Android
8e759958-158f-437a-9be9-92ef0a1e43da,Android
bd96c574-634e-4331-a52f-1cd1c4b34f91,Android
24a4f028-d5af-4dad-9ed3-00406be1b2b5,Android
38b803b7-d66f-4f1d-90d5-de23ea149bf4,iOS
6a20ce75-4fff-4cac-a6f0-e9153245cc1b,iOS
9e21baf9-ed18-4d2a-9bc6-751beffb7716,Android
b2899a10-bf07-400d-8c27-f953421aa2bd,Android
bbda3bc4-f8cb-4ab9-8e46-2b1b45ded333,Android
41c6d61e-c699-4512-b922-1b4350058204,Android
945ebbdd-2051-4a33-81c1-56f9484c31da,iOS
c785b9a7-8827-438c-a69b-dd36aa874a16,iOS
921d7711-4488-4ed6-9fe8-9a8a388c9623,Android
e7720d1c-7b5c-491f-a1ec-04fc410b8777,Android
645794af-2f1b-4375-b7e5-ec2fe66ee800,iOS
a99654a6-b02d-4a18-b561-e744aca65f24,Android
71297e40-3d9f-4e14-bfef-76192cda8013,Android
f977cecb-a155-4ac1-b5cb-9274fed79730,Android
f96f3980-76d3-46b0-bfc8-4678093466e4,Android
cb5458a5-1d3e-49b4-879a-f2934c802a01,iOS
dfd48664-38f3-475a-a94b-a3f4ec57e9ba,Android
03ec75b1-a9c6-4331-8aab-228029f09af1,Android
aa3df55d-c36c-403d-8455-e37624b6070c,Android
ad9cd276-e538-4d7a-a956-8efd929ad80a,iOS
1b998aaa-2584-43c8-b0b3-32d7b30b208c,Android
f39d9b1d-bb6c-4d7b-8899-305b23db8326,iOS
bb1fdb6e-a692-43a3-acd4-34cc7758d274,iOS
dfe21478-d120-46f3-b72a-5ec9cbc13b13,Android
ebd15c6b-6cd7-4fb9-8dd9-196f010f2ef0,iOS
ca4c72b6-2574-4a32-9e12-740fab9da85c,Android
3d8aaa1d-f8e6-4f1c-858f-dd71b4fed1c1,iOS
14f7798c-dba1-4027-a5e8-2ee6e71291ac,Android
4537bc90-3eae-41e5-8d38-df65e2b30d7e,iOS
f1cb9d7d-be98-486a-b786-7d6969e26079,iOS
4fa7a097-63be-46e2-ac7d-cdf8e62b1d76,iOS
1792709c-ba22-40a3-8302-813ed2b45976,Android
043673a7-e842-4b17-b4ea-173432d0fbc7,Android
85cbdcff-ae07-4234-81a9-cb746ffc5e31,iOS
d268bb03-3e72-4444-94a0-fb1da2b1ab47,Android
8adf6826-66e7-4146-bf0d-4b7a0cc921ec,Android
d17d1715-0e25-4f8e-8cb1-19c4dd24451c,Android
a1525527-34ad-4a51-a1c4-be14b20a4d69,iOS
d4906a40-dd1d-41b3-9d8e-0f820ffb4f44,Android
b8f000b7-91bb-496d-b760-76e6653d122f,iOS
40be40df-a797-4240-aa2a-cf603de882bf,iOS
5b8506e2-9b3d-4259-99bc-7307c9557b0c,Android
42bd9d53-58db-4d74-bba4-c1954e323918,Android
1e829c2e-3168-4ce1-830a-796d481719f5,iOS
9ec6bdae-b7e6-4ef9-9466-31c8f4583e8f,iOS
9f34b805-478a-440b-81d1-327423cde681,Android
c23e61e5-40b1-4043-bcad-c82b782f0aaa,Android
80fe771d-9757-40e1-8633-bbf2e039e184,iOS
06e76aa2-05db-482b-8a4f-839342d9452b,Android
70bd7fb1-791c-45f7-9d2e-522e5227200b,iOS
db045bdb-d1b6-49af-932a-335199d5e60c,iOS
73b0601e-54ed-4185-942e-93374313e26b,Android
dfb6dfb0-ef31-4a12-8013-890eb8095c1c,iOS
1a879c9d-e9c2-469f-897e-a0077afbadb6,iOS
16eaba10-7823-459e-93d2-94f366f5cbf7,Android
edae440d-6e2c-423a-bfd2-899f500a0b9d,Android
55f2773a-d6df-4d6b-b721-47188ec30fdf,iOS
312655d0-e983-4a61-b033-d04edf62a0ef,Android
3a88555a-6e05-4336-8cb2-42e35a811808,Android
79b3e04e-044b-4db7-a1c4-21175e5df49a,iOS
2e7bb8b9-58d2-48e3-83e6-1db977004a46,Android
062e7433-d28c-4f90-b310-69f81bf09f9a,iOS
6c9e0c21-350c-411d-a4ed-63639ff459a8,Android
a003ecfd-d67f-4751-816f-190f94e10c45,Android
8297f080-10bb-41bf-aa5c-99721e6a1717,Android
d2b3c581-b699-41b7-a834-158e2e58a59f,iOS
95923151-2c72-4794-a2c5-fc67138081c0,Android
542bfe8c-6b72-4986-9b98-986fde9da77b,Android
5c776987-1bb5-4b51-b597-147c3a4b9cdb,iOS
8fae14ed-6302-4fd1-888f-65e8e0cbe665,iOS
9b325382-b53b-4a01-8379-bda9bc9523bc,iOS
976d8895-3c4a-4c7d-ae1d-551447a03c22,Android
bd764f35-beca-46b0-ab8e-55ecb007a296,Android
03e660b9-090c-434e-9eb8-edc5384cfa13,iOS
eec5eaff-8ef0-40d4-bf15-a197b64abadd,Android
5c381a29-8ee0-4575-bab2-a05364a3beaf,Android
a09e4559-08f9-4c0c-8fde-25554f98724e,Android
9691c25e-2680-4009-9cec-43cde1c17396,iOS
82cc4dd4-9e46-4d7d-ae4b-b1f477130f2c,Android
3659167a-2f35-47de-adf7-56231b5595ed,iOS
49206aba-9184-434d-901d-7ca9b92252ce,iOS
519868a6-9ee4-4455-96ae-27a9ea5114e7,Android
5187b615-80c1-4cc0-9287-dcecda959fab,iOS
fbbace42-71f3-4811-a810-9f130339b1be,iOS
b8879294-4cd2-4b9e-b766-319858336a7e,iOS
10538a83-dd74-4d41-b4e2-99cc04272b92,iOS
902e8d0e-5e15-478b-b6cf-408f548b01f0,iOS
06f522f1-d6d5-4484-8b5b-4aea30aa9b76,Android
e65d1417-69e3-4c1e-b587-c29eeab2e550,iOS
148eb14f-af8c-4909-ae86-2c729d9dfbf9,iOS
77ea1401-28ab-4e19-9106-76a0fa770099,iOS
979b4e8f-0371-4933-b207-0e328b236f9e,Android
9490a215-151c-4da7-af3d-57452b728c65,Android
2ecdd996-e22d-413c-a0dd-6232a8cf10a7,iOS
c05b8f15-0a7e-48a6-9479-5b037cec7a81,Android
3c330116-43da-467b-ad58-459131dcb6f5,iOS
e603bdca-2a61-4349-b2f7-5d581bc5107a,iOS
c4040853-0c06-480c-9ac4-4eb0bb66c0ac,iOS
e7be307d-6a3d-4e29-b4bd-53d5316555b0,iOS
a4c5997f-2300-4eb1-8db4-4b25d7adfa80,iOS
23dc2e94-6926-4f81-8807-368b1b5fb2f3,Android
72af24a8-c321-4a72-9de8-988433f95440,iOS
d0d0ce83-4a12-4fa0-bc1b-bdbf5df1a7b7,Android
8e130d4b-2b0a-43b8-8557-156905962812,iOS
09cc0b0f-e987-4626-a381-466ea5c946d1,iOS
9e30b8b8-cbc0-48ab-91fb-450ece1acd04,Android
496a384b-f3f3-43fe-b3e3-5cea641aa571,Android
01c80598-f780-4898-8151-2ec4c59dfd5a,iOS
ea1cfe2f-676a-41f6-a80d-3dfa16eee408,Android
86c390f7-3067-40a9-be18-fc6452358c25,iOS
ac5a24a2-de13-451a-8692-a1931e98f541,iOS
9e009d5d-a9bf-423e-bdca-a09692b7dce4,iOS
198bb99f-b4d3-42ea-9d20-7e0105859bff,iOS
5aac0d1c-039a-4da7-b6e9-cecc015e246b,iOS
570d5637-1d4f-4066-96fe-015175f8ea0a,iOS
71177961-a96c-4845-b33c-f3e5c4d2fd2e,Android
e102669d-cb84-4701-94d2-c8eb1f6b560c,iOS
972f5c16-80f1-4e9c-ac9e-143b1dab5680,Android
a6ad9062-4cf4-4472-913e-11f939168b92,iOS
28c15cca-cd75-4ea7-9b30-691a39caa1b2,Android
16557a11-376e-42e1-926a-b06cac0956bf,Android
d03b4d2d-e293-431e-a9ba-6d06be44ee6a,iOS
75bf87ab-aaa6-4616-9893-16a3eff5be6e,iOS
2991f8bd-56a9-47c1-8b3e-2494542471c4,Android
e81f878c-bce8-4f83-9522-68b97d9cab8d,Android
69ed2ede-04d6-4a99-ac54-df86a16f48c1,iOS
8c179390-9c12-4a70-8382-c673b83a0e38,iOS
1063d156-a055-407d-b88e-a699319f6545,Android
61f18ce4-223d-46a1-985a-86fb33fd5bf5,iOS
26fe862b-7d3d-495d-bdaf-58d592dd6512,Android
8eebd34f-0367-4e82-a047-d610f7e3d1d1,iOS
a898a503-97e9-4eab-9dc2-9b1c4bb25106,iOS
624a964d-cf29-4da0-9da8-08d9e073cc1b,Android
3fcc182a-ad22-4038-b5d8-f756b73b62b3,Android
42ddfc4b-7555-4106-98e1-129bc2c1f347,iOS
c2797f75-b5f0-48fa-b6f2-9c22a3c5495c,Android
a31a2145-228f-4c97-a37e-00b9fa098450,Android
ae2fd18d-1d1a-4b77-bda2-1ac6a0f80535,Android
4bc5ab42-1dd1-498f-b5e9-128ab4f2fa0c,iOS
469fd823-3693-40ab-a4cf-72476f6df75f,Android
09313f72-483b-4adb-994b-364a51ccfa6e,Android
1728a188-c8fd-4e94-8d61-63864f5f434b,Android
312d07ef-f850-4d7c-84d0-a7b5cf635ddc,Android
64b910b2-1347-4519-8acf-7758e0a11297,iOS
26373550-d36e-4e25-bd94-5b48cb139c54,Android
2707b797-4efc-4897-b8f6-4ab71bdf93ef,Android
26215577-4cb6-4c7e-a7f7-8f7a84eea763,iOS
6f2176a0-4fd9-4f27-a0c4-234aa69ade3a,Android
c2595fae-acfe-4f60-ab00-f2b43842c1aa,iOS
bb7798d4-0050-47a0-9283-e3c195c83013,Android
dcf7b3bf-853f-4daa-9c18-8161cc836f2a,iOS
08e32854-10e8-485f-961e-118430611a46,Android
843acafb-5c2c-4937-8518-e3616052764a,Android
1e0e776a-55ed-4eca-8210-f11502a7703e,Android
2b6d26d6-13f5-44b5-90ad-4e467b41f8ff,Android
c0d67572-69ad-4e14-8d04-8ea91f97b397,Android
2aebd30f-155f-42a5-95e4-37b9271b61dc,iOS
5771f4b8-4849-4f25-b301-858974459a0d,Android
72e9bf97-242d-427d-b9eb-c3d5e34e69de,Android
2b5b1a12-982c-4a5d-bcba-ecb52a4e545d,Android
6dfd4051-285a-4497-8c2d-5f79c9f2ca79,iOS
943c0a47-920d-43a4-887f-cc589216ebd3,Android
13be2f45-0d85-4bdd-b22f-fb3db1f635d1,Android
ee07df98-bbe6-4343-a9fd-aec004ef3409,Android
f66dbe17-d490-4a02-9a91-f2b65c7e9fba,iOS
cb4270c9-8538-4087-9425-8e6a2ae2ffab,iOS
6f734584-5a54-4e94-bc13-dd0041e1048d,Android
afc3fa02-62fd-444e-8758-39f5bf3b4fa5,iOS
9e3a1d11-f46d-4e98-939c-c9daaebf5556,Android
c000df37-d782-4780-9504-0e263e29972f,iOS
ac19bc22-ac18-4c58-8851-4775200d9990,Android
ef92b1d2-a76f-4c74-9383-9498e4ac7a2e,iOS
1250f776-8b33-4166-94ee-e2c9af50ed5b,Android
1f1af271-802e-4fb9-98f2-0a3a951fd5ed,Android
3f725f02-7131-4541-9bdf-067ddf02a361,iOS
9c69991e-8683-4f6e-9d9d-0ec5a6cdca63,iOS
aa027d9d-4464-4cb5-b781-2ee2fabe1d22,iOS
a6d21991-d058-479b-bdb1-00e70d164af3,Android
e61f9650-e7b5-4a6b-8fba-c072dac8e208,Android
85532df8-7c0e-4e4f-aba1-cf592ddd4d78,Android
6d6a9ff8-234a-410c-b7f4-30af6f134380,Android
51d14b57-acd9-4ed9-8831-d1f2f5a5dbaa,Android
8a48f23c-8d35-4f89-88a2-f983a99d9e6c,iOS
96d5339f-9ab8-4945-a339-8cdb10ede338,iOS
d1b3f0c7-4f84-4dc4-ade5-892ba9596eb3,iOS
c0347415-50ec-42af-9ddb-9db4ae53008b,Android
7f0a413d-c67f-43c6-911e-7fba722d0cc1,Android
aff946a6-2042-4669-96a9-2b3f12a83264,iOS
2007a9fb-f412-4478-bce3-e6764c7a73c6,Android
c5a2b140-5e4a-4aaa-9206-56932a41f0a1,Android
b8c20472-5559-4884-a524-0c5c120f2486,Android
8886300b-468b-4c2d-b610-2fd76c2476b8,iOS
3a3ab1cf-80e2-40f5-8cf8-aea61e63a3c6,iOS
12ea44d1-bfb9-468f-bf9e-c19df701c3e9,Android
a3ddb9ef-b82f-46a5-8a7b-e1a0205c694c,Android
03d57b8f-fe2d-421b-9f21-11e25589781a,Android
aafbb63f-1043-4e31-abc3-c34408b5b9de,iOS
ac36c7aa-cba1-403e-b372-27bb8d65fb74,iOS
7cb5de48-bd74-410c-8565-f37c5d10639e,Android
5ce2224c-2d68-4111-bc01-a06f1b980068,Android
0c3563e9-2103-4458-9464-5dda17a9e69f,Android
79ef8422-2593-4522-9ee7-3043e6fe0f94,Android
6c914ce2-033c-4917-9d65-9c6ebfcd9809,iOS
a605d50a-6c8d-4307-bc06-7178079f4d60,Android
928db88d-e4e6-4e50-92b5-b765c09bfb02,Android
3a16f0d3-46ac-4a0d-9f06-6e50508f5d87,iOS
dd60af24-d5ae-482e-a4af-8f4917f2efcc,Android
16113df5-622b-4f45-9e77-1cd68cc9038c,iOS
ddcd50c8-6c7f-4ae9-9399-c52d2047c42f,iOS
f7416f07-2b4e-4044-9389-da9f6b3c8659,iOS
5d1e8059-462e-4353-83a2-fd1538f05460,iOS
f7f778fd-24ab-4da6-adc2-9e255c52e43f,iOS
cf47f7f9-19f1-4767-91c8-4fa46d6c6dc1,Android
38edb59d-214e-481d-b4fd-e4b7fbc92b88,Android
7fbcca6e-f7f3-4631-86d6-5be1476e4ca2,Android
e5df9d25-7bc6-4a42-96bc-3c69a5c3be0f,iOS
0dca8a86-f2d3-46d2-b8aa-985928d4684d,iOS
5906da95-66ac-4e03-a841-585e61f851f0,Android
cc673640-5e5c-4f3c-ae08-01bb7445059b,iOS
b020d755-fbad-40a8-8cb0-54ce1e313d40,iOS
3df1909b-1a23-4e84-9ca8-2867f75153b7,Android
6ef3772e-5fd6-4fde-b03d-689e17feafb7,Android
fe43853a-8595-44b7-8755-417f466e1c7c,Android
d57747af-93c4-40e7-b17e-f67d082cfc90,Android
ccc0d4ac-3f5c-4d6b-9b19-2e952a8f12f2,iOS
a755e2e2-b0b5-4d24-b929-d82852510678,Android
b6c61146-6367-42dd-b770-6e6c9d56b86a,iOS
9b7ab320-fcd6-4663-9579-1628058029d1,Android
828839d6-3cc8-460b-b014-3ffbac6b9f38,iOS
c33f6fe9-144c-419e-9b25-613ef565dd5f,Android
379af3f6-9b67-4e3c-9517-26475f051a87,iOS
7e9193a9-f9e5-425f-b754-c11c033d8202,Android
8f0363b6-2495-46da-9470-f8f3e0b2cd52,Android
49f2fbe8-98e1-4e39-8822-1cb82a6431ea,Android
3c029673-cb4e-48c3-893c-162e00367811,Android
a4623769-2c8c-4789-a215-649559f0e23e,Android
9096ba32-c165-42eb-a060-3afeb8dfab4b,Android
efb6e65a-706a-4087-8c81-00a274efc4eb,Android
79f53ea7-93f4-47bd-a9ca-18a66520bbea,Android
7c2bab3d-8514-41f5-8a32-c38c7f592770,Android
15f7caf5-3f74-4ddb-9389-171070e1e4b7,Android
350bed2c-9cc3-40e6-89e2-f46401e5e6b2,Android
5eae85e5-23fa-4018-b197-a3914db2539d,Android
ab9c9719-a26c-4657-ad00-aa6408c6bdb6,Android
89b8a2fc-e455-4b2c-ae54-f264f7de30e6,Android
dd9ed65d-8ca1-4230-be64-89d4a1a9718f,Android
7eafffed-8b22-4cc1-bee9-028a1406a6a1,iOS
d6680d6c-fe15-4d86-a224-6c5ab91bd2cc,Android
f3d2fd48-3766-4992-97a4-ad9d6426d7f0,Android
18c45bdc-ea89-49e9-91d3-66001d688a03,Android
0cc66a7b-a654-41fa-817b-7bab6b17369d,Android
db429dcf-866c-4f6c-ba74-9640d695935f,iOS
79a9cf1f-9820-4ee2-aefd-b9fd73c6bcb7,Android
955bf14b-bfaa-47f8-8d5a-6c58c320566d,Android
40b3d5b1-4ef7-44ee-b6de-9250cb35b2c9,Android
ea04c3c0-fa4b-4dc7-8664-3d1fbad71baa,iOS
aa0ab12f-72b0-4ae7-910b-8bcaa45ff0f5,Android
63bb07db-0847-45ee-a480-90306aa5accb,Android
9677d331-a313-4cc8-b7e7-564274245c57,iOS
e0967b1e-060f-44d6-9ab9-7f9d5cc3dc1e,iOS
1a55f60f-d113-43df-a140-10384991c027,iOS
9ceccc36-97fc-4cc3-af8a-ae001d392630,Android
f682e758-e60f-42f4-a8cb-a8ab7fb85029,iOS
541a844d-a727-432e-9e20-a48470883f8d,iOS
3187b3c3-766c-4dd9-842a-3bb581de4a92,Android
2d10e1e1-2b52-4ac5-9336-344b028f3f53,iOS
e1c6240d-ceb5-4ad1-af0e-37ee135c5cdf,iOS
e3115911-40ee-41ce-95bb-0b53aac8263d,Android
0c860613-2e41-49fa-8172-0f72898e009e,Android
c60c574c-ec85-4a36-893d-ea8f83811d13,Android
13475c9d-88d6-489f-a813-9f531f34e43b,Android
2258ef7d-a29f-4b24-9937-54eba5b74317,Android
436586f8-b621-49dc-b2b8-7d2f9992fda1,Android
16d6018e-7600-487f-a177-67b3675f8fe6,iOS
43807a7d-17aa-4393-85ae-da0c3ca0da9f,iOS
66c02350-6d47-4c4f-acc7-510d09ec729d,Android
62d9369b-720d-4c02-a349-6f82e2c7fa4a,iOS
c558b360-f362-465d-af39-1c860114c974,Android
f0c2bf52-c030-4570-a4a1-027a18f77d51,Android
8a101075-3dc5-462e-b578-1cb9969f008d,iOS
fe2cfaa4-935b-4983-808a-f85e7126565a,iOS
a72e7576-5cb3-45ce-a305-bd8ad2c40d0c,iOS
b561af0f-f2d3-4d9b-8851-5936ee18d769,Android
5f09dec3-1aba-41f1-9fbe-d70bd67928f9,Android
52800c05-6c4e-4089-9371-3b085057a57a,Android
5be7df96-cb89-4ba3-99ec-728df2777b9e,iOS
af661626-01b3-49d6-91f6-9a7bed8757a1,Android
27a31738-db60-4b80-bc5a-731ec3181c1d,Android
a4afffb5-2dd8-4991-97c9-9195ed606cae,iOS
0195cc8c-cb6e-4800-9f06-38415701448e,Android
221e508c-1b7b-427c-a196-d26e02711dea,Android
a915cd41-6c6f-42a9-ad84-13187ff03300,iOS
18641411-bcc9-4838-a324-e0c0ad064695,Android
7da723e0-8f44-4e8a-aec2-8356e2a13066,iOS
c4da0845-2a29-4f59-b1ea-795ce20f2e8d,Android
adfcea6f-4290-4da4-a75a-aebf2b243822,iOS
f06c6eeb-7b96-4e57-a360-e218a29ccf63,Android
d286864c-89ad-432d-a99c-82054396e0c5,Android
74d5ba43-8998-4a8e-9487-a7de21a5f44c,Android
47dafaee-0ab3-40de-b54d-0edaa7dcbaa0,Android
37f9cbee-2603-4c8f-a96e-c07dfd3758a3,Android
673436bb-988d-42e3-81df-a9ef5d52a75c,Android
fc5a7594-b8b9-4919-b3bd-8624c4800f91,Android
150597f5-e2b9-4882-a555-bccbb7a25aea,Android
642887d3-6374-41b8-9ca9-084937011860,Android
af1219df-4194-48cd-886f-4781dd1fc6fe,Android
6d6843fc-8e61-4339-8d4d-599ec78f49ea,Android
df5b6280-32e1-479c-bfe9-cde426acf223,Android
0c7570bc-8be6-4ec4-9943-fb9e46b6093d,Android
2acecb89-e480-49ab-afbf-a1b2fa0ddfb8,iOS
8250c054-2354-4899-92fb-627865d4a0bd,iOS
ae47efd3-3159-4700-a866-9a7e711e066a,iOS
70ac0c47-911a-4622-b60a-e7a677418880,Android
4742b08e-9174-4816-a57c-b03449f14daf,iOS
ba2de722-9226-47e0-84f4-0ea48e56f183,Android
af611842-a139-48a3-bcff-724829a1dba0,Android
b121e12b-21dd-4fea-9c3a-b333659f8614,iOS
5911f25d-aaf4-44cf-a68f-8ff1c2e36126,Android
53c6c029-db0f-4e3a-918a-3e9deb41e24e,iOS
700e4aa1-248b-496b-a48c-6862f8ffb83b,iOS
cc601a71-1a8f-481b-a335-528b76a78d25,Android
3d2ac6cd-aa8e-4d34-be63-0bda80862c09,Android
f90bae4e-80b4-483e-8b71-446b281d0f9a,Android
18084ab3-b26c-405c-918b-e060b524b11c,iOS
a4e3c684-bcf2-401f-b12d-9e8ae91c8505,Android
2113486e-9894-43d7-b783-23e44f5513fc,iOS
6366c0df-4801-4fc5-a5ac-439da5b2e040,iOS
49d2eff6-1171-40ad-89b7-2e85395adc24,iOS
295e72f4-5524-4065-baee-841b186bbea1,iOS
73165a49-fcbd-421f-a5bb-60d938cfb8fc,iOS
34a64969-eb30-475b-9a6a-7ab678f1b78c,iOS
39b5f9c5-2762-4176-b40d-b0d275bfb60d,Android
9aa6e166-b4db-4c86-8409-8c8139e701f3,iOS
eb399738-983c-4e26-bef8-31da1018c825,iOS
7abc0bc3-8b64-40c4-b9f8-4a4ff567b554,iOS
d6a3f70c-0ded-460e-b7fa-2e30ce4fcda7,Android
accae9d6-d08a-40f3-87a0-b80b9f9ecf56,iOS
0d0bace2-c15b-4089-b02e-ce161b4c1a65,Android
1f21d354-433f-4868-893b-d6a738a9b969,Android
cd3c5d8f-e8d3-4a7c-8aa9-8f4c9fba9d5f,iOS
93be51de-e92a-4a9c-a251-4b8d373a7049,Android
6f0e18e9-6d20-410b-ac3a-2421ef7e2eae,iOS
eddb2f79-88c9-4e0d-bdaf-0f49e1430d4c,Android
b184f575-7925-4c0c-b5b2-9b6b162e2f97,Android
726130e6-1fae-4f9a-98ae-907d661ee6d6,iOS
f0207621-f385-47b0-be50-20a9203419cf,iOS
aed5fa97-5a9b-4284-8831-39dfed215b27,Android
972c4d65-677d-4a6c-8867-fc2a5f7f985c,Android
d71a8d7f-7e29-4d68-8da7-6279c233f07b,iOS
c9789ea1-38d3-4487-8314-8db785613b35,Android
1ffbd9bb-66ec-4a4d-be08-5acf3ba655bb,Android
50c95100-91c2-4301-b3b3-8ae912f1afb7,Android
29d22b03-c33e-4a45-a074-71116d1f01af,iOS
b0d54bbd-da0f-4cc1-8d10-2ef4dc2a94ca,Android
46899f53-78b1-4fd5-b726-f21b9b2aec3e,Android
52d3369c-74d5-4191-99cf-01babe0524d8,iOS
3d3cf996-27fa-446f-a910-11058c6efe13,Android
87dc7777-4287-47ef-baef-2b1308cf851b,Android
6a5d6c97-6b3a-4dca-9c49-39dd9e1e0685,Android
c55d74be-7047-4ca1-ae78-dadc7b961965,iOS
7d129389-73ee-41ea-bc78-561683f90db2,Android
e31a1b68-a497-46aa-a125-db6b4a00bb3c,iOS
4a0f06cd-2871-437f-b64b-e1e918ab2b86,Android
6ad89a9d-da8f-4c8a-8361-b7a826823391,iOS
bd75d789-9e12-4bff-9477-4810d89b68cb,Android
82cdbe5b-d8d9-44b1-820d-6f0718554b45,Android
196c21c2-c97c-4d09-98f5-0b708545f4b5,iOS
42cfc430-87ee-49ab-acc7-100da96a407b,Android
ede087bc-9a54-451c-a6eb-27907ea01c46,Android
7c20127e-8725-4322-be0e-bb19062c3923,iOS
e1cd87b1-9618-4a27-a8bf-a6120ecb7140,Android
ef218478-b01f-47eb-b467-0c889d2d8ae1,Android
977d4b26-414c-43bc-8229-897311da2135,iOS
7aba0bff-8a4e-422a-9967-81c21cad74f8,iOS
c7df2f6a-b7ce-42ae-818b-1c0e23558679,iOS
7a5098cc-3c68-47ef-a883-8b5fa628a864,iOS
32cd1d80-c502-4c88-b651-9376366bbda5,Android
99189680-694a-49cb-adb6-8985d607adac,iOS
75f2b24d-b21b-4485-ac3b-25cd71d026e3,Android
748547e1-b353-4a19-b5be-62dfe340cda9,Android
fdfe8fe4-376d-4700-a33f-092e174b9d32,iOS
7ca400a8-5f01-4791-8bb6-0cec7843c90b,Android
b73ee646-76e8-4aa5-a6eb-672d59374152,Android
b8884f24-187d-4e34-b356-c2f6909b0982,Android
fbfc3b4f-d8c5-4acc-946a-27867149d755,iOS
f2cdb13f-03ca-495b-a44b-41c2f42dce47,iOS
7d16de64-557a-4b1e-8505-cdbf83c369db,Android
9e755768-2469-4e7f-a822-21b877f80b79,Android
4a3d020d-7919-4536-9ace-fe97fee1bf62,Android
63a79aa5-4997-48bc-86ba-7ead1f89d90b,Android
38fb6ef9-4fa8-4e5b-86ac-8d55ef7ebe54,iOS
2fd80a08-8676-41ee-bfee-5b1af3c16603,Android
9ad95d86-4215-4dc9-bfbe-8f39ece48b94,iOS
37086572-6bde-441e-9117-b364ebb8d035,iOS
1c324f4c-244b-41ad-946e-1ebd8f9df723,Android
20d4e3f7-27d5-41a8-aee2-866e06b7d4b7,iOS
c3e8955f-2efa-4a24-b3f6-e4a037ffaa95,Android
5c99c13c-a458-4a63-8db5-3d9345a13cc9,Android
4f3b72e8-740d-44e9-b1de-713c7cbb696d,iOS
cca6775e-d9b0-4ca2-8784-1d07dec2551e,Android
05b95a44-ab12-4fec-bd0b-65e0d5a702ac,Android
d49ddae4-11e1-4a3c-8095-f70bd834b847,Android
87a7b835-7228-40be-89a0-53cad3820bd8,iOS
2342b026-7b92-4b89-9e46-175be422c9c1,iOS
fd53917d-346b-4f7e-abd9-201cac960307,Android
0c880aad-1598-4a35-a422-646f41bf57f5,iOS
f85b7105-b94b-425a-8d78-4b778c3627a7,iOS
febb9403-33c9-4c8a-a85b-fe86d8b865fd,Android
e20b5b2e-664e-498c-930b-ba53628878ce,iOS
8e964913-56c3-4546-bd68-674cfa070579,Android
8254286e-ebc4-4672-8f24-762c5b5f1814,iOS
80b9bd79-d5eb-4f1d-b808-42ffd605bb3c,Android
0a4b744a-42be-447e-a7f5-1394e9945c36,Android
00c259b7-beb8-4f31-a52a-a30ad617ea84,iOS
12815793-1678-4d85-bfe8-79680857c51e,iOS
948e8abf-02fb-4bb1-8af3-a715911523aa,Android
6105eecc-01fb-489e-a0df-5279f40ec718,Android
fcf2401e-9cef-474d-b872-c8007c6a59c3,Android
76de4507-1442-4347-a9dd-92fc954e9a87,iOS
60664e28-c24a-4006-9250-9a9d4de065b2,iOS
256fc5ec-8235-4918-b4ed-6ad1a858e393,Android
efdd6176-ab88-4e49-a231-e8965de7aa66,Android
63bcfb3a-7787-4f33-b0a4-72c3b2bc009a,Android
23e9bd55-de46-403d-9672-0afbf19081d0,Android
06f3391b-1feb-404f-be66-6071723461db,Android
1a5135ce-cc26-4e0b-82cc-2b88fe1c7a95,Android
954d2f7e-9432-4771-91cc-328071caeff9,iOS
f1ba1908-8349-4063-964b-34993bdeed58,Android
64344f3c-8c60-4b1c-84dc-0633dac3d949,Android
ec82aeaa-4f07-4806-aa8a-da0ac5963410,iOS
53b28ac2-29e7-4b05-8978-b0744bb77ca4,Android
015951e9-beda-4e84-a371-1814563e0d57,Android
41122eba-445d-4304-bb50-c9e867b9bee0,Android
df0bc349-4697-453e-9225-ec13133f8329,Android
fe0da215-0dcb-44bf-bec8-f89c4e453ced,Android
d815f7d4-77e4-48bf-8667-c3e8cefd9ab6,iOS
e925ef62-579b-4d4b-b6d7-7383826f868c,Android
6b67d866-ab63-49d3-a830-547a68868bd4,Android
e95cb4c1-dcf5-448e-bd41-60ef1ce9e61c,Android
258faaec-2750-48e3-ba86-98c106fb9f50,iOS
40ff3cc5-d685-4ca0-8894-1660d335d603,iOS
fffab7aa-641d-402f-8500-80a41f951f06,Android
9166bf1e-a9a4-4e0c-99e4-73ea98cb02ac,Android
aef02a17-9590-4e8e-b219-b51f6750f85c,Android
445094aa-6ef2-4be9-873b-9fd59b8284db,Android
cebfd2c5-b85b-482a-ac49-9eaf41c73477,Android
37a009a4-1b70-449b-9a46-464d215dffce,Android
c23938a7-e4c6-462a-8450-5cda49e33925,Android
ca1e70c7-1930-4b77-b0c2-5e111fb11a63,iOS
dfe3ec78-1699-44d9-b772-a1ba9166490a,Android
cacade01-8109-416a-b86b-ebb4d6d52a29,Android
e6a99b40-6569-4d70-8883-8d278883c7c3,iOS
fded7699-43b9-4a0f-96fa-b411d7ebc8eb,iOS
4615864b-e2c7-4fd1-b360-f24289f5129c,iOS
99c1deb6-405e-4ca0-95b0-f864a0693a3c,Android
401fef08-d58a-4094-a5b0-dfd6bd7a03df,iOS
237ba0e1-4016-4cab-bd89-7ae121628714,Android
ac468899-0854-4ac5-943e-0a6a3b9532a6,Android
60164ce0-325b-4e8f-925b-2d4700b76b9c,Android
1e3ca0a5-1354-48e9-98d3-4d7164d031e3,Android
d07f72da-1781-4b72-b484-4b2a9da3b6c3,iOS
61f27860-0f5b-4398-9930-2f72d5c5bcdc,Android
897103a9-fdbd-46b4-9578-e12edf647f91,Android
b3dd3f91-269c-4e56-848b-4cc83c5f60ed,Android
d5df4504-b7af-45b9-9dda-d49030fe8f6a,iOS
1e78a94b-c695-4ca3-9f2d-91668a083759,Android
a5cb6337-0f5c-4f89-9efb-6429eb37505e,Android
e6c6aff5-5eb9-4c57-8eee-4f2ac5db9880,Android
115dfdf7-f03c-4acf-b73a-1388ee65bba5,Android
843d5fc8-7003-4534-a17b-728ab5aad6fb,Android
2353865c-83ce-400c-ab40-3b3c16a86a73,Android
7a821e1f-52cb-4030-9ac8-1204e670c723,Android
6d8af3cc-2475-4e95-85db-2b5a03e47b64,Android
d35382f9-7ce9-4673-a353-3992e48e18e2,iOS
7c226932-5057-4f66-96ba-c2cf8f0b9fd3,iOS
fca0128b-6a1c-46d4-a3be-1cd6dae40944,iOS
e9331878-e585-4412-b0ed-6b4575d900aa,iOS
164df298-ec72-4d45-a19f-203c533fcb3e,iOS
7f93957d-46bb-4366-8664-f622d0ac2d6b,Android
b191e1d4-1763-4f51-9389-fb4ac1edcbae,iOS
ecf6a447-7c6f-4782-bb63-4581bf0ded7e,Android
54e997cd-3114-4488-a6d0-8d4ba7d2f87e,iOS
aba32969-b4ef-402a-b1b0-9e3491928101,iOS
e8681234-914e-456b-8988-7e20e8cb7a28,iOS
72b773f8-6f92-4011-a2d5-b9b4d68d6fab,iOS
e2aebf0b-b47f-459a-b555-ae606242a55e,Android
12d57137-39bc-4cd2-a1ee-0ad012f922a0,Android
ffa2c5ea-ddcd-4a0c-8ce1-479db86cf13c,iOS
4819ceb3-f387-43c2-b9cc-71f3124c433c,Android
1a9afbe0-044d-4402-8554-ea191b30e233,Android
c446d8d1-6530-4b77-aab5-e1b6e6f5ffd6,Android
920fc00f-15a5-47fe-83d2-2971c10b1678,Android
5694208a-01b7-4222-92f6-d6f55673bd7b,Android
e62a937a-f1f3-43a5-999e-13cf67fe6e37,Android
6872e896-6e85-4ea2-bb8c-dc0e3ecfdced,Android
52c69b12-fbcf-4e1c-abd7-c1903faab265,iOS
539bf635-e5af-4678-ae88-48c1d7c428d5,Android
06ad9047-0ec4-4fb1-8a74-444271990435,Android
c8809512-6e61-450e-942b-ddfb76092a12,Android
648d6a3c-9c99-41ef-a846-d3e1153804c3,Android
88937464-9158-41e6-ac0a-b2b146c62e81,Android
ad5cb97e-bc35-4cc7-a05d-9c1da7c51e15,iOS
9fb265c9-c701-4429-8282-db054640e985,Android
af12b1b4-1c8a-4a2b-8571-97e78b399a5a,Android
3ea42a9d-9365-46a9-a8d8-379b4785060e,Android
06f34801-9d31-45b6-b34a-cc3ec394402c,Android
dc65def7-a7da-400c-abad-f7d2eb03d5aa,Android
6356168f-def2-4d12-854e-a7c302b2593a,iOS
87149ba6-0dbf-4d8b-929a-654b111c1ca6,Android
0513319b-86e6-4f44-9808-d154ac1353e4,Android
276b2f99-a1df-42a9-9cb2-076e92242cf3,Android
8be02a36-52ed-4e64-89ca-f0b9dd0c0930,iOS
35a3d4e4-913d-4b4c-87d3-7b6f0dd1161e,Android
7ac3ba8f-3975-4889-a953-b4dd0f93befb,Android
7b77f717-16a5-4bc7-847c-b603a6db460e,Android
638ab89b-6913-47f7-9ac1-1007ca48662c,Android
b677cc0b-f0d2-4ec6-83cc-05dc67e08cad,Android
85528dce-6f87-4ea7-b6bb-daf71598fa31,iOS
d77cdcd8-c650-47a0-897b-7bce7c0f8c8b,iOS
5eab36e5-8823-413d-a571-16049bf1357d,Android
889362b0-722c-4eaf-97b1-cdc396e12bb6,Android
ff2cbd75-b2b0-42fd-ba52-954cfd51ded9,iOS
cd4c159b-b1d8-4de5-9527-4b442214fa1b,iOS
215978f0-8c5e-474e-a726-6cd2f086379a,iOS
8e7e5a0a-1f41-4494-a1c3-c9d2d6388926,Android
671757d3-50f9-407e-9d88-d46026650267,iOS
b8c87841-a83c-4266-8240-65fc0b084dc6,Android
eb8cf571-688b-4cee-a906-abf2e22c442e,Android
413e85e5-9625-451f-9a1a-85f172f51512,iOS
607774ef-7795-4e5b-8f11-9f56a9ca35ab,Android
1d29e4a0-cdca-4e99-84f7-36908c884e4c,iOS
eb8e4dac-5c7c-4271-b0ba-225701637e0c,Android
b7e42cd4-73f4-4429-ab15-314c70aeeb08,iOS
5f7eddd3-33e6-4e86-91e8-09ea5b410916,Android
d0a7b79c-83b0-4371-9e04-ce49387f3d5f,Android
edd41ec0-0d94-4ff8-94e6-6be6f13b880b,iOS
9bef9e61-5618-4a27-abff-d9069f714d13,iOS
5eb89847-0f8f-493b-a017-bbaca252d765,Android
bb4e1958-d7c8-4b34-94d8-1a471e6f004e,iOS
f2f757e7-6069-4e5f-aefe-e8295d30bdd3,Android
658be2d7-889a-4b8b-b0e7-3db8ace3ffa8,Android
6880dc02-d227-4df7-91c0-b576bd1f8104,Android
cc743ed6-fba4-4e30-8c9c-3562a3eb1625,Android
f691d464-ff90-40ad-9d70-da53dcec2e8e,Android
ed0ffaab-048d-43aa-82e7-8f0c56abce0a,Android
ce7cac18-f98d-4412-a9be-215b32472b38,Android
698c5169-bdf5-40a3-a21a-7755b7f9eae3,iOS
61daad7c-589f-4e10-b5ec-9c51d23e2236,iOS
117cb746-8528-43c9-a3b8-d2fe085e04fa,Android
67634c1e-0b12-46b9-afe5-44f273dba804,Android
e3e028dd-bf6d-40c6-bfe2-d632bc8cdf5f,Android
77f7a823-4b94-430c-93ea-03b820bb45b2,iOS
592ef466-844e-4d6d-83c9-0563bfd42639,Android
c0e1ec82-574c-45c7-8148-f816960c930e,iOS
d9312331-445f-45ae-9307-dca3b5f12ccd,iOS
7a417962-be1b-4c1e-9fab-57e0d8bee9f7,Android
7cf1d4e0-57b6-4101-9741-e6db24d0f121,iOS
7acdc1a0-9440-4c3d-8465-0ada7f380a1a,Android
e9fd68fc-01f9-4247-ac1c-b3a85a8e0a16,iOS
5060f9b3-a3ff-4489-a585-3b1084e6b58a,Android
4e7b3190-479d-4979-ad97-c7ad19faf7f9,Android
d3efaa97-726f-42ec-b8ee-64aa9e7b78f7,iOS
d6b7170b-5741-4f21-a35c-abb82b2e7050,iOS
3ed003a1-50f3-4d63-a62c-a532309a395b,Android
b033ba6d-01fc-4b0c-b1b4-c0cdc858acb2,Android
e0a91f04-831c-43f9-94f6-1ebbd404d5f7,Android
ace0bf96-add6-4977-ba90-01a74a3c1fbd,iOS
6ea7dee9-cb15-46cc-879c-efcd59577418,Android
0859cce0-50fc-473f-8342-61a2763509f5,Android
18ca6bbb-058a-4a05-a3e4-56a5b3dafb66,Android
26ebd83b-0309-48f4-8966-f145def28233,Android
7c4f8e0f-40a3-4395-8131-3df1f4fa4bfe,iOS
93147830-432f-4eef-ace5-bb8039d97a81,iOS
3213a4b0-07a4-4578-84c0-11ce5c8b92dc,Android
a45d7290-d941-4a9c-929b-d49e3dd5d5c0,Android
96d1704c-2574-4c8f-8fa2-d24c9aa2bad7,iOS
9841f914-5caa-4cd5-bc58-654e6c78f5c1,Android
c775bfdd-68dd-4097-b463-2e536800e125,iOS
d8fbc7a4-d60b-4608-8adc-856e492d8aee,iOS
5555028d-0660-45f7-a7e7-f639fcc8709d,iOS
07badac5-3eda-42d9-9529-048ea1d9f8f5,iOS
dfe50318-68d7-4287-a511-71f7d6c3472f,Android
baa93cd0-b509-4cc3-82d3-84db090aaf01,Android
dd9a751b-0c10-4196-9233-ea73b7068701,iOS
ae707a7e-762a-443e-a0f2-80a40eb8db4b,iOS
7d50030e-40e9-4a38-a557-a33860503642,Android
594eb703-17de-4f72-9bb8-09322e1a8cf5,iOS
1e75ad6e-9173-49e7-b4c0-37a03886592c,Android
516967be-c1ca-4ccf-ab0f-090207d58f8a,iOS
f69a3f72-1dd5-413c-9a1b-55d11938f829,Android
a8acbbec-18f2-44eb-957d-67d3916624d2,iOS
d21d01c2-2b62-48ad-b547-243ceaf28de7,iOS
edb3cbeb-c820-4ba5-86dc-6d18892def31,iOS
f6303d59-ec36-43bc-8b13-ac39bdc56606,iOS
bdc474f8-ba5b-43a1-95d1-487fbabcd0a6,Android
c0fa8105-8b23-45a0-a498-0743113e685e,Android
89589406-493d-43a5-b1b4-e22f2688f6ad,iOS
b788a6e6-84e7-416d-84c7-902a1e349104,iOS
cf30a1af-6f07-4f4f-9a07-b8e8f9aa3120,Android
23d99744-20b3-4f5f-9c22-516f705d3ac4,Android
b3189ca1-6445-49b4-a74b-c886bfcd766a,Android
bb1e566f-7eed-49d1-92ad-7a56ebc8c499,Android
24f19c93-7065-459a-916a-a027eb9d1c27,Android
12a97771-ec07-4ab2-9d1f-a7d289e455ff,Android
d6158410-66bb-4b8e-bbd7-8476634179e9,Android
062354ed-94c1-473d-b5ef-d0e87e23d95d,Android
12a2ac7c-50ec-4a15-a068-74421035f462,iOS
1a5afadf-52ab-47d3-8007-df897e416ad6,iOS
dc20de9b-3d86-416a-8091-f7d7b064b655,iOS
e33ad4b2-5a38-495d-8106-05900cdd5847,Android
68bf71b7-1273-42f6-8a6a-a406135dbfb0,Android
51a7da3e-8d2e-4886-9d82-d58c2e4ccd6b,Android
b2659973-505a-488a-8328-c22ac591fb84,iOS
01fc0475-46b9-4a6e-8976-a728e67f974a,Android
a0a43643-dba7-49d2-aa67-f5665e95eb83,Android
7b64646f-bed1-4664-a8b3-e9d391534ef7,iOS
1d29f0e8-5806-4229-90be-a740e77983cb,Android
eab42cf3-f5db-4b7f-8aba-550d32a2b16e,Android
ddb0449e-0567-4b7e-b5b4-c1897f1d1098,Android
2e5105a0-21d3-4164-9067-405c1b8626b0,Android
5aafa065-0bb6-44da-a2a9-dbdb9c31ae4a,Android
011a779d-8f61-40c1-8efe-08957583b83a,Android
beac74d8-d22f-4a48-9eb7-8e2dbc0b31df,Android
72853914-6d11-4fe2-a448-2864b2922280,Android
bf0822f9-c312-44e3-aeab-0d1516c4eec8,iOS
3de7f44a-498e-48f8-bdb6-3a6fbabf3f3a,Android
aa69d1f6-cb58-432e-af9a-acfb8c7cb761,iOS
e1e5b856-a010-44a6-85be-d5c68f99db31,iOS
58bb8ced-d4b1-41e7-a8cb-306498d8e05b,Android
e6a8ca65-8645-4bc6-b0a9-d180e6d6c3fa,Android
7245e365-6f37-4c4d-94ee-67242645a61e,Android
fcb3c549-8680-4364-b3a1-1f1f987b197f,iOS
5f5e0ec8-18fd-440c-ba48-ab1591f2e334,iOS
e52ed56b-b112-4395-8ac4-f660473d3b8a,iOS
f35cd110-1d26-4cdc-84c8-7abdd1df3a4b,iOS
576bf285-93b8-4bcf-8d16-5656c24edcc7,Android
4d4434b3-9216-4891-be83-6bd1a3cc886e,iOS
0690ef1e-8491-4eaa-9e5b-14901ce9b89e,Android
41bb9ebb-d9a0-4130-a11b-b6beb69426af,iOS
6162b2ee-fbd2-4fd1-af4f-99c4982725c9,Android
6875030a-9637-449f-aec8-b769755acb80,iOS
dc6d4208-edc2-4af8-88eb-76adf8944764,iOS
4e0c49f8-19ad-43fb-b3fb-a7c860478726,iOS
da0da859-07bb-4d98-a334-5daf869fcef4,Android
315578d8-c03d-40f5-9ff5-cd13b9f96f5d,Android
49cca592-ef53-44c9-a0dc-b9b0864cf6d5,Android
7e66aafc-721b-4078-8db8-e8ad6d5c4dbd,Android
930e50e3-fbfa-4400-8c51-38cdbfcd5f13,iOS
6029836d-963b-483e-95c1-c88e0ca37469,Android
35c70574-f297-49ce-ab5a-82ee761892fc,Android
e0b1aee3-d810-4890-a9eb-3046b821d4b1,iOS
2f4ddc85-ea2a-4372-91d3-c012daca8652,iOS
a70e6996-c7e8-49e1-a8f4-2fa81a0069a6,iOS
bacb7d91-9d02-4a0f-8888-6b53ff847590,iOS
f3b2bb84-48a5-4cc7-abe2-1913ed12e02c,Android
a278f01d-f7fd-47f8-a1ff-bcced54ae138,iOS
2ddf13ac-d579-43e8-a276-4549b9ec99be,iOS
4419339d-74fe-4330-ba5f-f191c4e02b53,iOS
656c94b0-d326-4828-a2a9-8bdc82fb50d4,Android
8c247dc9-2864-40a5-9ee5-b920ca920c37,Android
083de921-1374-44d2-84df-bf3e90dbd822,iOS
ad0300e1-bc57-4f60-bc91-71b53bd76211,iOS
2bcbeec7-9b94-48e4-9cff-71787e21c0c3,iOS
27c6e64c-25bd-4051-8697-f6e6cdcce379,Android
daac27f6-3922-4196-b443-1425c1cccda8,iOS
b0b512d7-0840-4119-9e09-f6cac9b125b2,Android
c327f292-3b91-486c-91b9-a1188570b90a,Android
72eafbd7-b676-4a91-a671-1fa0f28a4475,Android
0079200c-559d-458e-aea3-5c16431503ad,iOS
fab68e2f-3b0b-43b4-af7a-1bfa2adb4fb5,Android
021888e1-95a7-451a-a3c0-3c0aa6e6f5d4,Android
ea28b455-6586-4d49-bb28-facfcea637cd,iOS
4e421e2e-111f-4c2e-bc1d-463e9942f057,iOS
0cb38ad9-e587-4d4c-a2da-bdb685d31893,iOS
251448a1-166d-491e-bdc4-e9f322891bc4,iOS
d964e428-aa18-40d4-b7e0-2062d05b1655,iOS
c3c2cac0-d974-44de-8c06-ab161e9c3b70,Android
b76c105e-aecd-43b0-9582-ead8e06d56cd,Android
7c3e9dba-a648-4f22-9589-44e0fabc315d,Android
850a1dd8-a721-49a4-b040-3b1174a67c74,iOS
314e2707-10d6-4c1d-a11b-36378ac74cca,Android
81751d2b-1829-4942-ad8c-00922db1f14b,iOS
df44531a-6ef3-4d60-9cd7-b0832129cc31,Android
36e0465f-c13f-4ba5-9615-57fbe37a61f8,iOS
577925f2-1aa1-4d2a-9f20-7e4754c3a0b8,iOS
2d321a69-a5b3-4da7-a1fd-a91880a8355c,Android
9c374901-6557-420b-9bc7-d581c10f80d7,iOS
6d71f496-1cdc-4a71-b2b3-428334a2da25,Android
b64a8dfa-91ae-44ef-bec3-08817a85a6fb,Android
03bf8047-857d-4e55-b11b-73165fbf807f,Android
0d1e8072-346c-477e-a71c-609f400fdfd6,Android
a74476b2-fb97-440d-9783-e891ca4408b9,Android
035224be-09a2-43d0-9c21-71399ebf46c4,iOS
021a2bc2-dae7-41c0-a2b3-94d677aa1731,Android
87a1ab81-06a6-4d8b-8247-cc6344f42c25,Android
19f5da1f-54e3-458e-b436-7e3967debd65,iOS
e8dda82e-24e6-4266-8cb9-6fb3283ba547,iOS
5640fd00-74bf-4af9-abe8-9f4c4bd2efc1,Android
0f4f7f7b-794f-45b5-910d-c4fc91d05004,Android
09a4bc3e-ff52-438f-b31e-747d4ec007e4,Android
a1a8db8e-cd99-411b-b07c-808e0a3591de,iOS
440001e0-cecf-4657-991a-0a2d0736b97e,Android
c85abe32-04c6-4177-a92a-13ae7ea1a9d2,iOS
9bc9781c-cff8-462f-b858-5e8a0e98efe7,Android
4c25a5f0-26ce-4c4b-bba7-f0161a1870ae,Android
30329512-f43b-44cf-838a-9a600797e5de,iOS
4db95a85-c54d-4cc9-a089-945b893d0f58,Android
2286ce09-7e14-4858-b853-385bd3abbdec,Android
68068352-a2d4-470a-abee-a77ec55a4430,Android
7be23234-c1ad-4b5f-ad12-b79bb04e1640,Android
59df7a95-b06f-428b-a5bd-8408084ec391,Android
d0fd6100-ad2d-4e57-8d13-e80b4f4dc8b9,Android
b1aebd66-1ca7-4d17-acf4-0c4d996a5d44,iOS
1724724c-827e-4717-b26a-122fdb61a65f,iOS
428b10c5-ee20-4ed4-b87e-ae22d2fd9932,iOS
c9050d8d-37e0-48c8-b5eb-d38d1f76d1d6,Android
67f9e905-3d4c-4638-84fc-67cd39387d25,Android
adcaa840-c68e-42c5-9c4f-64229144c9e3,iOS
91c85676-7e66-4ffd-934b-87a0292a1500,Android
2308085b-c1c6-4099-be44-948406c6ca74,Android
3aa022cd-14b7-43ec-8e9d-e394260a0d20,Android
57027979-dd78-4490-a6cc-4b128d48e5e2,iOS
3500a90b-6cc6-4423-bc64-94b6f4bd03ef,Android
baf67677-44ef-482d-81f4-00e9a404667a,iOS
bac6a61f-a076-4ed0-8cfa-e41bc095b96d,iOS
e3be6f1b-d4c6-4660-881f-777527bb1956,Android
d0351726-d338-48e7-b2ee-761a3c8ef084,iOS
79c08a47-c84b-4f2d-856b-8f5ad05b3b7b,iOS
50c44772-cfae-4450-99a3-8a38a723b078,Android
b608597c-9c8c-49a7-b77a-063c14eaf8db,iOS
99d8f338-0227-4a2d-b39d-2dedb1811bac,Android
9b2600c1-c486-456e-a286-e265cf8d5369,iOS
cb458d41-cff2-460f-b421-6468e93a3e85,iOS
0dc2427f-dc1c-412f-8cb9-a2e956ed821c,iOS
26075001-65a1-4091-a23b-85a6580e5f2c,iOS
ccc26ac2-d53b-494f-af3c-cf1e0e04eb28,Android
e82d2dc3-34d3-4ae0-9d04-fac282435a04,Android
234f7ea0-7db3-4e13-b677-c1d9295febfd,Android
a55ca9b6-7f69-442e-9fc7-c80f6f2b0b2b,Android
2b38fdbc-a9d4-43ca-bfc6-1fe428001180,iOS
bbb26666-408e-4797-a8a1-f7b2c5094d98,Android
4cf3a6a3-85e3-498e-a4bd-f939ff3be9bb,Android
1cb8bab5-0b91-4945-8911-8bd7c757f6f7,Android
33948ac2-eb89-48ac-990f-62b7e92b76aa,iOS
48369c7b-f058-46a5-acf3-87053ae34675,Android
6345a4ca-0164-444b-9b96-5e9a2b3033f4,Android
947d68ad-1651-470c-962b-d84752ea7d46,iOS
b15f05d0-e9a7-4d2f-9e44-a05f25fb715a,Android
e74ba6dc-64e9-4e12-a3c3-cc6f51e57f07,iOS
d4e98111-a7ec-4432-8a40-e93656501268,Android
c553a810-f8bc-45a1-a23e-b31b9b1260bd,Android
c8866370-316c-4e13-a94e-d05b2d3c84ea,Android
cb1e2706-1720-4a67-9f35-09695f75e576,Android
27fd05c0-3f76-43bf-b599-e3581ba87348,iOS
24cc497d-0042-4145-b97f-e7981d37c1c6,Android
c51d9ead-a633-4646-97af-22f37ce073b7,Android
3329ed94-13c1-41df-bf7d-9e00e370dfbc,iOS
867e715f-8225-4b5a-8e06-c3445783b1e7,Android
98c33088-1f4d-4f72-b4b5-81e8ac4bbbca,Android
7aeadfde-a77f-4687-8270-140d483dd92e,iOS
6bd0ebf8-d92f-44be-ab41-6c620da031c7,iOS
b4f7f6ab-0bb9-4b5f-8175-b3c714c32176,iOS
565c24ce-0850-4ea2-9598-977e4c52455f,Android
4aeb7e66-ce4b-484d-ae8f-5c0645984df3,Android
9a025813-6b73-4a53-92c7-bf20b0bc0025,Android
bfd20a7c-4fba-4c3b-b14d-535ca42a58a9,Android
9c1c7a7e-e509-4bb9-af36-7457e61d08d3,Android
efc3fff8-c080-4b19-93ac-74f5f404ff49,Android
eb6fc757-06ca-4d7c-b840-c79974d3eed3,iOS
192ab4a7-4b51-4e94-818e-abed26371b84,Android
375d852f-ab57-4389-ad04-c2c30bfaa836,Android
e72ded27-bf13-48f4-8a53-070250cdabfd,Android
698c7d1a-84fe-40aa-81ca-c0bf0a48a4cb,Android
8c8e2ef2-2b34-406d-b9b5-35d108137459,iOS
c05b0ae8-d2e8-45f8-b5f8-478c52375055,Android
aa99996f-d93b-46fe-a678-56999cb00da2,iOS
85ed43eb-66ab-4cb4-b45a-7cf87e429029,Android
b5792e63-2dbc-46cb-9752-ed3161d152d0,iOS
42ae6337-a2bb-4bf7-8ddc-7283e25e7262,Android
13139ece-2369-4506-90ab-2076a1f0da76,iOS
608aee70-28c2-4317-82db-9ab1d82916ae,iOS
c5ac102a-3aa2-4ed8-a6d7-925629f891bb,iOS
2eefb624-919b-4dc5-bd59-a9ab2e17d8d9,iOS
3a2dac76-e98b-406b-99d1-0277e64a6bad,iOS
63d9cbf7-2a71-49bb-853d-85fa54dee3c0,Android
08ea0abf-ee3b-4659-9255-434461d910a0,Android
5c0512ee-ca5e-4c4f-a91a-13c8335b3e2a,iOS
d24385a6-e085-4ce0-a6a5-0522645130ca,iOS
8b26079f-6a9e-42a7-8e00-85659570879b,Android
b7b9e9fe-9931-4225-ab73-9510591e7671,Android
57c6ca02-276a-417f-849a-6916db3322ce,Android
c530cadb-6bcd-43d5-9eff-e0086583d8fb,Android
ede7e3ac-4efc-4ad4-862a-5d3633c374a6,iOS
091b12e7-99c3-4d0c-93c8-86be5d49f6a1,iOS
bbcc466a-39b1-4859-8de4-258deb6d0be8,iOS
34741245-c2dd-462d-9e19-b549ac27057c,Android
7e3f37fe-d1bd-44d6-bde3-92dbe973240d,Android
064e1af0-dcef-40f0-9fa8-a916f49daed8,Android
ea4fa7b3-6022-45a5-a372-85a812d9606d,iOS
eee7436e-2266-43f5-80c2-f1d0031070ab,iOS
50405d92-55de-4493-8a13-b87b4c589139,iOS
b79363ca-aac2-488b-92d3-8b7d42582b43,Android
8e69d3bc-bf97-4a26-b1fe-c3f273f12506,iOS
35399157-3fe5-448f-be2a-724555149ca8,Android
6ca38c1c-8e69-429d-9158-458703297c2a,iOS
14c684bf-5bf3-416b-902a-f109510a2c69,Android
2645067c-7a9b-4093-b9d1-c50b2ad8d7fd,Android
2fcf99f2-8a36-41d4-b61c-e623cdffe614,Android
2763a764-8faf-4f58-bd62-1e4bcc724859,Android
fad962f9-ed3d-4a61-9f78-ebd594afbb39,Android
6ce7e87c-99db-4599-9391-2f1cde7cb464,Android
be894761-a500-4d15-ae1e-d4b7449ebfd6,Android
7ec34d58-767f-4c06-9b5b-beb73a8581ea,Android
2875d2e0-4ca6-43f1-a913-26863f7236d0,Android
0417742d-2bcc-49b8-9d55-f7043125efdd,Android
8db68af5-6e92-46cb-8b08-639021251a55,Android
6807baed-16d7-438f-96e5-088392757e81,Android
22f256d7-f434-4279-ae15-70fc3e12eefa,iOS
cc78c69f-dd45-44ce-b200-35fd1e08aeef,iOS
4e932be4-6bcb-4e8e-9874-bd7b2509d120,Android
2c0d87a1-059e-44cd-ab41-ce128c9d35f2,Android
a809b667-356a-4d51-99f7-7733503fd334,Android
48ac3368-a0a5-4849-8958-481a36bf76ab,Android
90c50343-9926-424a-a5cf-85e4e810305d,Android
9f54a6ba-ad76-411a-9c8a-96077358170e,Android
a6186e2c-27b3-41a1-919a-d1112b5e7f11,iOS
fa70dfb8-efad-4fcb-ae81-facedf350395,Android
c3a15fb8-4612-40ef-bd89-a324a0606e76,Android
b0c59578-1405-4658-ba28-dd508363a3ab,iOS
3af01ddd-1cd2-4276-8f0e-efc5b4c92573,Android
f03c9fe5-28ca-4276-bd66-001d9afa407e,Android
4a3e7482-dc56-4681-8d42-4120cc6d5392,iOS
6c9be059-1ac9-4afc-adcf-b5746c1a4f2e,iOS
c2d70a21-3fd0-4ae7-a7bd-ecb364ce9872,Android
1074e2fc-d501-46f1-8748-9623156aa9e0,iOS
52339d3f-dd9b-4073-9e6a-2c9930764106,iOS
150aa17f-93b3-4556-b1df-c5ec132e03ae,iOS
9823a3db-8136-4330-9e23-3ed2e1a35032,Android
168e1743-a718-4a70-ac88-010ef51b3db0,Android
18f12f8b-efcf-4e81-8b54-bba870c8b3a7,Android
3d9b7b1e-2498-4544-8cf1-476daceffd7c,iOS
1b443142-9593-467d-903a-9227caa313ef,Android
225ccf3c-2fd1-4478-bc15-ec85ac42cdc7,iOS
32cf18ae-78b6-446b-9238-e7fa3ac25d5c,iOS
1074cd32-5edc-4e41-9944-fe8dfa0755e5,Android
b860ecde-27d9-4da9-b6d1-d52a8579309a,iOS
98735a0e-7bd3-425d-99b3-ef41071090cb,Android
6054ac51-15cc-471b-ab38-93dadaaf1861,Android
c7721c88-14d7-4100-8f90-86df5bf2fe40,iOS
ba33bdec-5b7a-4df9-b382-7a81e306a70b,Android
b4f68e8c-de64-4729-bd2a-27da4e0b6012,Android
2eed338c-a21f-4207-9644-8a118d91956c,Android
392a0b69-042d-4d83-a134-b73802206926,iOS
fdca646a-64e0-40a6-b7bc-45c2d24dbb28,Android
412e83a1-d460-4964-b054-3c5059632fb1,iOS
e28dd7ee-1b11-4533-880a-c9bd4ea054ec,Android
92ce7c8a-6ec9-4e51-99ef-ae2f31e1aa96,iOS
194c7f9f-2949-465b-b65f-9607606c0078,Android
6d611816-e3ea-4f63-9328-da1af4b12f09,iOS
620e6b51-e400-499a-acf2-7b7a31546bae,iOS
6afebe2e-90ca-4ac3-8831-a58367d63d9a,Android
f7d15d7f-c2da-42ab-9876-3f5d1c88ca36,Android
da8f2ed9-3910-477a-88aa-aef87123570e,Android
f3ec4081-ea11-415f-9aae-6164d43f13bc,Android
94016009-be5d-438c-b449-ca4a8f4102c9,iOS
bad28902-646f-4f17-a002-0300e22773ca,Android
9b445977-a054-4491-a06c-bfe96406a94f,Android
589ad3ac-3e2d-412a-9a45-bb1799a1d23d,iOS
3baaf924-3fa7-46d0-ac1c-ea2a4dfae4ed,Android
4644bfcc-bd35-4004-9da0-de58e059b212,Android
69ed2a1d-1e9a-4821-b072-f088660487f7,Android
46d1fc66-7b99-406c-be39-bf381bbd2cb9,Android
7363fd73-9ec9-4f0a-b0b5-e6b0ae86e0c3,Android
54e041aa-c1b8-4566-98fd-1f064329fc7a,iOS
b8cd5e8c-5fe0-4695-ac4e-a5120205bc70,iOS
1e60d9a3-5a53-44cf-82a5-bb4079033c37,Android
4ecea323-4b39-4069-9b30-ebe63aee4a07,iOS
f091a8f6-dc38-4069-88d3-d0e4d31b72fc,iOS
829c3085-8adf-4b92-8f67-46d410074303,Android
74c9bcaf-8b55-46fa-ba34-966a7d6bc0f1,Android
b9cc4640-12c9-4cfb-9fa0-6cb94280a3c7,iOS
fbbf0ce3-fa22-44e5-a4d0-d80343d6fd98,Android
8c67a83a-fdfa-4ed6-b0bd-f415293f10b7,Android
53816525-c031-4c0c-8b7a-1709f9fdb66a,iOS
4895e776-7a87-47f3-a68d-199a6ec2f105,Android
2f3e1189-f5cd-4ecf-8e8f-673919e97c35,Android
d49b8880-450e-4b48-b5f0-2b89067984fe,Android
33e8354c-e838-4a48-9e8a-67ab8e10a8b5,Android
0cf76862-a0fc-40b9-8f6a-4c704efc9f98,iOS
7ff93662-c3bc-4652-a3ec-927472b06cba,Android
b5164724-8c27-4e78-8a88-64a6c065660b,iOS
c58efd21-26ca-40cf-b6ab-e76356dafe6e,Android
ee20a64f-2f22-46d3-8bea-6bee7e7f2412,Android
a7bdab99-b4f6-4388-bc70-5c71d08acf3a,Android
789d5d9c-63d1-483f-944c-294f374f605d,iOS
f52ae80a-ce49-40eb-9af6-c5a053636085,iOS
09660590-7997-417a-8a53-ba90d60813f2,iOS
2eec295a-d34b-42fd-8d37-d158622151b6,Android
ec0c89a4-93ff-45a7-9f98-c9a1f0f1f0cb,iOS
3c095041-4924-4c39-87df-6df493b2398f,Android
eee01135-abe0-4065-8630-2c3688f1f588,iOS
a6303897-7fee-4733-a17e-55e644fe0bb7,Android
2df569e8-ec81-4351-badb-bff173e78a3f,iOS
3604164c-a91a-4b8d-9994-1c4a4c8b97d0,Android
775ea093-0689-4dd6-b502-f19ca059d994,Android
2b348c71-b2d9-4a4e-8b02-db0a2352f497,Android
6c0afc44-b6f9-4f8d-9e56-1c49e499590a,Android
6223e614-2dae-4513-9807-789467901383,Android
94f331d6-a82d-41bf-af2d-273d54bb8bca,Android
bf1880c0-5c1d-4e8a-b283-368baa895e52,iOS
e1e128b1-5fff-4681-baed-d9b9cfe6c251,iOS
7077b195-6267-40f8-835d-21182ded90cb,Android
4b205a48-9f7e-4083-a9fd-99cd3b91ee87,Android
222bafbb-2f16-418d-a884-a7cf5df0e652,Android
4daaefcf-8de9-463b-8b9d-8bd459a428a5,iOS
7ed5757c-226b-478a-b077-31117da7e91d,iOS
a87b184c-c1a8-4613-a924-d8dec4563ad5,iOS
00b41b6a-5cf7-4dda-a342-c54d3e16eee4,iOS
c326a29d-6b39-4215-8d66-c6904f52e4e5,iOS
530e1f69-aa3a-4bfb-968c-d38ffdff1790,iOS
c30e6831-1c6e-4213-b0b0-504cee7f4df1,iOS
f9ae723e-0c8b-47e3-9844-5ea3a7b44d63,Android
9c7443ee-c48c-46cb-9491-f1527db66938,iOS
5a354101-9c9a-41d2-8be8-ee38dbb4fb45,Android
e96816b7-2078-40a1-bfd7-88d15e0fe45f,iOS
6ce70d37-ba40-4c1c-a26e-aff2d9acb9bd,Android
6e6fe3dc-01e9-42d5-8d94-b8f71b20a959,Android
b6f0062c-3fc4-4134-8eab-9718df6c462f,iOS
4b5c1f26-c7d9-441a-8a16-9e3313d6f231,Android
2b9c4205-d103-4f85-9c27-51fb9d692402,iOS
c94bc7c0-4de0-4aa8-8175-c2ef2015db49,Android
7d79674a-273f-4cf9-bc64-d36b76ed62f7,iOS
03b1f630-2f1f-4eb9-937f-de27a1f2eb67,Android
11c35ef3-bb3b-4201-b9e1-6c28b47fe42f,Android
d377ff4e-fcf8-4fce-b703-785b7c7ee1b5,iOS
fc60fcd5-6f7b-41dc-b575-4ddf927123f9,Android
29d4b218-f4fa-4082-b47c-87bce5b290b1,iOS
f574c61a-02ac-4e76-aa09-7dee7d6e5ffb,Android
ba408782-2570-4a89-9b16-a7238912e9d0,Android
0971f058-a7de-485e-a044-cbfe996b6b3d,Android
94d1f827-f5c5-4144-b33b-97a9ddad6ada,iOS
608dc811-00f2-40ce-bc4e-136c3a030a12,Android
42242728-cf6c-48c2-9952-37d40cecd315,Android
db51cf9b-0d3f-4f92-8bd3-fee707e4cc06,iOS
0054809b-5985-4c27-bb7a-cf0571d71336,iOS
56ae8f1d-5361-4736-a453-7bbe5bede9e1,iOS
c96da0de-3335-41af-b85f-3d4aa653eb93,Android
75a47d33-07c6-40b7-a97a-67e09dd65c4a,iOS
1be9d53d-f2ef-443f-99f8-aa7f5962d717,Android
a0ee1fd4-2468-4933-a4ae-2ea8fe9059f5,iOS
10c2319b-4b9e-4491-a73b-456e5e15a3bc,iOS
3c030e5c-aa23-49e1-95b0-03bfcc4526ed,Android
6ca17ad6-a92f-4975-870f-d43cc871ecad,Android
e4f41570-2b06-46ce-b7f3-d19bd251fab4,Android
646dc220-c4d1-479f-bb62-3cc1966a1f7f,Android
32b79eae-6b3f-4762-83f2-d1b97e8e7686,Android
3b9ae589-dbe2-4298-aacf-d3061c2ec17c,iOS
1186f5ce-db1b-4b16-8179-75f295c141e9,iOS
931cbbd1-dbef-4477-b785-a6b91df07215,Android
d39fec50-9775-4bad-b235-226a3a7ab6cc,Android
5662340b-7bcb-411d-8563-3d52504a16fc,Android
69036ba2-8145-41ba-a811-53aee7df8b20,iOS
0780c7d1-7780-467e-a41a-058e41544381,iOS
dc8a380c-d4e6-4c75-8e97-0c05e056961a,iOS
76b745f0-9cb8-49fa-b760-8dca152867b4,Android
510a4f9a-9ad1-4b2b-9189-ff4f5a399aef,Android
64cebaf3-77ea-4a2e-b7ce-d5225ef1d1cc,Android
7bc71302-4019-4242-8352-0a2666cf7e42,iOS
133c4b9e-1ae8-4908-a82a-53ec53f98276,Android
129369f1-5c7a-410f-bce3-20b014b98496,Android
70e9dfb8-8cb1-4b24-b036-fc829b9825d5,iOS
c00d493e-fae4-4394-aec4-b3c9c6efa435,Android
7f35625a-1c4d-4a2f-91ac-75a929d71c61,iOS
87e96381-20a1-46fe-a844-5b764910e1c4,iOS
d55b5a00-0aa1-45c2-8fbc-52a85267d225,Android
f0f03b47-c32a-4642-845e-01495ea67a74,Android
77243a81-e405-46be-8780-169380f0571d,Android
f555c955-ad78-4694-bf81-89e23f1033de,Android
89917bc7-492c-4c5c-a07d-621e3129f7c2,iOS
d382c417-6f14-4963-8ffd-03b2bcdfe5ee,Android
b46c0a45-d814-4c36-b359-6595cbc76c92,Android
443906e6-1da8-4685-8835-3ace9b792e08,Android
2323686c-5480-4e8e-bfdb-7aabe4685c6a,Android
d8b74ce9-bc87-4cf8-a696-58ddadd51c7f,iOS
e3e5f587-75af-4eab-9119-62ca8811c931,iOS
dd50cce8-8edc-489c-a29d-8ac747d43163,Android
5cd4bf71-809c-4bb1-905f-b91c690e5be6,iOS
10b57132-9169-4683-8f15-3ededab7d70e,Android
99bd5b52-ce80-46e4-9e14-93257a439fd1,iOS
c27d2332-be22-4a63-a434-d3dbae5a112e,iOS
feb40fcd-0a71-44e5-b854-370c8652b6c9,iOS
940acc70-f001-44d5-93a6-7a5afdec2eaa,Android
2106f2c2-2445-4065-9e85-ad45b23c28a7,iOS
530f9f71-46d6-4f8b-82ea-74c5ee4833e8,Android
833dca2f-7ac9-450c-9ef5-d853d4411290,Android
f4f04d30-7c44-4e2b-ba78-27597ff2bc20,iOS
4ca7c43b-56ca-4e14-a6ae-981793700b05,Android
f2669062-10f0-4795-b475-dc2a02e1d244,Android
351c1e54-ec52-48f8-baa0-31ee0f655c0c,Android
da062da4-afee-42bf-8192-1038b095da2e,Android
58c3bb9d-ff37-4677-96cc-a62bfdc8ffb9,iOS
af10b0c2-5b33-4c87-9ebb-d1f9121508fa,iOS
ab343c32-83fd-4e75-844d-73c85dfa5239,Android
a98e9189-377e-4335-9cd1-0366d4422c94,iOS
45b1c9fc-d307-4bb4-ada7-8053015a8b53,Android
583abc24-c958-4af0-8e21-2cb6ebd13c9b,Android
f723cb3e-c30d-4849-9758-546f22481704,iOS
4c6bd00b-0f5a-49ec-9be6-5e3824e9fdf5,Android
9d4c0712-dfbc-4fd5-be87-db442b435ef3,iOS
fc4e7296-ff4b-47c4-b853-186f157afb4a,iOS
5f032e21-b7a0-4bd5-8896-a4faed3ef8b6,iOS
3349fd32-3a57-4ce7-8ca3-21a178ea19c2,Android
2a1c3f4a-40cd-4f73-9d8c-0067c1476ae6,iOS
e3c51adb-ad92-4d70-a8a0-c79b5b828e0c,Android
62f49760-04b7-40b3-80e6-fed0d8d68c39,Android
b71c2ae7-b1da-4ac1-b6b2-8d6f26b7b540,Android
a503abbb-ea79-4e95-bd56-3451c6ae8492,Android
08cc2efd-2af6-473c-b000-c2dde801b871,Android
e7433f9c-552c-43ec-a3b3-f67f0d6cbb00,iOS
2a96be3b-d714-455a-9280-36c0040ba8b2,Android
0b330748-9006-42c0-b187-30984d4701fc,Android
c0df7d6e-9a79-46a0-9654-04be00f6b2f7,Android
87eb2865-a6ef-49f5-8f13-8a666f105799,Android
96fa5f15-ed8f-4a2f-8320-b622f0d1be40,Android
3c1ba585-081b-4faa-850b-8893be3c1f24,Android
2c666eac-ac2f-45fb-8a3c-cf5f197b1064,Android
e04a2e0b-729b-4f13-ac1a-0ba46b66ad20,Android
745e5fc2-f5d0-4614-845d-7f70e1ede797,Android
c8bb6ea9-aff9-43e1-b1fa-2533738050f0,iOS
ce448574-d9a8-475b-8c22-cda2d1a3524b,Android
b88c5260-fc76-4071-ab76-b5dac3d33bb8,Android
52f9e401-27e6-404c-83b0-f733d315dda4,Android
d3bff241-fad8-4d52-988d-33a64a03041a,Android
9b3893da-6099-49eb-9200-a0b081ad92da,Android
44619124-17fb-4d19-8f1c-8bf803e61d5d,iOS
92bd4883-387d-401a-b1cc-f10fa4ab7c7a,Android
85f24bba-cb77-4230-9bf0-a6a516529f29,Android
2290a071-86c8-45c3-a730-9ded1f365cb2,iOS
2bda5e4e-1f23-4e78-8620-aa7a4a4f2aef,Android
11d75030-1e8e-414b-8097-993427cba00c,Android
2eab6a49-6699-4863-b549-bb03b5f8e540,Android
d681400f-2b8b-4044-a841-d765e2a034cd,iOS
56a51425-1be2-47ba-8957-91ad0cd96d36,Android
cc7c9b4f-b3f9-4eba-b2a3-7d33030ff53a,Android
7265d5bf-b365-4f45-9ec2-986bb6036807,Android
c8a91b32-665e-4fa3-8dfd-e573956c424f,iOS
fb632a10-1ce5-4135-a92b-3a2e5c02f412,Android
e784964b-1920-484e-8187-87382feab7c3,Android
2e901474-d164-43ec-82b1-0f28ab8f5c30,Android
4448ba86-aad1-49cc-975f-e39f6d85a371,Android
4725ebb8-bdc3-40b5-8f5f-44df04e20201,iOS
99b21457-4367-44a1-9e5b-a8ec3d69ff6b,Android
e97b5dc0-2c68-4182-8235-8bf45b504188,Android
7881c596-6f12-4d58-96e7-4080bd74a168,Android
9da8c826-c45b-4a8e-9265-ac975e4cee40,Android
c09c5240-65d1-4747-9d0f-153d9b7e2156,Android
51fb0b0d-c859-4107-be96-4dffd2845ae9,iOS
68dcfffd-79d2-476b-84ec-b55216aedccd,Android
791e0a98-cd0f-4248-94e1-588a22210959,iOS
0bb98653-227a-46bd-b2c7-0b39f7a75bf3,iOS
049708cb-c95e-4d46-a074-a676b2c99f9f,Android
e86f1aa2-91f8-4b30-828e-6badc6488412,Android
109c95a7-2efc-4e4e-be95-eee3e30af2ee,Android
7b485ce7-3395-4e44-a9bd-b378e738c807,Android
c697dd8f-3b13-466b-9796-7d9bf2ee2a3e,Android
409e7e5b-c9d2-4943-bc5c-9caf80dc8811,Android
905dc722-19ee-4880-b305-0ed5614a05be,Android
689b3b27-ebe1-4f79-b9a5-52f4f1626cf4,iOS
86006cb8-efb9-409b-8afb-30bcac95661f,Android
5f12f5c7-9c17-4ea6-876f-aec3410e72a0,Android
a247230d-dd26-4b31-b659-dfcb9e62ce81,Android
efefa7ff-8750-498f-84b2-50098b62b0f1,iOS
061d3f00-c75c-46d8-b0a7-e991da76581b,iOS
7ca2efa5-27bc-4bda-9f15-45b6d15fe0e1,iOS
a83929fb-3cac-498b-b271-97d6997ae09a,iOS
8e3dd02a-a9fd-4a94-a17c-d3c4d937bbf6,Android
82fcb073-b4b7-4ef5-9160-6affebe9641d,iOS
a8bae9b0-498f-432a-bdf9-419dbb3bc676,iOS
c7a57a9d-9b50-40e8-b902-1fe00f4bdfc3,iOS
1932ab28-f6f3-43af-b8b3-e8a13e7d3429,iOS
21bc3a8e-78ab-4946-84d0-43dab6a4944f,iOS
77bc4d72-a19b-435c-80fe-1ef7288acb92,Android
4eb14130-f684-4930-9c32-4c63722c7dd6,Android
f1c1f4bf-ca86-4867-92c5-bb5e00360dea,iOS
4c4b405a-32df-4ca4-99bd-6fe74d9fc85f,Android
f1c24078-74e3-4fa8-9981-33a7f4af640d,Android
38482ba8-fe82-4c9b-a4ce-1d2fd38a683e,iOS
5774f2db-0b25-4ce2-aefd-aa562eefd686,Android
ba7f8245-363c-4896-a4f4-6b7d2b0cfcb0,Android
7b388b62-ac3b-4d42-a682-cea12f958f02,Android
75cb767c-f619-4644-8129-54d484954f08,Android
46d5ec84-9d30-4dc9-bd9f-9f5a352d00ab,iOS
57598725-e0e7-457f-9567-5b07e7d29e2c,Android
009df074-b9ee-49f5-86f7-0cd29ba752e2,Android
bb532f3e-48e5-44e5-82d1-125a0dbcb476,Android
b37afdb2-4ffd-4a28-b4fd-9550f3362fb5,iOS
fea5865d-896c-410d-9aa1-1611953db96f,Android
5e214e18-6ab1-4243-9fdd-d2fec6469d6f,Android
0c34e143-d88f-43d7-af31-ee3e7eb4d831,Android
86778ed7-0c55-418a-b6c3-8cc3d24509e7,iOS
6b68c592-2ee8-4f83-9f39-ff8469a5b038,Android
34672be8-3bb0-452f-a94e-e2f143e754d1,Android
616f4f11-c3d6-4820-a5fd-e9277cf2e79a,Android
3039deaa-df91-4692-905f-49c2683fd29a,Android
6b8c4729-5355-45b5-ab32-447ee7d6cdfc,Android
b4edff55-7a80-4065-a063-da27cb6b8d92,Android
c5184816-597e-4f33-857a-76ee07805fdb,Android
121cbce1-9a80-4baa-8d44-ec6afe3f3eac,Android
da3d5559-1d31-4e4f-9ede-bbac3a2d0062,Android
84ca7cb1-c29d-447b-8f6b-90131af5513a,iOS
e6f7b1a5-8c23-49de-b6eb-5cb4511b129d,Android
ab4ff29f-e01b-4876-bd66-cb36e116c275,Android
c802e573-4197-4d18-a8a5-e4bebd38db43,Android
57d730c0-ba1d-4d92-8328-a4218837951e,Android
629a183f-ae3a-428d-b860-09f40d1a3f9f,Android
5719e0aa-c16c-41e3-9370-bbfd78d4e5b3,Android
2da2e6ed-5021-4048-8afd-7c1a2e24f275,iOS
c9546568-997f-4cca-aad8-91ecc6f3feed,Android
d32bfc9a-de84-409d-af1b-6acb2ed1d49f,iOS
89c62a23-69e6-4516-99f8-260691314362,iOS
1b7bd6f1-e848-4f67-a7d5-30f922788ea0,Android
3fbf714a-d9e6-4d6a-afd3-52ebf85d3935,Android
9e53a3e3-9c25-46ac-98c3-aa57915a1a5d,Android
6ebd4088-1bd2-42f8-b5c1-52303fa9f010,iOS
8ccc94ff-4bbc-4cc6-9b08-0f05b0192acd,iOS
f34ae951-b02c-4ecd-96f0-886331da8e42,Android
3176521f-434b-423a-9dc1-fa2c5133bc1c,Android
0665f0f5-0c99-41e0-a2e8-bb94c3d87e75,iOS
60907018-8e7d-41ad-8401-7de656316ec6,Android
37d554b8-8015-411d-9d55-32ce2f35a793,Android
8a682565-abc7-44a1-ad23-04b2c4282da6,Android
69c78754-2bf4-4102-9c4e-2c6415131c13,Android
ccb0c639-ae78-44a2-987e-c967a05ed3b1,iOS
c502448a-fecc-4d7a-9bfa-61e800d07510,Android
7f89815d-cc79-4979-a9e2-f5efd2aec7c7,Android
859447f9-94f1-4dc9-be30-79366a2a12f5,iOS
1a723741-a512-43de-917d-51379c247daa,Android
e35b2f96-6baf-44cd-a54b-dc83ba82012c,Android
8011746a-4b04-4190-abfd-06446248adde,Android
2ade9f45-0c9e-4596-90b3-7e036a0ba3f1,iOS
6ccbdf0f-c969-4f9e-a602-867f33257024,iOS
56abeee2-f1bf-4ef9-9040-a4674a9fe215,iOS
8888b9af-e423-4afa-a0fa-07c0a73cc75c,Android
512324b6-9920-4632-8232-2ebe83182fa8,Android
d3a6f781-3cdd-4bfe-8249-078b40bae88f,iOS
98b2f648-726e-4115-ae1e-07b476b4b998,Android
56cb871c-4181-4ce2-9650-a68e1da49340,Android
950bc705-9a6b-463e-b750-20e1a640e629,Android
32c9a7ba-240b-4c21-b7ee-3b19abceb74f,Android
79a5177e-3a3a-41b2-902a-c94582aa2595,Android
b425233f-44c7-44db-9e1e-6e5e00502612,Android
842ecb00-92b2-461c-ae3f-702cc2748b56,Android
7c3bffcd-3219-4221-bc39-e850a8ed0971,iOS
4153ec00-8550-45a5-8192-0ffdc6f9b8ce,iOS
e8a75935-4687-4edd-bc0f-36f4113bf7f0,iOS
f04e9bda-949b-4545-b930-5fb79ae65080,Android
c443f8de-f01f-44b9-a69f-02ee2ad6e26a,iOS
452f7039-652c-4954-a79b-96f0a552407f,iOS
39d5aaa2-f589-4d1f-a6d8-da83d37c9f4f,Android
6f06349c-8ac0-4adf-ba1d-f478ab63ea20,iOS
f95cb62a-c6af-42c2-8fc4-5fc8a7f02efb,iOS
49fa0ce3-fbee-401f-85c4-de77c0cce4cb,iOS
433988f2-1215-48c2-b197-20ef8f76089f,Android
cd25e5a5-8855-474d-aca9-a39f109cd62d,iOS
3b868d10-9e4c-41e3-93e2-ba79e024cbe2,Android
3b4de259-3c55-42a7-82d6-a1e9ec820e05,Android
45a89206-fe12-4188-8223-9bb6536e4847,Android
7d81de17-21c4-4eca-aab0-d973ebe0337d,Android
2beb4394-2e4b-4436-b794-bc5fad8f81ac,Android
b6a760eb-306d-49eb-990c-8d4934717745,iOS
a58809f1-8464-49a6-a0f2-f226fe9869b0,iOS
835c01a3-63c3-436d-b7cb-698466fbd964,iOS
cf9f3a82-7c21-4463-9e23-62ef0688208d,iOS
eb3661b8-1a51-480c-9abf-fb9b062e3a6a,iOS
f119db93-b776-4d32-92af-6ed416675735,iOS
ef8030de-7be7-42f6-886b-1dfc91d4b8d4,Android
3785e650-c861-4d2e-bd4d-7b86de1fc79a,Android
d5eaf463-4a69-40cb-b2c2-448859e63dc1,iOS
43b3829a-aef3-4826-9695-dbd1b9d36046,Android
c2ca235e-efac-4a24-ad8f-bf3ebca00a4f,iOS
04fc7054-159f-442b-ae4d-b7bda948016d,iOS
05a5416b-913f-4782-9fd3-5c6fbcc00796,Android
72c87d34-cca7-4a46-8c6a-6c59c99ad8e5,iOS
4876667b-38fd-46f3-a71c-777a52aead1a,iOS
6cb6670e-b531-44ed-a7de-d9f00e1d846d,Android
09dcda5d-1ac3-44e7-84c7-6ee4e2324426,Android
c271cc15-9687-4832-b4ae-4ce422fa153e,Android
a0ba7f23-2eb1-4a2d-b263-43463d2394ef,iOS
1e8a4d74-1d09-41b8-940f-d85f5945f6e6,Android
b36f687a-ff43-4a05-9f16-0a5139252373,Android
8713a579-cc0d-493b-a4b2-a3187df41783,Android
b442fb63-2036-4c61-b80e-64229ede0ad7,Android
e82c68b5-3edc-43e5-931a-cbf8dd89afd0,Android
bb1f634f-63bc-4777-b746-90dc660ce733,iOS
c32fb0eb-b1cd-4f30-9e9d-513ff7c5eed7,Android
c79b22da-b0f9-4ed8-85d1-9def98bae42a,Android
a1e0fd61-85af-4b5a-bd11-7ecc0b18fdef,Android
09f1a885-85a4-407d-90f5-6730694e21ba,Android
e6a06d3e-4c98-4c94-8b22-c9b5a72a7cc3,Android
8ff93eaf-ef7a-4394-8207-c0a8db08f431,Android
a16a68eb-4f25-4eab-a4b0-1309b6e0bdc3,Android
26e5c4e9-d5ad-4db4-8818-428717bf2704,Android
53e79bd0-043e-4894-82ea-7b884b3707f3,Android
a78452ce-766c-4d30-8fcc-487bf8091d65,iOS
76d7f529-9f3b-4714-8b2d-edfaef31cca2,iOS
33c1fd78-3c5b-4b93-893c-e892eae619cb,Android
7e94bbe5-927b-4bbc-af95-14438a5398b2,Android
ed605435-bc8f-4d19-9231-aa90aa5eef8e,Android
59c5039d-b0c8-4fa7-8b3c-803776457f94,Android
f6bb70dc-3d8e-4d09-b19b-a117e98eab92,iOS
a6a21949-a2ec-4551-9796-b74b1832bf3c,iOS
54efcdbb-a42d-43a3-bdbd-51b015affd1d,Android
413d5d18-9cdf-4e8b-a121-53a37904b5d8,iOS
3ca2b017-17ae-4a4c-bf8a-089429ade0cc,iOS
e93cc8e2-27d3-4176-bb0e-f15e3680e88b,iOS
879dbd32-b90e-4180-bc85-2b5cafbca478,iOS
1ceb449f-47d1-4bd4-b501-67d360c81acb,Android
a19d78bd-1965-4063-bc19-4df333cd556d,iOS
9302669a-c561-4238-93c0-d80c28c2b730,Android
3d5729af-c379-461d-855d-c684855103dd,iOS
1de33dea-6160-4aeb-a7ab-abbddd880f98,Android
54a0dccb-bd8e-4ee1-905e-50eda75074d7,iOS
a06bfd84-ee4f-49aa-ba05-8fb0f8921d58,Android
c1dd50b5-3b06-40d9-9cba-f2613137fc88,Android
91f1806c-821f-4fae-b68c-0410debb7ca6,iOS
f81d2b42-7ffa-4124-8da4-2adf91dde1b1,Android
9cfc2e5b-429a-40b4-9a49-84ac21bd5b5b,Android
2372fc32-5f6a-4c65-8d43-59cc0f05c278,Android
2aefb82c-f17b-42d2-b2be-b97e22586759,iOS
479fb672-6400-4b8c-bc15-f5ae97ebf7d6,Android
88cbc47a-4fd1-4813-ac7a-ef8d0ab23482,Android
d37ffa90-0136-4fea-a926-c28075d8166a,iOS
fc719bdf-6513-4d26-8368-7344269a5242,iOS
f5220023-8616-46af-9138-76f135ace3a4,Android
b111ea15-27f9-409b-a03d-0db2e9a347d2,Android
6c8dda01-8f7a-4e09-b89f-b293116d01ab,Android
d28eddb3-d575-4853-82ca-5a15cce9cf5d,Android
47e42483-71bb-4729-a492-3cf55f42d806,Android
760ebbab-9758-47ef-a56d-9935a2eaee27,iOS
943e797a-5ef0-472b-9ab6-9b77cbedabfa,iOS
0e92482f-8db3-4d7b-b389-77f38b1316eb,Android
97dbe44d-e29d-44c8-bd1e-4cd109113e08,Android
7e1511f9-d9fe-42b1-b45f-80bff3de6924,iOS
54cd094d-d4ab-43be-bf00-64e29f9fc3d2,Android
712e5324-1419-480f-81ff-3ed37b1d29a8,Android
b4a3ec0a-5ddc-499b-8df6-b28189688c89,Android
f16eaba9-26a5-490c-9209-815ee5941b38,Android
c431ea4e-732d-4e42-b89b-e89f8bda71d1,Android
e609290a-4336-438d-a686-5d64b0c1ec39,iOS
517fc083-66f1-4d08-b358-651c250b8646,Android
a5ce7864-5897-4725-b5d9-9dbfd0c47bc0,Android
de279e51-f7a0-4acc-83da-596152f4d54a,Android
6ae26209-7ff3-4932-b737-eb38c130311c,Android
90d41955-4f11-4f76-ab2f-9c2a85d02a06,Android
82f9a15d-b656-4b88-94dd-d36ad3c6d769,iOS
56a321f4-633d-4c15-a3f7-bca29fc60b5f,iOS
a78e3596-6760-4636-ad2b-afe5da5dcc20,Android
30a4434f-72a0-4195-9dbf-0150bc57d488,iOS
495a05f3-5adc-4e21-b789-7158ea333857,iOS
8b339532-0738-41cc-9454-a8a6f9952887,Android
9d4b7882-5b09-4abf-a62e-d45937cbc691,Android
06cc458c-2ca9-4ba7-89bf-14cefc1c6041,iOS
a240d410-38e3-4933-aae9-351bb6cf0872,Android
21e98b17-8260-4406-bdf0-32821d38c128,Android
f7a35d23-4d97-480f-8884-87e5adf1d99c,Android
eb3282d9-1147-4016-bc8c-32463d3d7803,Android
024a2154-57b9-4508-94ff-9087740780ae,Android
b8701f82-5424-46ed-bf0b-7600524e5152,iOS
1441d469-7e05-4d6d-8ccd-48201a12e421,iOS
3a149abe-a512-4d66-b49c-5ce7b23dc30e,Android
d15c5e1d-fb6a-47a1-b7c0-51cfa487984c,Android
e2b5071e-6f8e-4b14-b926-077d6257357b,Android
af10e1bb-0c45-4995-9656-1ae55161cb52,Android
39a31e48-de19-417d-b011-ca6f617dd33c,Android
db1cd562-b8da-4656-8524-2ca26da9524f,Android
9b65445f-d26c-43ef-a007-76931765f5a3,iOS
049d4587-fe89-4a55-876d-6a3cd65a360d,iOS
53dad628-6a3a-4af1-a47d-31771b6424d9,Android
0f518c0a-7897-45d2-bce7-c066d5466ec4,iOS
cab3bdf7-0347-468f-aa07-d33b5021e7aa,iOS
c9bec55e-65be-4937-b239-8f0d643d2096,Android
15fc17ee-2854-4685-80b2-707f1e3b6f4e,Android
3b0da66b-d3cb-4908-9bd5-83d85b927818,Android
854c735c-d382-4db1-9ffd-0ca55cde7e7c,iOS
0bf74a16-0623-4913-bef8-f170a79fff47,iOS
7ba80f0f-c6f0-47bb-9161-5df9ca7b0c95,iOS
5e98699c-c323-4cd7-9e15-23d64a53436a,Android
cbe4cf7f-c503-4b9a-8ffa-ef08366031d5,iOS
30b00e6f-0efe-4aee-8fd4-91ba36fe6fa1,Android
8293fb64-7720-4998-a5ce-7191f9ed624e,Android
b8e22efd-7049-4af9-9298-5af9ac4c94a0,Android
8416bb7d-c3c2-4558-b769-76836fab20fe,iOS
6b52b469-d0d5-4b79-a19d-8f0643e6b93f,Android
a3ddd286-4f54-4744-afc8-d2e80710ca12,Android
3db51065-5e9f-4d1d-84a3-46b7775b9879,Android
7c7c675d-71a4-4be1-ad09-1db1439bbb6b,Android
985671f2-5c58-4e73-8a50-4efd7d75ebc1,iOS
78dcfddc-c9ed-4799-b6fb-dec675da77e4,Android
66bef3e5-f2e1-4e68-be3b-8a7e7187a593,iOS
4120dfb0-db14-4f93-8177-6b1277c1a308,iOS
e42f856e-f58d-4142-8b71-5c51889729ee,iOS
0086de08-ed81-4a5f-b42f-44f058462458,Android
d7533c33-94fa-49b1-aad7-5d48e7e2202d,Android
408147ba-363a-43fb-841e-f92d54164bf9,iOS
48e025c2-8744-4673-9321-bfbab5123217,Android
c338740e-c20b-4365-ae22-73c65ca58236,iOS
c48b0324-eb12-4b38-827a-1577dab03adf,Android
b6c9b3f9-e926-4f4e-921b-ab864173bd56,iOS
e024cb15-06c9-478c-a3d6-fe9c26976d38,iOS
f9dc276c-f72a-4254-b5ca-6447e18e071f,Android
41886a88-e988-4ae2-80cf-1a78035920b1,iOS
c5ecf9b0-13b9-413c-ba04-eb401a6fc274,Android
d6689fb5-706a-4216-b420-0c36bc25bca9,iOS
f28a6e7f-5921-4c6c-a92e-f2cdd7aa405d,Android
f76b280a-7df8-4a21-98c3-b638d1322796,iOS
ec3327a3-39de-41d2-ab91-057c34449929,Android
58999c2f-f542-421d-83d9-9758f0888388,Android
689a02bd-2e66-42ed-882d-60a5c8914f82,iOS
55b067c5-e696-434c-ae93-1515679f6c2d,Android
ac6d7f5f-e00e-47ae-a2ff-958a3a89728c,iOS
f9a9d90c-da5f-4088-84f6-5b810eaf360d,Android
eea6e5c9-a05a-482a-8a9b-d195fcbd0613,iOS
ba297e5d-78b7-4f43-a377-38f2116146ae,Android
5ef699db-3e20-4c7d-b8df-d600d9c4bdba,Android
57258ba4-250d-439e-b8cb-343b3ec135ef,Android
e5dfc51a-3e60-405d-840f-10786897727d,Android
2a41924d-5d8a-4cf6-9da6-9d0a8e13562a,Android
b415acfa-bae0-4c9a-abaa-76cae447ddfe,Android
c2df39e4-2b0e-45a9-b98c-5a09e241a63f,Android
9aab2a26-da3e-470e-a023-7b9f9be802cf,Android
d21ebdc6-f7ae-4410-a699-f74100e964c2,iOS
69e14d7c-d5d8-4275-bc34-a21532d53b27,Android
808e3b30-eda8-4ab6-89e1-5b5e77188375,Android
4639c2e0-fc8d-4c8d-b1e8-e695aebcdfdb,Android
5d4c8128-36c4-40b4-9b48-4379fe565052,Android
d98ba89b-5159-44c3-86d7-57f8e3bfef2f,iOS
cf5fd9b9-11b0-4c47-bf3f-c831a8a7295a,Android
77dea66d-bba1-4b1d-9d31-ba6952a0679c,iOS
0f7d14e3-5d28-4cdb-9a3a-067bf43e043f,iOS
cf0790f5-190a-4826-9e6a-4953fc641f45,iOS
c9492ee8-5a68-466b-8e42-8c581ee98ebe,Android
5f73a1c3-ca65-4843-9734-2fb1bcbef483,iOS
660725b6-ba2b-4b64-8384-5c4ee1028dca,iOS
a0569981-15e4-40ef-b541-31165fd239b3,Android
0610f3e9-db94-428a-b9a6-47acdf7edeab,iOS
a98b2ece-cbd1-4892-87d8-553c7ac1e9ee,iOS
11923678-e586-4c41-a317-e10a0cde6a1e,iOS
5db8261c-7380-41da-a9df-6d48b093c61f,iOS
eb2263c2-01cc-4bcc-b5ad-748031439042,Android
a5fe8f45-d7de-4965-bbad-7ab75fd2545b,iOS
433dd094-8021-4376-9ba4-32aaa17c9127,Android
286c5cc7-0637-43b4-bd10-536081a0347a,Android
1f227ee0-776e-4f02-97d0-0715052d1741,iOS
62b2157c-de7e-4599-9fec-8508e2c5c1b5,iOS
4660e4ad-a3c9-4400-8a4a-40a79f34e2ce,Android
a2e15069-24dc-458c-a565-1c0ac31fd5d6,Android
cd27d5f8-35c7-4cc0-ae8e-82c4ff06b7c2,iOS
3a222bdc-72b3-4465-8404-428506f94072,iOS
ff0185c1-6115-4943-ab32-efaec106b930,Android
ed6beea2-d9b5-4404-bff1-a62373603756,iOS
89a63552-be56-4670-a225-1053ee9f7a8c,iOS
aacfc3cb-50ea-4969-a39e-dd8d19daf437,Android
4f0e8dd5-e081-406a-be47-1cdaffd51c40,Android
47e2d8ac-4ee8-421b-bf3e-29c02ef86ee4,iOS
f5d7e91b-932e-4eec-b9ca-74edab794e17,Android
7ded0879-fb3a-403d-aa26-66071849c8de,iOS
fff960aa-ddf6-40ff-af82-d2a0a4d0933e,Android
d6a9b272-f9bd-4b18-8bac-6d0610a8a94d,Android
3063a619-e649-445e-86a6-01d6bdb5b9bb,Android
d7b2fce3-8725-4f01-ba5c-3bc5ace52615,Android
9f3d00d2-9949-4ce6-902f-357bf11963ca,Android
f1e174db-eb00-4f44-8015-cd2ad188929a,Android
2b23b5bd-51a1-49ab-bbd9-880e1f73437e,Android
b2bc7ad5-b9ac-4872-b680-50f627d08525,iOS
7d948d48-ead4-407f-96cf-9cfa1fa8ecf9,Android
bc96e08d-596e-4f68-963d-608d574cf1c3,Android
7820f0fa-7d6f-4cfe-8047-6203d9d384a3,Android
62796b50-1a70-4a74-b3de-2e3761c7f500,iOS
dde551ba-6e92-43f8-99ac-bfe853871219,Android
7f01456a-e7db-4e4a-ac42-4961739a0102,Android
9128bc4f-02ad-4f74-bba3-b10937ecd2ec,Android
801ee61f-4717-4b0d-af96-def9553d189c,Android
17e3ecae-92ac-4c84-b5cb-f6f5ccb73ace,iOS
bfb76bf4-51b3-45c4-91b0-d6a07e8d3850,iOS
543e2bfd-48ff-43eb-84db-48a6ba811057,iOS
e8bc54ab-5581-463b-8bc4-8a80333ab3d6,iOS
6b581c3d-ef31-4553-8fa0-7a9046f5e395,Android
6d02d542-614c-4419-ba62-6a1c857e501e,Android
449cb679-4ae4-4f3b-96f7-f81a9f5e2cd3,Android
edf511c4-bd4d-4db6-872b-fb8dc236cfe8,Android
4c0f856a-bb6e-4d06-9b50-bc8d83d07fd2,iOS
2b618538-6d14-494e-8653-5a51a648fe26,iOS
050e1f70-dd39-4f79-b592-3151d060403c,iOS
541fee83-8e0d-48fa-ab27-8b3b2d6b1af2,iOS
57cf8027-13b8-46c6-8dbc-3d569f24dd2d,Android
58c21f32-0b1c-4067-9df0-45e199950d03,iOS
ff4f5d08-2b29-4660-82b2-735c44ea9dbe,iOS
08d4fae2-4549-4283-bd19-f796b7b7ac10,iOS
edb1f407-83f9-4482-8132-d72d904747db,Android
1bd78ec7-c07a-4a9a-a8bf-605c8923236e,Android
213486f8-01f6-4126-9f41-6c9f18136ab1,Android
5117eba6-fe87-41d4-8eae-645516af32dd,Android
63561c55-bd2c-47bc-9979-2fe66e641c9c,Android
85398860-36c8-46b2-b674-4f6638449a73,iOS
f6481872-b860-441a-b56e-38a099706e40,Android
e15c5ab3-f298-46d2-964c-7692a263fde1,Android
4addca67-d671-4ae1-9bfc-e14f38f1fd90,Android
212db4a2-0f66-4821-8697-946f323dd908,Android
c82404fc-a188-4c9d-8af7-2ad96b222404,iOS
b72e7616-fafa-4506-a1f6-a4513b4bbc54,Android
351c1c78-ef54-456b-9509-0033675cee2b,iOS
9fde587d-e60c-4d3a-a45a-c51e1cbfd662,Android
0a3f27fd-1698-4120-b83a-fcca4f908864,iOS
2b824425-ec8c-43b6-8904-41323cbecc14,iOS
4120996d-7fbe-4cd4-8068-eabb464e06df,Android
0f4373ab-566b-4b9f-b414-2838dcd4b545,Android
c6303a24-8107-436c-9be6-0606c6008ebe,iOS
73a01269-ab99-41a2-b24d-993247180e30,Android
8d5cdb28-0457-4191-b8fd-a045d6d55977,Android
2204c62f-d4bc-49ad-b26a-c1b77ea640ed,iOS
db02cc9a-5796-4dc8-9e71-97af7f58ec1e,Android
7c00b35b-2c88-47e0-9a80-b323f0a821fb,Android
3a31ba10-ddfa-4300-baa9-a87088d6f5bf,Android
68dbe3fd-c479-4320-850b-a95c3cd9e500,iOS
9980ef55-fce9-4e6b-9b92-40c9b57eae96,iOS
b9a55059-d1eb-4b28-8887-97fd1954153e,Android
51517c58-d21b-4492-9070-448f886661e4,Android
77fb7f32-306c-4b83-bc9a-50f0f8051eb8,Android
9e8cb0bc-d226-4561-95e2-9bf7dbebebaa,iOS
74386de4-129f-4dde-80f5-1f33b59dff2c,Android
1bab12fa-1b14-47e6-917c-5589243a675e,Android
e7c23349-644a-45e8-9060-77e51d22b005,iOS
279b4620-b69f-49a6-8b3b-1fa4a8165b81,Android
ffee91be-372f-494f-96e1-722590e083d1,Android
81d728bc-15e2-4281-8ad9-c57d5a611336,iOS
a65a5caa-4b62-45aa-84ab-61820e747fda,Android
ccc3745a-16df-4eee-ab59-02a6cc117927,iOS
77ed9eac-8632-4ec1-af72-dea9f942bb95,Android
4f3cc6f0-dc18-44d1-8993-46a99f83b2af,Android
536852d1-db29-4ae4-b765-0bd1c9fa4ac9,Android
3f57d0f2-7f67-4857-845b-43487d8ee7d1,Android
b56af811-e92a-46bb-b254-7d108d139966,Android
285b4d85-4e91-4c5e-a1c5-f7210b75e25d,iOS
3b6b4337-2f86-4f64-8f18-e63aaf662b8d,Android
0639244e-01fc-4113-8a2f-a2025b20b30a,iOS
ca8119a9-978f-403d-b3b6-864b6d1c1695,iOS
7b9f7982-7e26-4b41-ad57-ae2035dd69c5,iOS
b37b776a-b665-4a3b-9550-848dfd4db3a3,Android
fb3edcee-5f4e-4066-96a9-6a999aa7729e,iOS
bd89978e-4a52-4f32-97c2-396e1b7d2359,iOS
f138ff14-b4c1-40ae-afe4-675ffa3631a1,iOS
1abe7e3d-0ee0-4943-95e7-bbbb1eb9ff7c,iOS
e4c079e5-ffa4-47c5-bbc3-34a0d754a826,Android
72e7a923-b07f-446e-a00d-f5118928ee0f,Android
3ab72264-1722-485c-ac91-d049b2aa9f00,iOS
b9ac72df-4caa-429a-a4a7-7f47583710ca,Android
ec62566c-a365-481a-b83d-32f7c9d59bd9,Android
cd3be172-9875-4db3-a3a5-4b6b3ba619c5,Android
6efd8857-6e2e-4760-8f41-8a0f80bb150f,Android
c880c63b-9911-4287-989d-7773a4927622,Android
474c3ecb-1124-49e3-ac26-d3e660fb265f,iOS
72f8d6bb-c6c3-44c2-bd58-5b646a118c49,Android
e4fe43c3-4d81-491d-a0ab-d8facf1e5f8f,Android
15a948a3-2b50-47a0-92df-1c3c4477412b,Android
1fe81365-64aa-44f7-b182-c4ab4dae2ab7,Android
4727e7ea-4588-4503-8db7-3a4eaa0d7e60,iOS
45d1ab38-8b88-45a8-8639-2567e57bf95a,Android
7f47446d-3cbb-48a0-8c8f-94e6438021d8,Android
efd1567f-3e47-4c43-a780-6c2af3c3606c,iOS
30a243eb-bf67-4789-bc95-f8954f14edc7,iOS
1705e732-1fd4-4bdc-aea2-03e1e1213ca4,Android
bc83f458-6479-43ee-abfc-b71d568af8cd,Android
12dd7d6d-3dd7-44e4-9fa8-2da6f7bfbe23,Android
e5c14511-0fd1-4c49-a778-24c3867f8d55,Android
5656a50e-cfe3-4134-b5e3-1bd7101f4337,Android
21a8d071-b243-4b8b-9a89-5bc0eb3284cd,iOS
eaeb9aab-18ff-411d-a1f9-fc2fa87dec14,iOS
7a64dfe4-7d79-48f2-9985-328a03501d8b,iOS
8a5a11fb-cab9-40d2-973f-e242a0c49021,iOS
aebec469-6be3-4b18-b4d2-46fe9bd19e0f,iOS
53fbd838-71e8-4708-a8a0-6ec32d15b0a3,Android
244636f0-f321-4418-8916-c762eeb97c78,Android
0815dfc4-0821-48b5-a52a-fe80c5972297,iOS
f64eb5e8-fdf3-41c8-8bc9-38c10694fa1e,iOS
dc69846c-776b-493a-bfe8-be8a5311a50f,iOS
9eee1f98-51dd-48f8-b11e-216b2df5a518,Android
874294c0-d2e2-490d-9a7e-3b92943eaf8a,iOS
c4e15185-ee54-46d0-83c0-30a731b4baee,iOS
f4d48009-00d8-4986-86b1-b546eb458bf1,Android
70a3eebf-570a-4c42-8c9a-ebf40fed9426,Android
7fb78d55-cbc6-4775-b966-1eb6af3a5c18,iOS
b3229c67-3460-41ed-8575-74046204306b,Android
a7e7f2dc-0dea-4347-9116-49ba708db811,iOS
2fa42c77-e46c-4082-bc8a-29449f607b64,Android
4f283ae0-e93e-466f-b6fa-ce683fd01c36,Android
e80fb74a-93cc-4caf-9756-e042907468e8,iOS
5a63e4ee-50ba-402f-8efc-5b4582279f91,Android
81d7fd44-1e35-4d02-944d-90f099af5315,iOS
dfd65b55-b9db-4c1e-8bb4-f545de795d43,iOS
bc2b1063-7db8-44b3-bf88-edd84f5e8412,iOS
63dde51f-2e1e-487f-87cf-77d6a4eb36c7,Android
db57c0b4-971b-416d-bc58-35a1e36cc5f6,iOS
6cc7695b-be85-4194-a582-cddd7a6f5f57,iOS
500bba50-2c77-4a45-90a6-f1dd3eec576b,iOS
1aa5d391-f5e7-455b-8dea-c61f882ce808,iOS
7e5f656b-cb05-466e-8229-b0ea39421ca9,Android
73227800-41e9-4e68-ad85-06ce1122e897,iOS
9cacb906-a2d6-4f8e-89fe-79ea5e3afef7,iOS
3e720ad9-2a1b-4ce9-82b9-116fdf617f48,Android
5f5f79d4-323d-4cbf-81e5-e9a1aff58a5f,Android
2f001ef3-479b-4573-bbc2-bdc48181aac7,Android
50875df1-1625-41c2-b2fb-93555fae2c00,Android
2e08527d-6e1d-49c0-9f96-e975b84436f3,iOS
b2eabe63-1ed7-4d2b-9c0a-ba3d718210e8,Android
b789ba1c-73d7-4b9e-89e3-15dc2e1ad2ad,Android
28d130ab-624d-44de-9fac-0acf03bd3399,iOS
8b794168-15f2-4468-aa81-49733a077f4b,Android
7deb365e-f360-4b3f-ad84-3e82d9e2ae3b,iOS
73ba56b7-8eb7-4246-a7f6-f70db5e3d730,Android
7b40d001-f4a9-483c-a87d-de077759509e,Android
c9ea01db-be23-4ef8-96a5-5b475ba1ab73,Android
c03395b3-05a0-49cf-b322-32f893c7b10c,Android
bec1bb71-894b-4102-bb16-247a5bdee292,Android
614a5aad-2f5c-4270-8c5d-ca24eb221157,iOS
5bb11504-6d91-4ad9-b959-40cabee39870,Android
b430c981-d221-47ac-b5dd-647d301f5bb5,iOS
cbf474f2-c762-4cfa-9d43-d017f0e69fcf,iOS
819544cb-f0b2-4cb4-8378-c434c0aec70d,Android
012194a7-6d33-4156-b26e-cdd93c3c5124,iOS
e32466f9-7b35-4309-9adf-166cea1c2e76,iOS
fbc233ed-3ac2-4b5c-8eff-5fc4835093ea,Android
9e5edc96-d73e-4d0a-b050-4ee2fda0bd5c,Android
2b46daa1-4229-4102-856b-cf5933755804,iOS
6b230713-bbcd-4dd2-942e-4c0f810fe70f,iOS
a8f8349d-6dcb-405e-b3e1-ac1eae9e45f6,iOS
9433976c-220e-4da1-9a45-8e8384737744,Android
2f75be32-af4f-41bb-8412-10e21b989a1d,iOS
5bea7ba6-886e-493b-9a7f-d4cceb855d59,Android
854fe124-4ba4-4e08-b208-369955fa81da,iOS
f614e36c-e47c-4cbb-bad8-7a20588c4af7,iOS
f5fde6f2-b707-401b-ac9a-abc91eb86750,Android
44a68a2a-437d-4b8b-9888-d59275ffc167,iOS
04fd2344-a569-4d74-81a4-04240541a6f9,Android
d9a34b96-a742-48c2-a1a9-c3fdc98b5f61,iOS
b38c3ac4-731c-47ce-b01c-d859c898e3f8,Android
4e85d010-0ad2-4d3d-8f4c-04e37c63a063,Android
33f3ec0c-85d5-4ad2-ad7b-451f53ca94f5,iOS
97b30fa1-9523-4858-8ee8-719a2ff656eb,iOS
88a0b77f-91a3-48b7-bbf1-6f2bcdf2191c,iOS
c31e64c9-aa85-4a6e-ab74-70d21f7eddcb,Android
1562f1e5-4f7d-4425-87ff-764f2c4ba504,Android
7db8f3b7-cda1-464f-9827-171250beadd9,Android
6dbed186-0405-45da-acee-a6746d9d90ce,Android
15a3fde8-146c-474a-ae64-6a1b0a48112c,iOS
423a3f8a-444c-4087-9c56-138051ea0620,iOS
e4d0f471-ebd4-43f6-af0b-5cb315294939,iOS
ffd3096d-766a-4ce6-a1cc-bc48f74e7bb4,iOS
64a3a7e4-95a6-4da7-9f7b-f445bf6f0716,iOS
cf987f20-c785-473a-a790-fe12d50c9003,Android
1e958f91-c0ae-4a40-abef-d73f256d8731,Android
47d396a0-644d-4228-87de-0ef8b93202f8,Android
860d4b25-089d-45e5-9f3b-d61ea6d5e0f0,iOS
05b24870-b147-446c-9c06-c02a1bc5d1c9,Android
554f7ef1-343a-4c54-85a1-590e9c184d35,Android
eb6f3bc6-abbc-4ade-a7db-4bf45b1c5533,Android
2dc0c115-94ab-478c-84a6-b19ab5283bf6,iOS
dd88f1c8-25ee-4465-a7e6-eee7dae6539f,iOS
9af86c45-316e-4c93-9f4c-4659b9f77228,iOS
eed0dfaa-d42d-4733-8edc-4e406a4b1d38,iOS
bce38dbd-5956-4646-b872-426e66e5fd5d,Android
57a7e318-96ef-4369-a613-86a0c31771f0,iOS
e778210e-dc5c-4df0-a2a5-33772c2db738,iOS
59fa7aa7-bde1-4907-896c-73cbd4c9788c,Android
1a6625ac-eaef-4565-a81c-7ac41a4f3ed0,Android
c6fa6c07-27dd-4af0-a037-b12f9448ae0a,Android
8243a253-e597-4e10-8631-4a0184546bbd,Android
f222e6f1-2200-437e-8d29-22800adeaeb1,iOS
38271075-c097-4e3a-918b-0ea6cd216f90,iOS
ba4933b9-ccd6-4619-8a2d-0760082437ff,iOS
3c4a0e57-293e-4f6e-961c-be54d491bdc6,Android
219ff839-b844-4002-ba1a-16e28c2b1926,Android
c984302f-1e1b-4a1e-8c03-fdb09a3a1125,iOS
f417ac54-3082-433a-97a0-e5307a09e45a,Android
fb9fc1f7-d002-4dd0-a52f-277e901e1444,iOS
c5c4a021-26ba-40bd-b59e-fd6dfaafdb08,Android
b596a49e-0603-4491-9636-01e609d9b754,iOS
c081687a-4c04-443f-8245-66a2d9028ef4,iOS
baab9b8d-f8f8-45b6-a62f-35b3ade8d01e,Android
bad4354e-7735-4bd7-8e9f-017c74e54396,Android
dbafdf80-4bca-4ee1-96b9-2104fab0640a,Android
710aa011-6b2c-4785-881d-a52ee8b0a8be,iOS
56b64cbf-62da-4d18-a3b9-fd64c5f55f98,iOS
c97e56c3-407b-4749-9686-5c1c35642fe2,iOS
6f3b017a-5db4-4b14-9167-442f157eec2e,Android
0381b31c-1d4c-492b-8070-f1a1b31a9425,Android
9bef8127-93d2-47df-97b4-374029e4111d,Android
6605cc5a-a09a-4597-bdc1-9a7eec56badb,iOS
ecbbbddf-f161-4ab1-b795-5ad9f424b532,Android
1dec6074-c700-4e30-ab6f-5f5bd4e36d5d,Android
6b91d0c0-0113-4661-b1fe-ff2e3d4a7afa,Android
2f5e2a0f-4fea-4715-ad1d-42092b048b07,iOS
b860a1f2-55fb-4fde-a3f5-3280eb38a25b,Android
da7f8e52-e38f-4a83-b03a-a01cbedb7329,Android
20a6d1ec-be6b-4395-8c04-cb5477af0e81,Android
7179ba17-aa66-409b-a9c4-93ba5c3c35ac,Android
656cfd08-4408-41ee-b4af-aacf2c899c10,iOS
cf88fa79-1543-40ff-9e2d-df8a7d0c69f7,Android
f9a4f081-2a2e-4526-812b-46e93b738fef,Android
3bdbc536-b062-4510-ae29-32fb1b5a28c6,iOS
e9d8ae4a-eb5d-43f4-8146-4b728d15c1e2,iOS
4e65f916-d9b8-4cfe-b446-e95a8d410a1c,iOS
0f4f5dcb-92f3-496c-8a14-b3cc1806d116,Android
3e206432-c566-49ee-aefa-61ab319e25c3,iOS
3fbd7fbc-9c19-4832-a083-6efbd2def7e1,Android
9254d17b-4c58-491a-a8eb-f77c075e7258,iOS
f730b310-ab34-4e82-b8d5-67a6218eac3d,Android
07496f5e-f42c-4cdb-bd6a-55938d4b8140,iOS
2a50ac64-154e-4e25-8216-402615f2ed22,iOS
1127c076-70ff-411d-aaff-aa6b82cb1459,Android
8a7f5f4c-d156-4be5-b181-3c7b9b243872,Android
e6bb2307-5b11-48a8-9147-d7680814d0b8,iOS
95306f4a-111b-4b91-a76a-2d1ecf6e9b5f,iOS
8cb36897-79bb-4937-a224-f770273a220d,iOS
ba2000da-5dcd-4dfc-b888-4c64167f42f3,Android
d721c17e-167c-4e42-99b2-bb6260bb2b09,Android
f437f61c-ab2f-4c0c-bb9e-97c007cd4c4b,Android
8fa41b29-8c64-478b-ab43-88098846a6ef,Android
096a2269-5272-445b-a235-1d053758a849,Android
74594dc2-5cd5-4a0c-babd-aae7186c618e,iOS
a46a21fa-6c23-49b9-bead-7b7dc1cde0f3,Android
491500b2-3524-470f-bead-64fa90dd4312,Android
9593c5f7-5020-4d97-a75d-352c0b8c5623,iOS
89480f6e-de47-4f62-bc2e-b149825b478e,iOS
2b41b8fb-4a53-4d77-ba78-7aa5d1cec73e,iOS
18762e75-b2cb-4408-a1d5-7b84acd75c53,iOS
a64f418d-c8ca-4744-934a-a0d41cb3f8b9,Android
cabecb88-8d1e-4eca-8f91-e3a0a636f366,Android
91603429-4512-4a86-9876-cd4d9d2d00d3,Android
68433d95-9684-4f2f-8850-f8eb1c04bd76,Android
99e5dcab-8194-45f0-95fa-9a49992328a0,Android
460b24c0-f281-4919-b4a5-8901e3cbb75f,Android
b5f93156-8983-4f28-a524-ff43db9e36b1,iOS
041c6d6e-6594-44c8-814d-b7025f37575c,iOS
bc00082f-53bc-466f-b2a9-3d1d40139759,Android
17e612f6-ee1d-4e09-b095-a5699216af7b,iOS
b8f24fff-6d80-4014-be86-00a3954699d8,iOS
077f723a-8d87-4747-b518-1537d4cbfc1b,Android
ae8fa7ac-d32a-40b6-a130-c7e86779d179,Android
25dc0c01-32d0-474e-9f73-ce5122947b90,iOS
acdd124d-423d-4a65-9adb-341866b67442,Android
ff933183-cdde-4a0b-946a-31163e87a3da,Android
a25ae99d-ea33-465e-8755-b0e478c576da,iOS
0e398244-9328-4d4f-90a8-4ae456931987,iOS
c60f7654-c4cc-470b-af2d-50995d6e84a2,Android
e18bf916-75ad-4570-80c3-a91db3380e9a,iOS
8d1d156c-91f8-4f73-acd1-f53efd39eb5f,iOS
8a38bc0b-248c-43ed-9181-e837bccaaa52,Android
10835aae-7510-415d-a9cb-7488fc4ba290,Android
34e12714-4c48-4497-8ec9-6c944710b5e9,iOS
762acc59-a3ed-4553-b9e6-02139e4690c4,iOS
2b3cc7aa-0cf7-4056-b6cf-23223d62d1ad,iOS
9ad1175f-deb1-46b1-8068-7e14e9eaa80a,Android
ea7f51e9-0733-4a03-8736-251360a96449,iOS
b06cd5a9-b32a-4f52-abc1-a7364584cfc3,Android
30d82601-cf6d-4984-baaa-da611fcc54db,Android
d7f52587-c120-41fc-a25d-3337be4cd9e0,iOS
adfc38d8-1afd-49ec-bea7-6bfce24adb52,Android
31a3dda1-6362-4834-b301-b1025d2a2912,Android
d0e3462b-3c81-4562-b05a-75c40d2f57c5,Android
aa864a43-b6a2-4abc-81eb-20ea371e3e1d,iOS
6de8b881-4381-488d-9bb9-bd6cad8e4515,Android
90136a0c-236f-499f-b5df-a53846bdbdd9,Android
48748c5f-3be9-468e-b88c-c72f6ff1f480,Android
bbf0ad29-0965-40c2-90f7-0a07e6c2f61b,iOS
0d062bcd-a036-4cba-9f0b-cf972b4ca526,Android
3fecd022-d476-4432-aa06-c2b29fe1448d,iOS
f4aa1eca-8385-4e0a-826f-eeefc26f3df9,iOS
70ce9745-9557-4342-a0c5-779f08fd843c,Android
7c95d3d5-f8af-4171-b0a8-b86b88823027,Android
1103b61c-42da-4461-bf28-f168daeabbd1,Android
67fa56ba-4936-4f13-b1d8-90e9238a066e,Android
1b644398-0492-4728-ac20-d2f26c3e19c4,Android
6fb60371-8b2a-4533-b7a7-bdbc67eb51ae,iOS
41f8c570-437f-4c56-a5ae-a82aecdcd02f,Android
b172fe25-fc54-4456-9096-ba96c0ef0b86,iOS
e9af4ad9-0f5a-48fb-970d-f59801e9ae49,iOS
998927f5-5f7f-4c69-a057-1d49f96c5d33,Android
e905241d-ddf9-4ac8-bd1a-31512401496b,Android
452bcabe-5526-4cba-bbb5-7c573a82caa3,Android
79081aa9-a290-4b71-8149-872e4ed068ed,Android
1e57f4fa-e1b8-496f-a712-a881bd63d7ab,iOS
9e9b87cb-3734-4b05-9ee2-50c1cde9a807,iOS
7ef75528-db37-430d-88f1-9be9efa39a25,Android
449062ee-914a-4f06-b8f0-b541c9bc58e3,iOS
c5e9de24-d29a-45c8-9346-cfaab1096ecb,iOS
744d0e08-d1aa-473e-bddc-da1a255328f0,Android
4a4ffc4a-627a-4941-9568-8a0c8409ff14,iOS
e785631b-f1a2-49e0-a028-4915307226ea,iOS
28247df6-7417-41f2-943d-e80eb157cd34,Android
aa91cd75-b232-4287-8421-75ebc6f90d79,Android
5d985b0d-9511-4b76-a184-3bb3e93585bb,Android
7546ff35-8867-4ab6-88a1-7992b8cf9f76,Android
19db676d-fcab-4a4a-8965-b6cffb50e87e,Android
df459094-1e9d-4a9c-901b-3c35bb32e6ae,Android
40c2c8a8-d698-4150-a305-09a8f3ba12e1,Android
764bd4f9-5982-4037-a7d9-54058014e3e0,iOS
672b246f-eb6e-48cd-9cd8-fb2f5cfba9de,iOS
5fe58a2f-bb59-4708-9c18-1c480f252bc8,Android
4621ce5e-0dc2-4e31-9738-1edc4db86399,Android
c3d25406-af7a-4c31-ad7f-c7c826238285,Android
12eb3286-ea3f-4e10-95a8-186eedf77bc3,Android
16282bae-7201-47ea-8d11-ab228614fbdc,Android
baaf7e8c-0412-4ab9-874d-6af5b3f8fac6,Android
c291b01a-c207-498c-b68f-03d1b05c4634,Android
e61980c4-1eba-4b29-828d-890312d0e61c,iOS
81fbb671-5f31-4d47-9fef-5ea2a429dbf4,Android
735753e6-3fa9-4a87-8cd4-4a7da54b29f2,iOS
54e346cc-b34b-4e2d-8c1b-20fe63a4112e,Android
72c29ec4-7197-453d-83d0-80e308784699,Android
5f65e449-a3fc-4164-b6db-838e0e56656d,Android
6769b80d-5f40-41df-86de-3ff7b595c508,Android
efa9cf94-f809-4e62-aca9-954a631fad7f,Android
3bab907c-f1b9-4468-9f5b-460cc29881af,iOS
b52e8792-8109-49fa-9526-e1cbb2991d7b,iOS
e0f12b9c-6cff-4b3e-976c-fbb6bbc56689,Android
546f2595-f800-4e19-b5ec-e0150d8a02c3,Android
317a6065-4106-45a1-81e8-0c6b28e3a513,Android
3bece8ee-51f5-429b-a9cc-92914fb71a32,iOS
bf943df4-2873-4c25-b0df-87e4674ee443,Android
89e8e5fa-f448-4370-a678-241a8dbbde22,Android
73d79944-76aa-4c34-85f4-581ff8e46924,Android
6e1bab0b-1c8f-46c1-a1cf-5995399a616f,Android
e5cba14e-5951-469c-9516-c0eeb589b162,Android
5ca06bca-26fe-417d-a6fd-696e9be0ee50,Android
4a13cbc7-2ae4-4f86-8651-ec0d8bfb4fda,Android
3d1e49e3-6ad5-4138-b407-a237219c514f,Android
3984039f-86b6-4500-8a4d-42bba58e101f,iOS
ad65544c-d4a8-4624-85a0-d7ce2ae2d5aa,Android
643e7fcf-f93c-48ed-becc-b24d8836ea74,iOS
a48d11b9-eb80-4173-b2db-b470c85a93c6,iOS
060a7282-4267-46a3-aa92-f8db2a756122,Android
c6be0173-a770-4db3-890e-9f6dbd12e79d,iOS
557e7b71-20ba-4eb5-aa2d-11cf5dab7136,Android
2c9ddc0d-de22-434e-ab05-f561c30b1432,Android
736fbab1-ee75-4440-9704-9512538ce459,Android
6668c70d-69c9-46c1-bef0-a73714db2279,Android
5f5d3d18-4ba7-4752-8285-23ea0d255a99,iOS
8e942785-c07d-476b-8f3f-4d8019c03002,Android
0676c53d-142e-42b9-8144-8d60db689f12,iOS
77287e91-920f-45fa-a254-beb0a359dbf7,Android
3bc444c7-3062-4be1-9287-53194695d6ba,Android
3e1f3a02-f0dc-4ea4-823b-9c569fde5dfc,iOS
8962735c-17a0-43bc-ab08-b4b40de57588,Android
f73ed85a-a860-4203-bffd-8cc2ef9539c9,Android
4e57b7c3-4432-4e09-ba3f-17fd7d411262,Android
644bbd82-1e57-4064-b559-ebc9ab462f48,Android
78c6c8d7-c3c1-4e5b-8d2c-8f00826a71d0,iOS
13571c24-3d90-419b-a7d6-ecf49b21c1f0,Android
6ef1b011-485b-4fe8-9290-713a95cb0d85,Android
12ad70c8-2547-426d-829d-94eac8d8bcde,Android
0e2caf4d-4caa-46d5-a8f2-03aca048eb99,iOS
33630b88-5f8e-4a22-a813-039301449041,Android
305cb554-8bbf-48b6-ada8-4c835a09b7cb,iOS
4c109d06-4d0e-4805-a645-dee6fe452885,iOS
1ff4dea6-e4b7-4fc9-b65c-fc19829aa8e3,Android
a4f4279e-d493-4d51-8e7d-2d03e1f84853,Android
15a34e58-bde2-476a-80b3-f5120f96e8dd,Android
ed9626ee-1f76-4fc1-8459-736e77c698be,Android
062aa6f1-409f-4320-a099-009ace3ccea9,Android
3c39a2c1-a073-4d34-8510-581f960d3014,iOS
9df7ce24-ff34-4a1c-97e2-211caf92b2f1,Android
579c8414-c615-43ba-a85b-83010753a900,iOS
ff8e9cad-2389-475d-882c-a91e72e1f715,Android
1e1033f5-fafa-4f08-b32a-a928fb6f93e4,iOS
34477dab-a254-4b1e-b48c-edd06d8523cb,iOS
4283564b-f624-4078-8f03-0fcf0c360ba6,Android
c9e353f8-7ae9-4515-a29b-17912684bbe3,iOS
3c82bbaa-375f-4cdc-bce0-d88852c4a2f7,iOS
51e1d951-f838-4829-a935-864343eeb6aa,Android
bcec25e2-8ac2-4b1a-b851-d91e0a478266,iOS
58e48a23-a60c-42d8-aca4-e574495cd3a9,iOS
8593e624-36c5-4da1-9521-fc5bb2ec1a44,iOS
39ea6d91-4737-4352-bf42-d9737c9a7739,Android
49772cdf-2af5-4aeb-afc3-a65fc8873e57,Android
f5eaea6a-0083-4ad3-a823-9a6d4d5ef16a,Android
826d1e2d-7f21-497a-a459-8a6d0fcb0ff9,Android
530e03d5-3828-4a25-802f-5bbe9be3c413,iOS
08497153-6118-4c7d-b020-f7d26dc03cde,Android
9d90deff-b1ac-4f42-ae64-afec1cbca882,iOS
15fed6ac-f011-4d84-8361-fd002c7b8576,Android
2ba26085-121e-4875-8999-506b54aef76a,Android
de3c1383-bc25-4802-be7e-37127ffac715,Android
c80b43b4-6908-4e7e-b1d1-240acdf91a73,iOS
42afdbef-b417-4d88-8ab8-b8b90f91426b,iOS
934e6e91-d0b7-4161-823e-73f6c2735db1,Android
bcc925b5-9e3a-40ed-9c20-2e1eebd12d8b,iOS
5a1ccf17-bdf3-4a9d-a526-755419d6cf1d,Android
94204680-6ccf-4f3b-84fc-5c9097366587,Android
db702cdb-28b0-45b1-80e6-d4b3ef87e96b,Android
e10d3b34-e66f-401b-8120-c1cdf34557c3,iOS
5c19eeb8-baad-49f1-ac6a-26db51836f63,Android
73f4d1dd-0e1d-4239-8b36-08b9c16b56d6,Android
61311980-b2d2-42a3-bbe9-95a760063792,Android
832008f5-3595-4a79-804b-fbe0d6d89929,iOS
e9982c5d-a960-486c-b808-be656e8b31de,iOS
9a4a92eb-8a02-4598-904a-36d3471fced0,iOS
7eb1e6fe-696a-471a-9519-74e561a5d282,iOS
70d44eaa-c5c0-4271-bca1-db0aa2395b62,Android
8b263f20-312e-4eed-bdc0-114b750a4bb9,Android
996eb4d7-9122-4d2e-a4e0-0cd1ae713fbd,iOS
bd0eda62-da25-4298-bcf2-e23e43cbfa3c,Android
135842a2-b609-4031-ab0f-4473a0089831,iOS
30f0d1f9-da37-443d-826a-3f9ae337f3f8,iOS
dff07bd4-103a-47c3-9fe9-544ee5246451,iOS
250d56d7-5314-49da-90d7-544fccf1e14c,iOS
66538465-8b0a-426d-8159-3589448f362b,Android
70bce819-b3f2-4e48-b435-d1033c1752d7,iOS
6157a6a7-2123-496d-ae87-d4dedb6d0e0b,Android
e0ca59ac-42c5-4c7c-ad40-2ff7402e84be,Android
abb738c6-9e02-4ede-a1b7-daa3f169d564,Android
960777e5-2810-43cf-8d21-63952ca492fe,iOS
e49eff30-6295-4ddd-b5f5-9d398811192f,iOS
f44e9db8-7026-450f-9400-d4094c8660c9,iOS
ac5cf5bc-911e-4546-bb8d-295ada5ef9ed,Android
47087129-eb96-4439-bad4-c66a08ce1763,iOS
bdbcef21-7b57-4bc9-97b0-2d704fffebfe,Android
6f5447ff-a9b8-43e4-a740-8518f69680ec,Android
5505b4b2-a723-421f-9521-87f300f245d7,Android
8f534a96-3006-4f26-b958-daef017e54a8,Android
95ca0ad9-70ac-496b-8ddc-fc50ec000ccf,iOS
14634377-8649-4f88-8f0b-948e9999006d,Android
5c9c1a56-dc01-438c-9e49-781762c04516,Android
f0da9f91-cdd6-47ca-9295-13aad4f6c43e,Android
8014fb0b-24ee-47ab-b8a9-b178ae530d9d,Android
2b1390d4-dbd3-493b-869b-657420b0e3bf,Android
ed07a847-259f-48dc-aeb3-9ce7b417f6bf,iOS
95aad4be-90ea-47d7-b8d8-a08b68fe3c4b,iOS
56e4711d-5dac-4570-8b82-a52f359dc6a6,iOS
3a877474-5e04-479e-8a8b-e96cff8d8d7d,iOS
0ebdaef6-63c1-48b8-99ad-2c509223d410,iOS
dc18b6f9-63f8-4831-bf40-0c7d062e2830,Android
d0e72142-96d5-4592-ac8a-69573e73e82b,Android
a220748f-7fbf-4786-ab0a-649febf41305,Android
31f03373-acdf-40ae-85ff-efd1adec9248,Android
98d3872b-993f-4843-b549-9682de4ca5b4,Android
3b24b62b-cceb-4b7e-a042-9da87abe839f,iOS
b34bc5a7-d7c4-4367-b4d0-26e7292e9aea,iOS
73b0f503-91be-4a87-9a9f-871261a4fe4f,Android
8241fc50-c8a9-446b-8dc8-0c03f9b2face,iOS
4eec6f3c-c6d8-424a-a516-25efbccf4fb1,iOS
689d18d8-8d68-40d6-a6d1-469655bb8c6d,iOS
990da26b-91af-4055-b9a6-8bb3d89803b8,iOS
96bed430-b38a-4a55-b8a5-63585e9816f7,Android
cb531a58-7410-4e6c-9b8f-76ec84a0f706,Android
3c6f2a3c-5984-4815-8374-7326ba7aedb6,Android
a9097ea1-b073-4298-93b2-ea89eade83cf,Android
4503e0cf-1f7c-4eba-a58d-bc5ac3533b3f,iOS
1ea525e8-8591-47c0-a5cf-8926e80c5ae8,iOS
15064deb-d10f-4341-8fd2-26ac9d0c9f32,iOS
7001bf3c-e6d8-40de-8f3d-d2d112e218c8,iOS
8f964469-5515-45e6-9222-c148bdfd78c3,Android
4cfff930-0f63-467f-b1b7-9b1c24148726,Android
fee5d0ca-801b-4a15-aaf8-073cca09eedf,Android
0e177308-4773-4cb2-9a70-87a0df71c931,iOS
14ec4048-2f6b-4721-b508-a6f94bbdf531,Android
1f9135eb-d03e-4502-9e64-17426b1c79bc,Android
49d4bf44-eac5-4126-85cd-eda8bccebc2d,Android
478496c2-1735-4437-ab75-adff15067067,Android
12a89103-4a58-4f2b-b3dc-ba3020302099,Android
26dc3138-b94a-4611-9ca0-385945577317,Android
9dfd6d6e-3ca4-4631-acad-1b3294f41050,Android
76032f5f-d671-42d9-8432-9eccf914e94d,iOS
00a83fb8-e1d0-4c0e-99a7-f95edbed974f,Android
229af987-b8be-4d0d-b95b-8e2414941a1b,iOS
a46e649c-ad4b-4081-80a4-325d62c41e35,iOS
3a263384-037a-4b4f-9b86-ac4839c9c1d6,Android
0c8e1aea-3147-46a8-bcd0-62a1228263f4,Android
e870dad6-d16f-4477-97b5-9cbba0030ca7,iOS
aadd2dd0-841e-43fc-9697-cfb635799719,Android
368d3e9f-920c-43e2-b546-9308a30b8748,iOS
d792be1c-7ce5-4085-bfa5-1026680e304c,Android
7b5ed8df-ce03-4ec3-8251-d7927690101b,Android
eb402dfb-e16d-4278-a77e-813e76b3774c,Android
f3f76cbf-ac95-4ee1-a33b-06df3f71e92c,Android
5be05506-0700-4294-903a-e34a20c1f741,iOS
03b6fbab-1568-47e6-a728-30cb87c3783d,Android
b6993345-4495-4019-b719-94b85a3a1c77,iOS
3c1f006d-0094-4f04-807f-3bbc62d68b37,Android
27aa00c4-ff0d-43c0-b454-77d1c0cfe160,Android
c439f06d-1285-45c7-9da2-10022bf00dee,Android
74922697-d6f7-48ad-80b8-a69d293120e8,iOS
35f5fc3c-2b74-434c-8650-09e3ebfe5aca,iOS
e71c156a-e0ee-4508-a072-d4e3e7a5e3c3,iOS
bbea91f7-5c54-4f6b-b07d-077ad582882d,Android
31015ddf-ecb6-462c-889e-f27799774520,Android
93ed5a3b-faa8-45d7-bdfa-cce9bb21c9a7,iOS
94b1a129-951e-4491-8b39-3cd2ad5cb66f,Android
397043bd-fa56-4f1b-886c-4f695a915552,Android
edc35c38-ee97-4193-bdfe-ac6ea8f5910a,iOS
a5548157-54ee-4aeb-b574-3451d0a85497,Android
5b304863-8af2-4c93-9015-dc4fc0ab75ab,Android
22b7c36b-2ec7-4f0b-9ea3-d8558ef9394d,Android
69d97a0f-d5bd-4389-9fc6-45b23b67447b,iOS
679cbb40-e604-43ec-9ce4-7c59329e4ae9,iOS
