id,data
1,"{'марка': 'Lada', 'модель': 'Granta', 'тариф': 'эконом', 'аренда': 1550}"
2,"{'марка': 'Daewoo', 'модель': 'Matiz', 'тариф': 'эконом', 'аренда': 1450}"
3,"{'марка': 'Chevrolet', 'модель': 'Spark', 'тариф': 'эконом', 'аренда': 1550}"
4,"{'марка': 'Mitsubishi', 'модель': 'Outlander', 'тариф': 'комфорт+', 'аренда': 3250}"
5,"{'марка': 'Volkswagen', 'модель': 'Passat', 'тариф': 'комфорт+', 'аренда': 2600}"
6,"{'марка': 'Fiat', 'модель': 'Panda', 'тариф': 'эконом', 'аренда': 1750}"
7,"{'марка': 'Daewoo', 'модель': 'Matiz', 'тариф': 'эконом', 'аренда': 1750}"
8,"{'марка': 'Volkswagen', 'модель': 'Passat', 'тариф': 'комфорт+', 'аренда': 2500}"
9,"{'марка': 'Fiat', 'модель': 'Panda', 'тариф': 'эконом', 'аренда': 1550}"
10,"{'марка': 'Hyundai', 'модель': 'Elantra', 'тариф': 'комфорт', 'аренда': 2050}"
11,"{'марка': 'Hyundai', 'модель': 'Elantra', 'тариф': 'комфорт', 'аренда': 2050}"
12,"{'марка': 'Chery', 'модель': 'Tiggo 4', 'тариф': 'комфорт', 'аренда': 1700}"
13,"{'марка': 'Datsun', 'модель': 'on-DO', 'тариф': 'эконом', 'аренда': 1800}"
14,"{'марка': 'Honda', 'модель': 'Accord', 'тариф': 'комфорт+', 'аренда': 2500}"
15,"{'марка': 'Ford', 'модель': 'Mondeo', 'тариф': 'комфорт+', 'аренда': 2250}"
16,"{'марка': 'Kia', 'модель': 'Rio', 'тариф': 'эконом', 'аренда': 1600}"
17,"{'марка': 'Chevrolet', 'модель': 'Spark', 'тариф': 'эконом', 'аренда': 1350}"
18,"{'марка': 'Hyundai', 'модель': 'Solaris', 'тариф': 'эконом', 'аренда': 1300}"
19,"{'марка': 'Nissan', 'модель': 'Qashqai', 'тариф': 'комфорт+', 'аренда': 3100}"
20,"{'марка': 'Subaru', 'модель': 'Outback', 'тариф': 'комфорт+', 'аренда': 3200}"
21,"{'марка': 'Fiat', 'модель': 'Panda', 'тариф': 'эконом', 'аренда': 1600}"
22,"{'марка': 'Kia', 'модель': 'Rio', 'тариф': 'эконом', 'аренда': 1550}"
23,"{'марка': 'Citroen', 'модель': 'C4', 'тариф': 'комфорт', 'аренда': 2100}"
24,"{'марка': 'Skoda', 'модель': 'Octavia', 'тариф': 'комфорт+', 'аренда': 2100}"
25,"{'марка': 'Daewoo', 'модель': 'Matiz', 'тариф': 'эконом', 'аренда': 1500}"
26,"{'марка': 'Renault', 'модель': 'Logan', 'тариф': 'эконом', 'аренда': 1250}"
27,"{'марка': 'Peugeot', 'модель': '508', 'тариф': 'комфорт+', 'аренда': 2050}"
28,"{'марка': 'Chevrolet', 'модель': 'Spark', 'тариф': 'эконом', 'аренда': 1350}"
29,"{'марка': 'Lada', 'модель': 'Granta', 'тариф': 'эконом', 'аренда': 1200}"
30,"{'марка': 'Nissan', 'модель': 'Qashqai', 'тариф': 'комфорт+', 'аренда': 2550}"
31,"{'марка': 'Chery', 'модель': 'Tiggo 2', 'тариф': 'эконом', 'аренда': 1200}"
32,"{'марка': 'Datsun', 'модель': 'on-DO', 'тариф': 'эконом', 'аренда': 1700}"
33,"{'марка': 'Lada', 'модель': 'Granta', 'тариф': 'эконом', 'аренда': 1450}"
34,"{'марка': 'Kia', 'модель': 'Rio', 'тариф': 'эконом', 'аренда': 1500}"
35,"{'марка': 'Datsun', 'модель': 'on-DO', 'тариф': 'эконом', 'аренда': 1750}"
36,"{'марка': 'Kia', 'модель': 'Rio', 'тариф': 'эконом', 'аренда': 1750}"
37,"{'марка': 'Geely', 'модель': 'Emgrand', 'тариф': 'комфорт', 'аренда': 1950}"
38,"{'марка': 'Fiat', 'модель': 'Panda', 'тариф': 'эконом', 'аренда': 1800}"
39,"{'марка': 'Skoda', 'модель': 'Rapid', 'тариф': 'комфорт', 'аренда': 2300}"
40,"{'марка': 'Geely', 'модель': 'MK', 'тариф': 'эконом', 'аренда': 1300}"
41,"{'марка': 'Lada', 'модель': 'Granta', 'тариф': 'эконом', 'аренда': 1250}"
42,"{'марка': 'Chery', 'модель': 'Tiggo 4', 'тариф': 'комфорт', 'аренда': 1900}"
43,"{'марка': 'Volkswagen', 'модель': 'Passat', 'тариф': 'комфорт+', 'аренда': 2400}"
44,"{'марка': 'Hyundai', 'модель': 'Solaris', 'тариф': 'эконом', 'аренда': 1600}"
45,"{'марка': 'Mitsubishi', 'модель': 'Outlander', 'тариф': 'комфорт+', 'аренда': 2400}"
46,"{'марка': 'Chevrolet', 'модель': 'Spark', 'тариф': 'эконом', 'аренда': 1600}"
47,"{'марка': 'Chery', 'модель': 'Tiggo 7', 'тариф': 'комфорт+', 'аренда': 3500}"
48,"{'марка': 'Suzuki', 'модель': 'Alto', 'тариф': 'эконом', 'аренда': 1250}"
49,"{'марка': 'Geely', 'модель': 'MK', 'тариф': 'эконом', 'аренда': 1450}"
50,"{'марка': 'Geely', 'модель': 'MK', 'тариф': 'эконом', 'аренда': 1300}"
51,"{'марка': 'Chery', 'модель': 'Tiggo 2', 'тариф': 'эконом', 'аренда': 1700}"
52,"{'марка': 'Hyundai', 'модель': 'Solaris', 'тариф': 'эконом', 'аренда': 1350}"
53,"{'марка': 'Lada', 'модель': 'Granta', 'тариф': 'эконом', 'аренда': 1500}"
54,"{'марка': 'Nissan', 'модель': 'Qashqai', 'тариф': 'комфорт+', 'аренда': 2450}"
55,"{'марка': 'Fiat', 'модель': 'Panda', 'тариф': 'эконом', 'аренда': 1700}"
56,"{'марка': 'Daewoo', 'модель': 'Matiz', 'тариф': 'эконом', 'аренда': 1450}"
57,"{'марка': 'Chevrolet', 'модель': 'Spark', 'тариф': 'эконом', 'аренда': 1550}"
58,"{'марка': 'Hyundai', 'модель': 'Elantra', 'тариф': 'комфорт', 'аренда': 1950}"
59,"{'марка': 'Mitsubishi', 'модель': 'Outlander', 'тариф': 'комфорт+', 'аренда': 2550}"
60,"{'марка': 'Chery', 'модель': 'Tiggo 2', 'тариф': 'эконом', 'аренда': 1650}"
61,"{'марка': 'Citroen', 'модель': 'C4', 'тариф': 'комфорт', 'аренда': 1900}"
62,"{'марка': 'Datsun', 'модель': 'on-DO', 'тариф': 'эконом', 'аренда': 1450}"
63,"{'марка': 'Chery', 'модель': 'Tiggo 7', 'тариф': 'комфорт+', 'аренда': 2600}"
64,"{'марка': 'Peugeot', 'модель': '508', 'тариф': 'комфорт+', 'аренда': 2000}"
65,"{'марка': 'Citroen', 'модель': 'C4', 'тариф': 'комфорт', 'аренда': 2300}"
66,"{'марка': 'Geely', 'модель': 'MK', 'тариф': 'эконом', 'аренда': 1200}"
67,"{'марка': 'Datsun', 'модель': 'on-DO', 'тариф': 'эконом', 'аренда': 1450}"
68,"{'марка': 'Chery', 'модель': 'Tiggo 7', 'тариф': 'комфорт+', 'аренда': 3150}"
69,"{'марка': 'Toyota', 'модель': 'Corolla', 'тариф': 'комфорт', 'аренда': 1750}"
70,"{'марка': 'Kia', 'модель': 'Rio', 'тариф': 'эконом', 'аренда': 1450}"
71,"{'марка': 'Chevrolet', 'модель': 'Spark', 'тариф': 'эконом', 'аренда': 1450}"
72,"{'марка': 'Suzuki', 'модель': 'Alto', 'тариф': 'эконом', 'аренда': 1500}"
73,"{'марка': 'Lada', 'модель': 'Granta', 'тариф': 'эконом', 'аренда': 1550}"
74,"{'марка': 'Geely', 'модель': 'Atlas', 'тариф': 'комфорт+', 'аренда': 2200}"
75,"{'марка': 'Datsun', 'модель': 'on-DO', 'тариф': 'эконом', 'аренда': 1500}"
76,"{'марка': 'Chevrolet', 'модель': 'Spark', 'тариф': 'эконом', 'аренда': 1250}"
77,"{'марка': 'Suzuki', 'модель': 'Alto', 'тариф': 'эконом', 'аренда': 1550}"
78,"{'марка': 'Lada', 'модель': 'Granta', 'тариф': 'эконом', 'аренда': 1550}"
79,"{'марка': 'Daewoo', 'модель': 'Matiz', 'тариф': 'эконом', 'аренда': 1250}"
80,"{'марка': 'Hyundai', 'модель': 'Solaris', 'тариф': 'эконом', 'аренда': 1600}"
81,"{'марка': 'Toyota', 'модель': 'Corolla', 'тариф': 'комфорт', 'аренда': 2000}"
82,"{'марка': 'Volkswagen', 'модель': 'Polo', 'тариф': 'эконом', 'аренда': 1500}"
83,"{'марка': 'Skoda', 'модель': 'Rapid', 'тариф': 'комфорт', 'аренда': 1800}"
84,"{'марка': 'Honda', 'модель': 'Civic', 'тариф': 'комфорт', 'аренда': 1750}"
85,"{'марка': 'Fiat', 'модель': 'Panda', 'тариф': 'эконом', 'аренда': 1650}"
86,"{'марка': 'Fiat', 'модель': 'Panda', 'тариф': 'эконом', 'аренда': 1400}"
87,"{'марка': 'Fiat', 'модель': 'Panda', 'тариф': 'эконом', 'аренда': 1200}"
88,"{'марка': 'Honda', 'модель': 'Accord', 'тариф': 'комфорт+', 'аренда': 2400}"
89,"{'марка': 'Lada', 'модель': 'Granta', 'тариф': 'эконом', 'аренда': 1300}"
90,"{'марка': 'Volkswagen', 'модель': 'Polo', 'тариф': 'эконом', 'аренда': 1700}"
91,"{'марка': 'Chery', 'модель': 'Tiggo 7', 'тариф': 'комфорт+', 'аренда': 2800}"
92,"{'марка': 'Fiat', 'модель': 'Panda', 'тариф': 'эконом', 'аренда': 1250}"
93,"{'марка': 'Suzuki', 'модель': 'Alto', 'тариф': 'эконом', 'аренда': 1700}"
94,"{'марка': 'Geely', 'модель': 'MK', 'тариф': 'эконом', 'аренда': 1350}"
95,"{'марка': 'Geely', 'модель': 'Atlas', 'тариф': 'комфорт+', 'аренда': 2000}"
96,"{'марка': 'Datsun', 'модель': 'on-DO', 'тариф': 'эконом', 'аренда': 1450}"
97,"{'марка': 'Chery', 'модель': 'Tiggo 2', 'тариф': 'эконом', 'аренда': 1400}"
98,"{'марка': 'Opel', 'модель': 'Astra', 'тариф': 'комфорт', 'аренда': 1850}"
99,"{'марка': 'Chevrolet', 'модель': 'Spark', 'тариф': 'эконом', 'аренда': 1600}"
100,"{'марка': 'Geely', 'модель': 'MK', 'тариф': 'эконом', 'аренда': 1800}"
101,"{'марка': 'Geely', 'модель': 'Emgrand', 'тариф': 'комфорт', 'аренда': 1800}"
102,"{'марка': 'Mitsubishi', 'модель': 'Outlander', 'тариф': 'комфорт+', 'аренда': 3050}"
103,"{'марка': 'Renault', 'модель': 'Logan', 'тариф': 'эконом', 'аренда': 1250}"
104,"{'марка': 'Daewoo', 'модель': 'Matiz', 'тариф': 'эконом', 'аренда': 1450}"
105,"{'марка': 'Honda', 'модель': 'Civic', 'тариф': 'комфорт', 'аренда': 1900}"
106,"{'марка': 'Skoda', 'модель': 'Rapid', 'тариф': 'комфорт', 'аренда': 2250}"
107,"{'марка': 'Geely', 'модель': 'Atlas', 'тариф': 'комфорт+', 'аренда': 2250}"
108,"{'марка': 'Suzuki', 'модель': 'Alto', 'тариф': 'эконом', 'аренда': 1400}"
109,"{'марка': 'Renault', 'модель': 'Logan', 'тариф': 'эконом', 'аренда': 1350}"
110,"{'марка': 'Chevrolet', 'модель': 'Spark', 'тариф': 'эконом', 'аренда': 1400}"
111,"{'марка': 'Mitsubishi', 'модель': 'Outlander', 'тариф': 'комфорт+', 'аренда': 2350}"
112,"{'марка': 'Daewoo', 'модель': 'Matiz', 'тариф': 'эконом', 'аренда': 1700}"
113,"{'марка': 'Chery', 'модель': 'Tiggo 2', 'тариф': 'эконом', 'аренда': 1600}"
114,"{'марка': 'Hyundai', 'модель': 'Elantra', 'тариф': 'комфорт', 'аренда': 2150}"
115,"{'марка': 'Mazda', 'модель': '6', 'тариф': 'комфорт+', 'аренда': 2100}"
116,"{'марка': 'Volkswagen', 'модель': 'Passat', 'тариф': 'комфорт+', 'аренда': 2500}"
117,"{'марка': 'Peugeot', 'модель': '508', 'тариф': 'комфорт+', 'аренда': 2600}"
118,"{'марка': 'Renault', 'модель': 'Logan', 'тариф': 'эконом', 'аренда': 1250}"
119,"{'марка': 'Daewoo', 'модель': 'Matiz', 'тариф': 'эконом', 'аренда': 1550}"
120,"{'марка': 'Volkswagen', 'модель': 'Jetta', 'тариф': 'комфорт', 'аренда': 2100}"
121,"{'марка': 'Chevrolet', 'модель': 'Spark', 'тариф': 'эконом', 'аренда': 1800}"
122,"{'марка': 'Lada', 'модель': 'Granta', 'тариф': 'эконом', 'аренда': 1200}"
123,"{'марка': 'Chevrolet', 'модель': 'Spark', 'тариф': 'эконом', 'аренда': 1650}"
124,"{'марка': 'Datsun', 'модель': 'on-DO', 'тариф': 'эконом', 'аренда': 1500}"
125,"{'марка': 'Kia', 'модель': 'Rio', 'тариф': 'эконом', 'аренда': 1350}"
126,"{'марка': 'Kia', 'модель': 'Rio', 'тариф': 'эконом', 'аренда': 1350}"
127,"{'марка': 'Honda', 'модель': 'Civic', 'тариф': 'комфорт', 'аренда': 2300}"
128,"{'марка': 'Lada', 'модель': 'Granta', 'тариф': 'эконом', 'аренда': 1800}"
129,"{'марка': 'Peugeot', 'модель': '508', 'тариф': 'комфорт+', 'аренда': 2750}"
130,"{'марка': 'Lada', 'модель': 'Granta', 'тариф': 'эконом', 'аренда': 1350}"
131,"{'марка': 'Lada', 'модель': 'Granta', 'тариф': 'эконом', 'аренда': 1600}"
132,"{'марка': 'Chevrolet', 'модель': 'Spark', 'тариф': 'эконом', 'аренда': 1350}"
133,"{'марка': 'Chevrolet', 'модель': 'Spark', 'тариф': 'эконом', 'аренда': 1450}"
134,"{'марка': 'Skoda', 'модель': 'Rapid', 'тариф': 'комфорт', 'аренда': 2100}"
135,"{'марка': 'Subaru', 'модель': 'Outback', 'тариф': 'комфорт+', 'аренда': 2400}"
136,"{'марка': 'Nissan', 'модель': 'Qashqai', 'тариф': 'комфорт+', 'аренда': 2100}"
137,"{'марка': 'Renault', 'модель': 'Logan', 'тариф': 'эконом', 'аренда': 1200}"
138,"{'марка': 'Chery', 'модель': 'Tiggo 2', 'тариф': 'эконом', 'аренда': 1800}"
139,"{'марка': 'Ford', 'модель': 'Mondeo', 'тариф': 'комфорт+', 'аренда': 2500}"
140,"{'марка': 'Chevrolet', 'модель': 'Spark', 'тариф': 'эконом', 'аренда': 1600}"
141,"{'марка': 'Daewoo', 'модель': 'Matiz', 'тариф': 'эконом', 'аренда': 1200}"
142,"{'марка': 'Chery', 'модель': 'Tiggo 4', 'тариф': 'комфорт', 'аренда': 2100}"
143,"{'марка': 'Geely', 'модель': 'MK', 'тариф': 'эконом', 'аренда': 1450}"
144,"{'марка': 'Mazda', 'модель': '3', 'тариф': 'комфорт', 'аренда': 2050}"
145,"{'марка': 'Lada', 'модель': 'Granta', 'тариф': 'эконом', 'аренда': 1600}"
146,"{'марка': 'Volkswagen', 'модель': 'Jetta', 'тариф': 'комфорт', 'аренда': 2150}"
147,"{'марка': 'Datsun', 'модель': 'on-DO', 'тариф': 'эконом', 'аренда': 1200}"
148,"{'марка': 'Volkswagen', 'модель': 'Polo', 'тариф': 'эконом', 'аренда': 1600}"
149,"{'марка': 'Daewoo', 'модель': 'Matiz', 'тариф': 'эконом', 'аренда': 1450}"
150,"{'марка': 'Opel', 'модель': 'Astra', 'тариф': 'комфорт', 'аренда': 1650}"
151,"{'марка': 'Datsun', 'модель': 'on-DO', 'тариф': 'эконом', 'аренда': 1500}"
152,"{'марка': 'Chery', 'модель': 'Tiggo 2', 'тариф': 'эконом', 'аренда': 1200}"
153,"{'марка': 'Datsun', 'модель': 'on-DO', 'тариф': 'эконом', 'аренда': 1600}"
154,"{'марка': 'Mitsubishi', 'модель': 'Outlander', 'тариф': 'комфорт+', 'аренда': 2950}"
155,"{'марка': 'Honda', 'модель': 'Accord', 'тариф': 'комфорт+', 'аренда': 3100}"
156,"{'марка': 'Renault', 'модель': 'Logan', 'тариф': 'эконом', 'аренда': 1500}"
157,"{'марка': 'Volkswagen', 'модель': 'Polo', 'тариф': 'эконом', 'аренда': 1750}"
158,"{'марка': 'Kia', 'модель': 'Rio', 'тариф': 'эконом', 'аренда': 1450}"
159,"{'марка': 'Mitsubishi', 'модель': 'Outlander', 'тариф': 'комфорт+', 'аренда': 2350}"
160,"{'марка': 'Suzuki', 'модель': 'Alto', 'тариф': 'эконом', 'аренда': 1650}"
161,"{'марка': 'Nissan', 'модель': 'Qashqai', 'тариф': 'комфорт+', 'аренда': 3250}"
162,"{'марка': 'Fiat', 'модель': 'Panda', 'тариф': 'эконом', 'аренда': 1600}"
163,"{'марка': 'Renault', 'модель': 'Logan', 'тариф': 'эконом', 'аренда': 1350}"
164,"{'марка': 'Chery', 'модель': 'Tiggo 4', 'тариф': 'комфорт', 'аренда': 1750}"
165,"{'марка': 'Datsun', 'модель': 'on-DO', 'тариф': 'эконом', 'аренда': 1750}"
166,"{'марка': 'Honda', 'модель': 'Civic', 'тариф': 'комфорт', 'аренда': 2400}"
167,"{'марка': 'Chery', 'модель': 'Tiggo 2', 'тариф': 'эконом', 'аренда': 1450}"
168,"{'марка': 'Chery', 'модель': 'Tiggo 4', 'тариф': 'комфорт', 'аренда': 1950}"
169,"{'марка': 'Suzuki', 'модель': 'Alto', 'тариф': 'эконом', 'аренда': 1750}"
170,"{'марка': 'Chery', 'модель': 'Tiggo 2', 'тариф': 'эконом', 'аренда': 1750}"
171,"{'марка': 'Chery', 'модель': 'Tiggo 4', 'тариф': 'комфорт', 'аренда': 2300}"
172,"{'марка': 'Kia', 'модель': 'Rio', 'тариф': 'эконом', 'аренда': 1500}"
173,"{'марка': 'Datsun', 'модель': 'on-DO', 'тариф': 'эконом', 'аренда': 1550}"
174,"{'марка': 'Fiat', 'модель': 'Panda', 'тариф': 'эконом', 'аренда': 1400}"
175,"{'марка': 'Volkswagen', 'модель': 'Polo', 'тариф': 'эконом', 'аренда': 1450}"
176,"{'марка': 'Hyundai', 'модель': 'Solaris', 'тариф': 'эконом', 'аренда': 1200}"
177,"{'марка': 'Peugeot', 'модель': '408', 'тариф': 'комфорт', 'аренда': 2100}"
178,"{'марка': 'Chery', 'модель': 'Tiggo 7', 'тариф': 'комфорт+', 'аренда': 2800}"
179,"{'марка': 'Fiat', 'модель': 'Panda', 'тариф': 'эконом', 'аренда': 1800}"
180,"{'марка': 'Peugeot', 'модель': '408', 'тариф': 'комфорт', 'аренда': 1950}"
181,"{'марка': 'Hyundai', 'модель': 'Solaris', 'тариф': 'эконом', 'аренда': 1750}"
182,"{'марка': 'Citroen', 'модель': 'C4', 'тариф': 'комфорт', 'аренда': 1750}"
183,"{'марка': 'Datsun', 'модель': 'on-DO', 'тариф': 'эконом', 'аренда': 1650}"
184,"{'марка': 'Daewoo', 'модель': 'Matiz', 'тариф': 'эконом', 'аренда': 1550}"
185,"{'марка': 'Volkswagen', 'модель': 'Jetta', 'тариф': 'комфорт', 'аренда': 2050}"
186,"{'марка': 'Chery', 'модель': 'Tiggo 4', 'тариф': 'комфорт', 'аренда': 2200}"
187,"{'марка': 'Chevrolet', 'модель': 'Spark', 'тариф': 'эконом', 'аренда': 1200}"
188,"{'марка': 'Suzuki', 'модель': 'Alto', 'тариф': 'эконом', 'аренда': 1350}"
189,"{'марка': 'Geely', 'модель': 'MK', 'тариф': 'эконом', 'аренда': 1250}"
190,"{'марка': 'Fiat', 'модель': 'Panda', 'тариф': 'эконом', 'аренда': 1650}"
191,"{'марка': 'Geely', 'модель': 'Emgrand', 'тариф': 'комфорт', 'аренда': 2000}"
192,"{'марка': 'Geely', 'модель': 'Atlas', 'тариф': 'комфорт+', 'аренда': 2950}"
193,"{'марка': 'Mitsubishi', 'модель': 'Outlander', 'тариф': 'комфорт+', 'аренда': 3300}"
194,"{'марка': 'Chery', 'модель': 'Tiggo 2', 'тариф': 'эконом', 'аренда': 1650}"
195,"{'марка': 'Honda', 'модель': 'Civic', 'тариф': 'комфорт', 'аренда': 1600}"
196,"{'марка': 'Kia', 'модель': 'Rio', 'тариф': 'эконом', 'аренда': 1300}"
197,"{'марка': 'Datsun', 'модель': 'on-DO', 'тариф': 'эконом', 'аренда': 1650}"
198,"{'марка': 'Chery', 'модель': 'Tiggo 2', 'тариф': 'эконом', 'аренда': 1650}"
199,"{'марка': 'Lada', 'модель': 'Granta', 'тариф': 'эконом', 'аренда': 1450}"
200,"{'марка': 'Kia', 'модель': 'Optima', 'тариф': 'комфорт', 'аренда': 1800}"
201,"{'марка': 'Skoda', 'модель': 'Octavia', 'тариф': 'комфорт+', 'аренда': 2350}"
202,"{'марка': 'Chevrolet', 'модель': 'Spark', 'тариф': 'эконом', 'аренда': 1550}"
203,"{'марка': 'Toyota', 'модель': 'Camry', 'тариф': 'комфорт+', 'аренда': 3000}"
204,"{'марка': 'Honda', 'модель': 'Accord', 'тариф': 'комфорт+', 'аренда': 3300}"
205,"{'марка': 'Volkswagen', 'модель': 'Polo', 'тариф': 'эконом', 'аренда': 1250}"
206,"{'марка': 'Mitsubishi', 'модель': 'Outlander', 'тариф': 'комфорт+', 'аренда': 2850}"
207,"{'марка': 'Toyota', 'модель': 'Camry', 'тариф': 'комфорт+', 'аренда': 2550}"
208,"{'марка': 'Daewoo', 'модель': 'Matiz', 'тариф': 'эконом', 'аренда': 1500}"
209,"{'марка': 'Hyundai', 'модель': 'Solaris', 'тариф': 'эконом', 'аренда': 1800}"
210,"{'марка': 'Datsun', 'модель': 'on-DO', 'тариф': 'эконом', 'аренда': 1800}"
211,"{'марка': 'Ford', 'модель': 'Mondeo', 'тариф': 'комфорт+', 'аренда': 3200}"
212,"{'марка': 'Hyundai', 'модель': 'Solaris', 'тариф': 'эконом', 'аренда': 1250}"
213,"{'марка': 'Mitsubishi', 'модель': 'Outlander', 'тариф': 'комфорт+', 'аренда': 2350}"
214,"{'марка': 'Chery', 'модель': 'Tiggo 4', 'тариф': 'комфорт', 'аренда': 2400}"
215,"{'марка': 'Honda', 'модель': 'Accord', 'тариф': 'комфорт+', 'аренда': 3150}"
216,"{'марка': 'Toyota', 'модель': 'Camry', 'тариф': 'комфорт+', 'аренда': 2600}"
217,"{'марка': 'Volkswagen', 'модель': 'Jetta', 'тариф': 'комфорт', 'аренда': 1600}"
218,"{'марка': 'Daewoo', 'модель': 'Matiz', 'тариф': 'эконом', 'аренда': 1650}"
219,"{'марка': 'Lada', 'модель': 'Granta', 'тариф': 'эконом', 'аренда': 1600}"
220,"{'марка': 'Datsun', 'модель': 'on-DO', 'тариф': 'эконом', 'аренда': 1600}"
221,"{'марка': 'Volkswagen', 'модель': 'Passat', 'тариф': 'комфорт+', 'аренда': 3250}"
222,"{'марка': 'Toyota', 'модель': 'Corolla', 'тариф': 'комфорт', 'аренда': 2500}"
223,"{'марка': 'Renault', 'модель': 'Logan', 'тариф': 'эконом', 'аренда': 1500}"
224,"{'марка': 'Chevrolet', 'модель': 'Spark', 'тариф': 'эконом', 'аренда': 1300}"
225,"{'марка': 'Hyundai', 'модель': 'Solaris', 'тариф': 'эконом', 'аренда': 1400}"
226,"{'марка': 'Citroen', 'модель': 'C4', 'тариф': 'комфорт', 'аренда': 2300}"
227,"{'марка': 'Suzuki', 'модель': 'Alto', 'тариф': 'эконом', 'аренда': 1700}"
228,"{'марка': 'Volkswagen', 'модель': 'Jetta', 'тариф': 'комфорт', 'аренда': 1600}"
229,"{'марка': 'Chery', 'модель': 'Tiggo 2', 'тариф': 'эконом', 'аренда': 1750}"
230,"{'марка': 'Chery', 'модель': 'Tiggo 4', 'тариф': 'комфорт', 'аренда': 1750}"
231,"{'марка': 'Hyundai', 'модель': 'Elantra', 'тариф': 'комфорт', 'аренда': 2350}"
232,"{'марка': 'Chevrolet', 'модель': 'Spark', 'тариф': 'эконом', 'аренда': 1550}"
233,"{'марка': 'Toyota', 'модель': 'Camry', 'тариф': 'комфорт+', 'аренда': 3400}"
234,"{'марка': 'Honda', 'модель': 'Accord', 'тариф': 'комфорт+', 'аренда': 3000}"
235,"{'марка': 'Volkswagen', 'модель': 'Polo', 'тариф': 'эконом', 'аренда': 1300}"
236,"{'марка': 'Geely', 'модель': 'Atlas', 'тариф': 'комфорт+', 'аренда': 2000}"
237,"{'марка': 'Honda', 'модель': 'Civic', 'тариф': 'комфорт', 'аренда': 2200}"
238,"{'марка': 'Volkswagen', 'модель': 'Jetta', 'тариф': 'комфорт', 'аренда': 2300}"
239,"{'марка': 'Kia', 'модель': 'Rio', 'тариф': 'эконом', 'аренда': 1200}"
240,"{'марка': 'Datsun', 'модель': 'on-DO', 'тариф': 'эконом', 'аренда': 1300}"
241,"{'марка': 'Renault', 'модель': 'Logan', 'тариф': 'эконом', 'аренда': 1250}"
242,"{'марка': 'Geely', 'модель': 'MK', 'тариф': 'эконом', 'аренда': 1250}"
243,"{'марка': 'Nissan', 'модель': 'Qashqai', 'тариф': 'комфорт+', 'аренда': 3100}"
244,"{'марка': 'Skoda', 'модель': 'Rapid', 'тариф': 'комфорт', 'аренда': 1650}"
245,"{'марка': 'Toyota', 'модель': 'Corolla', 'тариф': 'комфорт', 'аренда': 1650}"
246,"{'марка': 'Skoda', 'модель': 'Octavia', 'тариф': 'комфорт+', 'аренда': 2950}"
247,"{'марка': 'Mitsubishi', 'модель': 'Outlander', 'тариф': 'комфорт+', 'аренда': 3000}"
248,"{'марка': 'Volkswagen', 'модель': 'Polo', 'тариф': 'эконом', 'аренда': 1300}"
249,"{'марка': 'Lada', 'модель': 'Granta', 'тариф': 'эконом', 'аренда': 1800}"
250,"{'марка': 'Fiat', 'модель': 'Panda', 'тариф': 'эконом', 'аренда': 1600}"
251,"{'марка': 'Toyota', 'модель': 'Camry', 'тариф': 'комфорт+', 'аренда': 3200}"
252,"{'марка': 'Opel', 'модель': 'Astra', 'тариф': 'комфорт', 'аренда': 2450}"
253,"{'марка': 'Toyota', 'модель': 'Corolla', 'тариф': 'комфорт', 'аренда': 1750}"
254,"{'марка': 'Skoda', 'модель': 'Rapid', 'тариф': 'комфорт', 'аренда': 2200}"
255,"{'марка': 'Chery', 'модель': 'Tiggo 2', 'тариф': 'эконом', 'аренда': 1600}"
256,"{'марка': 'Chery', 'модель': 'Tiggo 4', 'тариф': 'комфорт', 'аренда': 2500}"
257,"{'марка': 'Chevrolet', 'модель': 'Spark', 'тариф': 'эконом', 'аренда': 1650}"
258,"{'марка': 'Kia', 'модель': 'Rio', 'тариф': 'эконом', 'аренда': 1700}"
259,"{'марка': 'Hyundai', 'модель': 'Solaris', 'тариф': 'эконом', 'аренда': 1400}"
260,"{'марка': 'Subaru', 'модель': 'Outback', 'тариф': 'комфорт+', 'аренда': 3300}"
261,"{'марка': 'Chevrolet', 'модель': 'Spark', 'тариф': 'эконом', 'аренда': 1750}"
262,"{'марка': 'Mazda', 'модель': '3', 'тариф': 'комфорт', 'аренда': 2250}"
263,"{'марка': 'Volkswagen', 'модель': 'Polo', 'тариф': 'эконом', 'аренда': 1750}"
264,"{'марка': 'Geely', 'модель': 'Atlas', 'тариф': 'комфорт+', 'аренда': 2100}"
265,"{'марка': 'Subaru', 'модель': 'Outback', 'тариф': 'комфорт+', 'аренда': 2000}"
266,"{'марка': 'Volkswagen', 'модель': 'Polo', 'тариф': 'эконом', 'аренда': 1400}"
267,"{'марка': 'Lada', 'модель': 'Granta', 'тариф': 'эконом', 'аренда': 1300}"
268,"{'марка': 'Geely', 'модель': 'MK', 'тариф': 'эконом', 'аренда': 1350}"
269,"{'марка': 'Renault', 'модель': 'Logan', 'тариф': 'эконом', 'аренда': 1750}"
270,"{'марка': 'Chery', 'модель': 'Tiggo 7', 'тариф': 'комфорт+', 'аренда': 2300}"
271,"{'марка': 'Suzuki', 'модель': 'Alto', 'тариф': 'эконом', 'аренда': 1400}"
272,"{'марка': 'Mitsubishi', 'модель': 'Outlander', 'тариф': 'комфорт+', 'аренда': 2500}"
273,"{'марка': 'Renault', 'модель': 'Logan', 'тариф': 'эконом', 'аренда': 1650}"
274,"{'марка': 'Hyundai', 'модель': 'Solaris', 'тариф': 'эконом', 'аренда': 1450}"
275,"{'марка': 'Geely', 'модель': 'Emgrand', 'тариф': 'комфорт', 'аренда': 1750}"
276,"{'марка': 'Skoda', 'модель': 'Octavia', 'тариф': 'комфорт+', 'аренда': 2100}"
277,"{'марка': 'Geely', 'модель': 'MK', 'тариф': 'эконом', 'аренда': 1500}"
278,"{'марка': 'Geely', 'модель': 'MK', 'тариф': 'эконом', 'аренда': 1800}"
279,"{'марка': 'Fiat', 'модель': 'Panda', 'тариф': 'эконом', 'аренда': 1550}"
280,"{'марка': 'Lada', 'модель': 'Granta', 'тариф': 'эконом', 'аренда': 1500}"
281,"{'марка': 'Kia', 'модель': 'Rio', 'тариф': 'эконом', 'аренда': 1550}"
282,"{'марка': 'Datsun', 'модель': 'on-DO', 'тариф': 'эконом', 'аренда': 1450}"
283,"{'марка': 'Nissan', 'модель': 'Qashqai', 'тариф': 'комфорт+', 'аренда': 3500}"
284,"{'марка': 'Volkswagen', 'модель': 'Polo', 'тариф': 'эконом', 'аренда': 1750}"
285,"{'марка': 'Geely', 'модель': 'Emgrand', 'тариф': 'комфорт', 'аренда': 1650}"
286,"{'марка': 'Volkswagen', 'модель': 'Polo', 'тариф': 'эконом', 'аренда': 1800}"
287,"{'марка': 'Mazda', 'модель': '3', 'тариф': 'комфорт', 'аренда': 2400}"
288,"{'марка': 'Toyota', 'модель': 'Camry', 'тариф': 'комфорт+', 'аренда': 2800}"
289,"{'марка': 'Chery', 'модель': 'Tiggo 4', 'тариф': 'комфорт', 'аренда': 1950}"
290,"{'марка': 'Mazda', 'модель': '3', 'тариф': 'комфорт', 'аренда': 2350}"
291,"{'марка': 'Volkswagen', 'модель': 'Polo', 'тариф': 'эконом', 'аренда': 1800}"
292,"{'марка': 'Datsun', 'модель': 'on-DO', 'тариф': 'эконом', 'аренда': 1550}"
293,"{'марка': 'Mitsubishi', 'модель': 'Outlander', 'тариф': 'комфорт+', 'аренда': 2750}"
294,"{'марка': 'Hyundai', 'модель': 'Elantra', 'тариф': 'комфорт', 'аренда': 2050}"
295,"{'марка': 'Volkswagen', 'модель': 'Polo', 'тариф': 'эконом', 'аренда': 1350}"
296,"{'марка': 'Mazda', 'модель': '6', 'тариф': 'комфорт+', 'аренда': 2200}"
297,"{'марка': 'Nissan', 'модель': 'Qashqai', 'тариф': 'комфорт+', 'аренда': 2450}"
298,"{'марка': 'Volkswagen', 'модель': 'Jetta', 'тариф': 'комфорт', 'аренда': 1900}"
299,"{'марка': 'Renault', 'модель': 'Logan', 'тариф': 'эконом', 'аренда': 1550}"
300,"{'марка': 'Geely', 'модель': 'Atlas', 'тариф': 'комфорт+', 'аренда': 2050}"
301,"{'марка': 'Skoda', 'модель': 'Rapid', 'тариф': 'комфорт', 'аренда': 2000}"
302,"{'марка': 'Mitsubishi', 'модель': 'Outlander', 'тариф': 'комфорт+', 'аренда': 3050}"
303,"{'марка': 'Renault', 'модель': 'Logan', 'тариф': 'эконом', 'аренда': 1550}"
304,"{'марка': 'Lada', 'модель': 'Granta', 'тариф': 'эконом', 'аренда': 1500}"
305,"{'марка': 'Geely', 'модель': 'MK', 'тариф': 'эконом', 'аренда': 1200}"
306,"{'марка': 'Geely', 'модель': 'MK', 'тариф': 'эконом', 'аренда': 1600}"
307,"{'марка': 'Hyundai', 'модель': 'Solaris', 'тариф': 'эконом', 'аренда': 1250}"
308,"{'марка': 'Kia', 'модель': 'Rio', 'тариф': 'эконом', 'аренда': 1500}"
309,"{'марка': 'Chevrolet', 'модель': 'Spark', 'тариф': 'эконом', 'аренда': 1450}"
310,"{'марка': 'Skoda', 'модель': 'Rapid', 'тариф': 'комфорт', 'аренда': 2200}"
311,"{'марка': 'Volkswagen', 'модель': 'Polo', 'тариф': 'эконом', 'аренда': 1200}"
312,"{'марка': 'Datsun', 'модель': 'on-DO', 'тариф': 'эконом', 'аренда': 1750}"
313,"{'марка': 'Skoda', 'модель': 'Rapid', 'тариф': 'комфорт', 'аренда': 1850}"
314,"{'марка': 'Fiat', 'модель': 'Panda', 'тариф': 'эконом', 'аренда': 1400}"
315,"{'марка': 'Geely', 'модель': 'MK', 'тариф': 'эконом', 'аренда': 1650}"
316,"{'марка': 'Renault', 'модель': 'Logan', 'тариф': 'эконом', 'аренда': 1400}"
317,"{'марка': 'Opel', 'модель': 'Astra', 'тариф': 'комфорт', 'аренда': 2450}"
318,"{'марка': 'Peugeot', 'модель': '508', 'тариф': 'комфорт+', 'аренда': 2900}"
319,"{'марка': 'Ford', 'модель': 'Mondeo', 'тариф': 'комфорт+', 'аренда': 3250}"
320,"{'марка': 'Geely', 'модель': 'MK', 'тариф': 'эконом', 'аренда': 1600}"
321,"{'марка': 'Geely', 'модель': 'MK', 'тариф': 'эконом', 'аренда': 1650}"
322,"{'марка': 'Geely', 'модель': 'Atlas', 'тариф': 'комфорт+', 'аренда': 2950}"
323,"{'марка': 'Peugeot', 'модель': '508', 'тариф': 'комфорт+', 'аренда': 3450}"
324,"{'марка': 'Honda', 'модель': 'Accord', 'тариф': 'комфорт+', 'аренда': 3450}"
325,"{'марка': 'Geely', 'модель': 'MK', 'тариф': 'эконом', 'аренда': 1650}"
326,"{'марка': 'Hyundai', 'модель': 'Solaris', 'тариф': 'эконом', 'аренда': 1400}"
327,"{'марка': 'Chery', 'модель': 'Tiggo 2', 'тариф': 'эконом', 'аренда': 1400}"
328,"{'марка': 'Hyundai', 'модель': 'Solaris', 'тариф': 'эконом', 'аренда': 1600}"
329,"{'марка': 'Nissan', 'модель': 'Qashqai', 'тариф': 'комфорт+', 'аренда': 2850}"
330,"{'марка': 'Lada', 'модель': 'Granta', 'тариф': 'эконом', 'аренда': 1350}"
331,"{'марка': 'Hyundai', 'модель': 'Solaris', 'тариф': 'эконом', 'аренда': 1600}"
332,"{'марка': 'Hyundai', 'модель': 'Solaris', 'тариф': 'эконом', 'аренда': 1550}"
333,"{'марка': 'Skoda', 'модель': 'Rapid', 'тариф': 'комфорт', 'аренда': 2200}"
334,"{'марка': 'Lada', 'модель': 'Granta', 'тариф': 'эконом', 'аренда': 1350}"
335,"{'марка': 'Ford', 'модель': 'Mondeo', 'тариф': 'комфорт+', 'аренда': 2100}"
336,"{'марка': 'Geely', 'модель': 'Atlas', 'тариф': 'комфорт+', 'аренда': 2200}"
337,"{'марка': 'Kia', 'модель': 'Optima', 'тариф': 'комфорт', 'аренда': 1850}"
338,"{'марка': 'Chery', 'модель': 'Tiggo 7', 'тариф': 'комфорт+', 'аренда': 2050}"
339,"{'марка': 'Chevrolet', 'модель': 'Spark', 'тариф': 'эконом', 'аренда': 1700}"
340,"{'марка': 'Toyota', 'модель': 'Camry', 'тариф': 'комфорт+', 'аренда': 3000}"
341,"{'марка': 'Datsun', 'модель': 'on-DO', 'тариф': 'эконом', 'аренда': 1750}"
342,"{'марка': 'Volkswagen', 'модель': 'Polo', 'тариф': 'эконом', 'аренда': 1200}"
343,"{'марка': 'Opel', 'модель': 'Astra', 'тариф': 'комфорт', 'аренда': 2450}"
344,"{'марка': 'Ford', 'модель': 'Mondeo', 'тариф': 'комфорт+', 'аренда': 3100}"
345,"{'марка': 'Lada', 'модель': 'Granta', 'тариф': 'эконом', 'аренда': 1800}"
346,"{'марка': 'Volkswagen', 'модель': 'Polo', 'тариф': 'эконом', 'аренда': 1750}"
347,"{'марка': 'Toyota', 'модель': 'Corolla', 'тариф': 'комфорт', 'аренда': 1850}"
348,"{'марка': 'Opel', 'модель': 'Astra', 'тариф': 'комфорт', 'аренда': 1600}"
349,"{'марка': 'Datsun', 'модель': 'on-DO', 'тариф': 'эконом', 'аренда': 1650}"
350,"{'марка': 'Lada', 'модель': 'Granta', 'тариф': 'эконом', 'аренда': 1450}"
351,"{'марка': 'Citroen', 'модель': 'C4', 'тариф': 'комфорт', 'аренда': 2500}"
352,"{'марка': 'Geely', 'модель': 'Atlas', 'тариф': 'комфорт+', 'аренда': 2000}"
353,"{'марка': 'Citroen', 'модель': 'C4', 'тариф': 'комфорт', 'аренда': 1850}"
354,"{'марка': 'Fiat', 'модель': 'Panda', 'тариф': 'эконом', 'аренда': 1600}"
355,"{'марка': 'Lada', 'модель': 'Granta', 'тариф': 'эконом', 'аренда': 1650}"
356,"{'марка': 'Lada', 'модель': 'Granta', 'тариф': 'эконом', 'аренда': 1250}"
357,"{'марка': 'Hyundai', 'модель': 'Elantra', 'тариф': 'комфорт', 'аренда': 2400}"
358,"{'марка': 'Chery', 'модель': 'Tiggo 2', 'тариф': 'эконом', 'аренда': 1800}"
359,"{'марка': 'Datsun', 'модель': 'on-DO', 'тариф': 'эконом', 'аренда': 1450}"
360,"{'марка': 'Mazda', 'модель': '3', 'тариф': 'комфорт', 'аренда': 2100}"
361,"{'марка': 'Chevrolet', 'модель': 'Spark', 'тариф': 'эконом', 'аренда': 1550}"
362,"{'марка': 'Chery', 'модель': 'Tiggo 2', 'тариф': 'эконом', 'аренда': 1350}"
363,"{'марка': 'Renault', 'модель': 'Logan', 'тариф': 'эконом', 'аренда': 1450}"
364,"{'марка': 'Geely', 'модель': 'MK', 'тариф': 'эконом', 'аренда': 1750}"
365,"{'марка': 'Mitsubishi', 'модель': 'Outlander', 'тариф': 'комфорт+', 'аренда': 3400}"
366,"{'марка': 'Volkswagen', 'модель': 'Polo', 'тариф': 'эконом', 'аренда': 1700}"
367,"{'марка': 'Chery', 'модель': 'Tiggo 2', 'тариф': 'эконом', 'аренда': 1250}"
368,"{'марка': 'Volkswagen', 'модель': 'Jetta', 'тариф': 'комфорт', 'аренда': 2150}"
369,"{'марка': 'Ford', 'модель': 'Mondeo', 'тариф': 'комфорт+', 'аренда': 2900}"
370,"{'марка': 'Peugeot', 'модель': '508', 'тариф': 'комфорт+', 'аренда': 2350}"
371,"{'марка': 'Peugeot', 'модель': '408', 'тариф': 'комфорт', 'аренда': 1950}"
372,"{'марка': 'Geely', 'модель': 'MK', 'тариф': 'эконом', 'аренда': 1450}"
373,"{'марка': 'Peugeot', 'модель': '408', 'тариф': 'комфорт', 'аренда': 2400}"
374,"{'марка': 'Chery', 'модель': 'Tiggo 4', 'тариф': 'комфорт', 'аренда': 2000}"
375,"{'марка': 'Daewoo', 'модель': 'Matiz', 'тариф': 'эконом', 'аренда': 1400}"
376,"{'марка': 'Daewoo', 'модель': 'Matiz', 'тариф': 'эконом', 'аренда': 1650}"
377,"{'марка': 'Honda', 'модель': 'Accord', 'тариф': 'комфорт+', 'аренда': 3100}"
378,"{'марка': 'Lada', 'модель': 'Granta', 'тариф': 'эконом', 'аренда': 1550}"
379,"{'марка': 'Mazda', 'модель': '6', 'тариф': 'комфорт+', 'аренда': 3300}"
380,"{'марка': 'Geely', 'модель': 'MK', 'тариф': 'эконом', 'аренда': 1350}"
381,"{'марка': 'Hyundai', 'модель': 'Solaris', 'тариф': 'эконом', 'аренда': 1650}"
382,"{'марка': 'Honda', 'модель': 'Civic', 'тариф': 'комфорт', 'аренда': 2500}"
383,"{'марка': 'Peugeot', 'модель': '508', 'тариф': 'комфорт+', 'аренда': 2850}"
384,"{'марка': 'Lada', 'модель': 'Granta', 'тариф': 'эконом', 'аренда': 1700}"
385,"{'марка': 'Chery', 'модель': 'Tiggo 2', 'тариф': 'эконом', 'аренда': 1350}"
386,"{'марка': 'Skoda', 'модель': 'Octavia', 'тариф': 'комфорт+', 'аренда': 3050}"
387,"{'марка': 'Honda', 'модель': 'Accord', 'тариф': 'комфорт+', 'аренда': 2700}"
388,"{'марка': 'Chery', 'модель': 'Tiggo 2', 'тариф': 'эконом', 'аренда': 1700}"
389,"{'марка': 'Toyota', 'модель': 'Camry', 'тариф': 'комфорт+', 'аренда': 2150}"
390,"{'марка': 'Mitsubishi', 'модель': 'Outlander', 'тариф': 'комфорт+', 'аренда': 3200}"
391,"{'марка': 'Kia', 'модель': 'Rio', 'тариф': 'эконом', 'аренда': 1450}"
392,"{'марка': 'Suzuki', 'модель': 'Alto', 'тариф': 'эконом', 'аренда': 1700}"
393,"{'марка': 'Kia', 'модель': 'Optima', 'тариф': 'комфорт', 'аренда': 1900}"
394,"{'марка': 'Lada', 'модель': 'Granta', 'тариф': 'эконом', 'аренда': 1550}"
395,"{'марка': 'Lada', 'модель': 'Granta', 'тариф': 'эконом', 'аренда': 1700}"
396,"{'марка': 'Mazda', 'модель': '3', 'тариф': 'комфорт', 'аренда': 1750}"
397,"{'марка': 'Chery', 'модель': 'Tiggo 7', 'тариф': 'комфорт+', 'аренда': 2000}"
398,"{'марка': 'Volkswagen', 'модель': 'Passat', 'тариф': 'комфорт+', 'аренда': 2150}"
399,"{'марка': 'Chery', 'модель': 'Tiggo 7', 'тариф': 'комфорт+', 'аренда': 2300}"
400,"{'марка': 'Kia', 'модель': 'Optima', 'тариф': 'комфорт', 'аренда': 1800}"
401,"{'марка': 'Renault', 'модель': 'Logan', 'тариф': 'эконом', 'аренда': 1800}"
402,"{'марка': 'Kia', 'модель': 'Rio', 'тариф': 'эконом', 'аренда': 1400}"
403,"{'марка': 'Suzuki', 'модель': 'Alto', 'тариф': 'эконом', 'аренда': 1600}"
404,"{'марка': 'Hyundai', 'модель': 'Solaris', 'тариф': 'эконом', 'аренда': 1750}"
405,"{'марка': 'Mitsubishi', 'модель': 'Outlander', 'тариф': 'комфорт+', 'аренда': 2150}"
406,"{'марка': 'Geely', 'модель': 'MK', 'тариф': 'эконом', 'аренда': 1800}"
407,"{'марка': 'Citroen', 'модель': 'C4', 'тариф': 'комфорт', 'аренда': 2450}"
408,"{'марка': 'Datsun', 'модель': 'on-DO', 'тариф': 'эконом', 'аренда': 1650}"
409,"{'марка': 'Chery', 'модель': 'Tiggo 2', 'тариф': 'эконом', 'аренда': 1550}"
410,"{'марка': 'Hyundai', 'модель': 'Solaris', 'тариф': 'эконом', 'аренда': 1550}"
411,"{'марка': 'Chevrolet', 'модель': 'Spark', 'тариф': 'эконом', 'аренда': 1400}"
412,"{'марка': 'Toyota', 'модель': 'Corolla', 'тариф': 'комфорт', 'аренда': 1950}"
413,"{'марка': 'Mitsubishi', 'модель': 'Outlander', 'тариф': 'комфорт+', 'аренда': 2650}"
414,"{'марка': 'Hyundai', 'модель': 'Solaris', 'тариф': 'эконом', 'аренда': 1350}"
415,"{'марка': 'Honda', 'модель': 'Civic', 'тариф': 'комфорт', 'аренда': 2300}"
416,"{'марка': 'Citroen', 'модель': 'C4', 'тариф': 'комфорт', 'аренда': 1850}"
417,"{'марка': 'Volkswagen', 'модель': 'Jetta', 'тариф': 'комфорт', 'аренда': 2200}"
418,"{'марка': 'Ford', 'модель': 'Mondeo', 'тариф': 'комфорт+', 'аренда': 3450}"
419,"{'марка': 'Suzuki', 'модель': 'Alto', 'тариф': 'эконом', 'аренда': 1250}"
420,"{'марка': 'Kia', 'модель': 'Rio', 'тариф': 'эконом', 'аренда': 1700}"
421,"{'марка': 'Daewoo', 'модель': 'Matiz', 'тариф': 'эконом', 'аренда': 1700}"
422,"{'марка': 'Daewoo', 'модель': 'Matiz', 'тариф': 'эконом', 'аренда': 1400}"
423,"{'марка': 'Volkswagen', 'модель': 'Passat', 'тариф': 'комфорт+', 'аренда': 2900}"
424,"{'марка': 'Volkswagen', 'модель': 'Passat', 'тариф': 'комфорт+', 'аренда': 3000}"
425,"{'марка': 'Kia', 'модель': 'Rio', 'тариф': 'эконом', 'аренда': 1450}"
426,"{'марка': 'Datsun', 'модель': 'on-DO', 'тариф': 'эконом', 'аренда': 1450}"
427,"{'марка': 'Hyundai', 'модель': 'Solaris', 'тариф': 'эконом', 'аренда': 1500}"
428,"{'марка': 'Chery', 'модель': 'Tiggo 4', 'тариф': 'комфорт', 'аренда': 1600}"
429,"{'марка': 'Kia', 'модель': 'Rio', 'тариф': 'эконом', 'аренда': 1700}"
430,"{'марка': 'Suzuki', 'модель': 'Alto', 'тариф': 'эконом', 'аренда': 1400}"
431,"{'марка': 'Datsun', 'модель': 'on-DO', 'тариф': 'эконом', 'аренда': 1500}"
432,"{'марка': 'Kia', 'модель': 'Rio', 'тариф': 'эконом', 'аренда': 1600}"
433,"{'марка': 'Lada', 'модель': 'Granta', 'тариф': 'эконом', 'аренда': 1600}"
434,"{'марка': 'Datsun', 'модель': 'on-DO', 'тариф': 'эконом', 'аренда': 1800}"
435,"{'марка': 'Datsun', 'модель': 'on-DO', 'тариф': 'эконом', 'аренда': 1300}"
436,"{'марка': 'Citroen', 'модель': 'C4', 'тариф': 'комфорт', 'аренда': 2050}"
437,"{'марка': 'Geely', 'модель': 'MK', 'тариф': 'эконом', 'аренда': 1300}"
438,"{'марка': 'Mazda', 'модель': '6', 'тариф': 'комфорт+', 'аренда': 3400}"
439,"{'марка': 'Chery', 'модель': 'Tiggo 7', 'тариф': 'комфорт+', 'аренда': 3400}"
440,"{'марка': 'Renault', 'модель': 'Logan', 'тариф': 'эконом', 'аренда': 1450}"
441,"{'марка': 'Geely', 'модель': 'Atlas', 'тариф': 'комфорт+', 'аренда': 2500}"
442,"{'марка': 'Geely', 'модель': 'MK', 'тариф': 'эконом', 'аренда': 1800}"
443,"{'марка': 'Fiat', 'модель': 'Panda', 'тариф': 'эконом', 'аренда': 1600}"
444,"{'марка': 'Geely', 'модель': 'Emgrand', 'тариф': 'комфорт', 'аренда': 2100}"
445,"{'марка': 'Suzuki', 'модель': 'Alto', 'тариф': 'эконом', 'аренда': 1600}"
446,"{'марка': 'Geely', 'модель': 'MK', 'тариф': 'эконом', 'аренда': 1500}"
447,"{'марка': 'Daewoo', 'модель': 'Matiz', 'тариф': 'эконом', 'аренда': 1700}"
448,"{'марка': 'Chery', 'модель': 'Tiggo 2', 'тариф': 'эконом', 'аренда': 1250}"
449,"{'марка': 'Renault', 'модель': 'Logan', 'тариф': 'эконом', 'аренда': 1700}"
450,"{'марка': 'Subaru', 'модель': 'Outback', 'тариф': 'комфорт+', 'аренда': 2300}"
451,"{'марка': 'Datsun', 'модель': 'on-DO', 'тариф': 'эконом', 'аренда': 1250}"
452,"{'марка': 'Subaru', 'модель': 'Outback', 'тариф': 'комфорт+', 'аренда': 2500}"
453,"{'марка': 'Hyundai', 'модель': 'Solaris', 'тариф': 'эконом', 'аренда': 1600}"
454,"{'марка': 'Citroen', 'модель': 'C4', 'тариф': 'комфорт', 'аренда': 1700}"
455,"{'марка': 'Chery', 'модель': 'Tiggo 2', 'тариф': 'эконом', 'аренда': 1650}"
456,"{'марка': 'Volkswagen', 'модель': 'Polo', 'тариф': 'эконом', 'аренда': 1700}"
457,"{'марка': 'Kia', 'модель': 'Rio', 'тариф': 'эконом', 'аренда': 1700}"
458,"{'марка': 'Datsun', 'модель': 'on-DO', 'тариф': 'эконом', 'аренда': 1600}"
459,"{'марка': 'Suzuki', 'модель': 'Alto', 'тариф': 'эконом', 'аренда': 1750}"
460,"{'марка': 'Geely', 'модель': 'MK', 'тариф': 'эконом', 'аренда': 1750}"
461,"{'марка': 'Chery', 'модель': 'Tiggo 2', 'тариф': 'эконом', 'аренда': 1250}"
462,"{'марка': 'Lada', 'модель': 'Granta', 'тариф': 'эконом', 'аренда': 1300}"
463,"{'марка': 'Chery', 'модель': 'Tiggo 2', 'тариф': 'эконом', 'аренда': 1800}"
464,"{'марка': 'Skoda', 'модель': 'Rapid', 'тариф': 'комфорт', 'аренда': 1750}"
465,"{'марка': 'Fiat', 'модель': 'Panda', 'тариф': 'эконом', 'аренда': 1500}"
466,"{'марка': 'Peugeot', 'модель': '508', 'тариф': 'комфорт+', 'аренда': 2100}"
467,"{'марка': 'Skoda', 'модель': 'Rapid', 'тариф': 'комфорт', 'аренда': 2450}"
468,"{'марка': 'Chevrolet', 'модель': 'Spark', 'тариф': 'эконом', 'аренда': 1700}"
469,"{'марка': 'Skoda', 'модель': 'Octavia', 'тариф': 'комфорт+', 'аренда': 3150}"
470,"{'марка': 'Hyundai', 'модель': 'Solaris', 'тариф': 'эконом', 'аренда': 1400}"
471,"{'марка': 'Renault', 'модель': 'Logan', 'тариф': 'эконом', 'аренда': 1300}"
472,"{'марка': 'Geely', 'модель': 'Atlas', 'тариф': 'комфорт+', 'аренда': 2600}"
473,"{'марка': 'Honda', 'модель': 'Civic', 'тариф': 'комфорт', 'аренда': 2350}"
474,"{'марка': 'Geely', 'модель': 'Emgrand', 'тариф': 'комфорт', 'аренда': 1900}"
475,"{'марка': 'Chery', 'модель': 'Tiggo 7', 'тариф': 'комфорт+', 'аренда': 3150}"
476,"{'марка': 'Opel', 'модель': 'Astra', 'тариф': 'комфорт', 'аренда': 2350}"
477,"{'марка': 'Chery', 'модель': 'Tiggo 4', 'тариф': 'комфорт', 'аренда': 2100}"
478,"{'марка': 'Geely', 'модель': 'Atlas', 'тариф': 'комфорт+', 'аренда': 3100}"
479,"{'марка': 'Peugeot', 'модель': '508', 'тариф': 'комфорт+', 'аренда': 2900}"
480,"{'марка': 'Chery', 'модель': 'Tiggo 4', 'тариф': 'комфорт', 'аренда': 1950}"
481,"{'марка': 'Fiat', 'модель': 'Panda', 'тариф': 'эконом', 'аренда': 1450}"
482,"{'марка': 'Kia', 'модель': 'Optima', 'тариф': 'комфорт', 'аренда': 2450}"
483,"{'марка': 'Geely', 'модель': 'Atlas', 'тариф': 'комфорт+', 'аренда': 2550}"
484,"{'марка': 'Lada', 'модель': 'Granta', 'тариф': 'эконом', 'аренда': 1200}"
485,"{'марка': 'Kia', 'модель': 'Optima', 'тариф': 'комфорт', 'аренда': 2150}"
486,"{'марка': 'Geely', 'модель': 'MK', 'тариф': 'эконом', 'аренда': 1400}"
487,"{'марка': 'Geely', 'модель': 'Atlas', 'тариф': 'комфорт+', 'аренда': 3150}"
488,"{'марка': 'Kia', 'модель': 'Rio', 'тариф': 'эконом', 'аренда': 1600}"
489,"{'марка': 'Lada', 'модель': 'Granta', 'тариф': 'эконом', 'аренда': 1350}"
490,"{'марка': 'Ford', 'модель': 'Mondeo', 'тариф': 'комфорт+', 'аренда': 2100}"
491,"{'марка': 'Hyundai', 'модель': 'Elantra', 'тариф': 'комфорт', 'аренда': 2200}"
492,"{'марка': 'Suzuki', 'модель': 'Alto', 'тариф': 'эконом', 'аренда': 1500}"
493,"{'марка': 'Kia', 'модель': 'Rio', 'тариф': 'эконом', 'аренда': 1550}"
494,"{'марка': 'Skoda', 'модель': 'Rapid', 'тариф': 'комфорт', 'аренда': 2100}"
495,"{'марка': 'Fiat', 'модель': 'Panda', 'тариф': 'эконом', 'аренда': 1750}"
496,"{'марка': 'Suzuki', 'модель': 'Alto', 'тариф': 'эконом', 'аренда': 1200}"
497,"{'марка': 'Ford', 'модель': 'Mondeo', 'тариф': 'комфорт+', 'аренда': 3300}"
498,"{'марка': 'Geely', 'модель': 'MK', 'тариф': 'эконом', 'аренда': 1400}"
499,"{'марка': 'Peugeot', 'модель': '408', 'тариф': 'комфорт', 'аренда': 1950}"
500,"{'марка': 'Suzuki', 'модель': 'Alto', 'тариф': 'эконом', 'аренда': 1650}"
501,"{'марка': 'Geely', 'модель': 'MK', 'тариф': 'эконом', 'аренда': 1350}"
502,"{'марка': 'Skoda', 'модель': 'Octavia', 'тариф': 'комфорт+', 'аренда': 3050}"
503,"{'марка': 'Lada', 'модель': 'Granta', 'тариф': 'эконом', 'аренда': 1650}"
504,"{'марка': 'Kia', 'модель': 'Rio', 'тариф': 'эконом', 'аренда': 1600}"
505,"{'марка': 'Hyundai', 'модель': 'Solaris', 'тариф': 'эконом', 'аренда': 1600}"
506,"{'марка': 'Nissan', 'модель': 'Qashqai', 'тариф': 'комфорт+', 'аренда': 2850}"
507,"{'марка': 'Geely', 'модель': 'Emgrand', 'тариф': 'комфорт', 'аренда': 2250}"
508,"{'марка': 'Kia', 'модель': 'Rio', 'тариф': 'эконом', 'аренда': 1400}"
509,"{'марка': 'Nissan', 'модель': 'Qashqai', 'тариф': 'комфорт+', 'аренда': 2400}"
510,"{'марка': 'Volkswagen', 'модель': 'Polo', 'тариф': 'эконом', 'аренда': 1200}"
511,"{'марка': 'Suzuki', 'модель': 'Alto', 'тариф': 'эконом', 'аренда': 1200}"
512,"{'марка': 'Chevrolet', 'модель': 'Spark', 'тариф': 'эконом', 'аренда': 1750}"
513,"{'марка': 'Hyundai', 'модель': 'Solaris', 'тариф': 'эконом', 'аренда': 1550}"
514,"{'марка': 'Hyundai', 'модель': 'Solaris', 'тариф': 'эконом', 'аренда': 1800}"
515,"{'марка': 'Datsun', 'модель': 'on-DO', 'тариф': 'эконом', 'аренда': 1250}"
516,"{'марка': 'Hyundai', 'модель': 'Elantra', 'тариф': 'комфорт', 'аренда': 1800}"
517,"{'марка': 'Mazda', 'модель': '3', 'тариф': 'комфорт', 'аренда': 2450}"
518,"{'марка': 'Geely', 'модель': 'MK', 'тариф': 'эконом', 'аренда': 1650}"
519,"{'марка': 'Geely', 'модель': 'Emgrand', 'тариф': 'комфорт', 'аренда': 2200}"
520,"{'марка': 'Chery', 'модель': 'Tiggo 2', 'тариф': 'эконом', 'аренда': 1500}"
521,"{'марка': 'Suzuki', 'модель': 'Alto', 'тариф': 'эконом', 'аренда': 1750}"
522,"{'марка': 'Kia', 'модель': 'Rio', 'тариф': 'эконом', 'аренда': 1200}"
523,"{'марка': 'Daewoo', 'модель': 'Matiz', 'тариф': 'эконом', 'аренда': 1800}"
524,"{'марка': 'Renault', 'модель': 'Logan', 'тариф': 'эконом', 'аренда': 1200}"
525,"{'марка': 'Fiat', 'модель': 'Panda', 'тариф': 'эконом', 'аренда': 1350}"
526,"{'марка': 'Fiat', 'модель': 'Panda', 'тариф': 'эконом', 'аренда': 1600}"
527,"{'марка': 'Honda', 'модель': 'Civic', 'тариф': 'комфорт', 'аренда': 1800}"
528,"{'марка': 'Mitsubishi', 'модель': 'Outlander', 'тариф': 'комфорт+', 'аренда': 2500}"
529,"{'марка': 'Chevrolet', 'модель': 'Spark', 'тариф': 'эконом', 'аренда': 1400}"
530,"{'марка': 'Suzuki', 'модель': 'Alto', 'тариф': 'эконом', 'аренда': 1400}"
531,"{'марка': 'Honda', 'модель': 'Civic', 'тариф': 'комфорт', 'аренда': 1600}"
532,"{'марка': 'Chery', 'модель': 'Tiggo 2', 'тариф': 'эконом', 'аренда': 1250}"
533,"{'марка': 'Volkswagen', 'модель': 'Polo', 'тариф': 'эконом', 'аренда': 1750}"
534,"{'марка': 'Lada', 'модель': 'Granta', 'тариф': 'эконом', 'аренда': 1300}"
535,"{'марка': 'Honda', 'модель': 'Civic', 'тариф': 'комфорт', 'аренда': 1950}"
536,"{'марка': 'Hyundai', 'модель': 'Elantra', 'тариф': 'комфорт', 'аренда': 2050}"
537,"{'марка': 'Geely', 'модель': 'MK', 'тариф': 'эконом', 'аренда': 1250}"
538,"{'марка': 'Hyundai', 'модель': 'Elantra', 'тариф': 'комфорт', 'аренда': 2400}"
539,"{'марка': 'Kia', 'модель': 'Optima', 'тариф': 'комфорт', 'аренда': 2300}"
540,"{'марка': 'Lada', 'модель': 'Granta', 'тариф': 'эконом', 'аренда': 1450}"
541,"{'марка': 'Daewoo', 'модель': 'Matiz', 'тариф': 'эконом', 'аренда': 1400}"
542,"{'марка': 'Suzuki', 'модель': 'Alto', 'тариф': 'эконом', 'аренда': 1650}"
543,"{'марка': 'Datsun', 'модель': 'on-DO', 'тариф': 'эконом', 'аренда': 1400}"
544,"{'марка': 'Peugeot', 'модель': '508', 'тариф': 'комфорт+', 'аренда': 2700}"
545,"{'марка': 'Renault', 'модель': 'Logan', 'тариф': 'эконом', 'аренда': 1550}"
546,"{'марка': 'Lada', 'модель': 'Granta', 'тариф': 'эконом', 'аренда': 1500}"
547,"{'марка': 'Skoda', 'модель': 'Octavia', 'тариф': 'комфорт+', 'аренда': 2000}"
548,"{'марка': 'Datsun', 'модель': 'on-DO', 'тариф': 'эконом', 'аренда': 1400}"
549,"{'марка': 'Fiat', 'модель': 'Panda', 'тариф': 'эконом', 'аренда': 1250}"
550,"{'марка': 'Lada', 'модель': 'Granta', 'тариф': 'эконом', 'аренда': 1300}"
551,"{'марка': 'Hyundai', 'модель': 'Elantra', 'тариф': 'комфорт', 'аренда': 1700}"
552,"{'марка': 'Datsun', 'модель': 'on-DO', 'тариф': 'эконом', 'аренда': 1250}"
553,"{'марка': 'Mazda', 'модель': '3', 'тариф': 'комфорт', 'аренда': 2100}"
554,"{'марка': 'Geely', 'модель': 'MK', 'тариф': 'эконом', 'аренда': 1250}"
555,"{'марка': 'Toyota', 'модель': 'Corolla', 'тариф': 'комфорт', 'аренда': 2400}"
556,"{'марка': 'Volkswagen', 'модель': 'Polo', 'тариф': 'эконом', 'аренда': 1550}"
557,"{'марка': 'Kia', 'модель': 'Rio', 'тариф': 'эконом', 'аренда': 1200}"
558,"{'марка': 'Chery', 'модель': 'Tiggo 2', 'тариф': 'эконом', 'аренда': 1750}"
559,"{'марка': 'Daewoo', 'модель': 'Matiz', 'тариф': 'эконом', 'аренда': 1400}"
560,"{'марка': 'Chery', 'модель': 'Tiggo 2', 'тариф': 'эконом', 'аренда': 1800}"
561,"{'марка': 'Honda', 'модель': 'Accord', 'тариф': 'комфорт+', 'аренда': 2450}"
562,"{'марка': 'Renault', 'модель': 'Logan', 'тариф': 'эконом', 'аренда': 1200}"
563,"{'марка': 'Daewoo', 'модель': 'Matiz', 'тариф': 'эконом', 'аренда': 1300}"
564,"{'марка': 'Mitsubishi', 'модель': 'Outlander', 'тариф': 'комфорт+', 'аренда': 3100}"
565,"{'марка': 'Mazda', 'модель': '3', 'тариф': 'комфорт', 'аренда': 2400}"
566,"{'марка': 'Kia', 'модель': 'Rio', 'тариф': 'эконом', 'аренда': 1550}"
567,"{'марка': 'Toyota', 'модель': 'Corolla', 'тариф': 'комфорт', 'аренда': 2450}"
568,"{'марка': 'Honda', 'модель': 'Accord', 'тариф': 'комфорт+', 'аренда': 3100}"
569,"{'марка': 'Lada', 'модель': 'Granta', 'тариф': 'эконом', 'аренда': 1750}"
570,"{'марка': 'Toyota', 'модель': 'Camry', 'тариф': 'комфорт+', 'аренда': 2100}"
571,"{'марка': 'Chery', 'модель': 'Tiggo 7', 'тариф': 'комфорт+', 'аренда': 2000}"
572,"{'марка': 'Toyota', 'модель': 'Corolla', 'тариф': 'комфорт', 'аренда': 2100}"
573,"{'марка': 'Kia', 'модель': 'Optima', 'тариф': 'комфорт', 'аренда': 2500}"
574,"{'марка': 'Kia', 'модель': 'Rio', 'тариф': 'эконом', 'аренда': 1350}"
575,"{'марка': 'Toyota', 'модель': 'Camry', 'тариф': 'комфорт+', 'аренда': 2750}"
576,"{'марка': 'Datsun', 'модель': 'on-DO', 'тариф': 'эконом', 'аренда': 1750}"
577,"{'марка': 'Volkswagen', 'модель': 'Jetta', 'тариф': 'комфорт', 'аренда': 1900}"
578,"{'марка': 'Honda', 'модель': 'Accord', 'тариф': 'комфорт+', 'аренда': 2650}"
579,"{'марка': 'Chery', 'модель': 'Tiggo 4', 'тариф': 'комфорт', 'аренда': 2000}"
580,"{'марка': 'Kia', 'модель': 'Optima', 'тариф': 'комфорт', 'аренда': 2350}"
581,"{'марка': 'Hyundai', 'модель': 'Solaris', 'тариф': 'эконом', 'аренда': 1250}"
582,"{'марка': 'Kia', 'модель': 'Rio', 'тариф': 'эконом', 'аренда': 1300}"
583,"{'марка': 'Ford', 'модель': 'Mondeo', 'тариф': 'комфорт+', 'аренда': 2850}"
584,"{'марка': 'Renault', 'модель': 'Logan', 'тариф': 'эконом', 'аренда': 1750}"
585,"{'марка': 'Datsun', 'модель': 'on-DO', 'тариф': 'эконом', 'аренда': 1750}"
586,"{'марка': 'Renault', 'модель': 'Logan', 'тариф': 'эконом', 'аренда': 1750}"
587,"{'марка': 'Lada', 'модель': 'Granta', 'тариф': 'эконом', 'аренда': 1400}"
588,"{'марка': 'Lada', 'модель': 'Granta', 'тариф': 'эконом', 'аренда': 1700}"
589,"{'марка': 'Kia', 'модель': 'Rio', 'тариф': 'эконом', 'аренда': 1600}"
590,"{'марка': 'Datsun', 'модель': 'on-DO', 'тариф': 'эконом', 'аренда': 1500}"
591,"{'марка': 'Hyundai', 'модель': 'Solaris', 'тариф': 'эконом', 'аренда': 1550}"
592,"{'марка': 'Kia', 'модель': 'Rio', 'тариф': 'эконом', 'аренда': 1500}"
593,"{'марка': 'Volkswagen', 'модель': 'Polo', 'тариф': 'эконом', 'аренда': 1750}"
594,"{'марка': 'Datsun', 'модель': 'on-DO', 'тариф': 'эконом', 'аренда': 1200}"
595,"{'марка': 'Fiat', 'модель': 'Panda', 'тариф': 'эконом', 'аренда': 1350}"
596,"{'марка': 'Renault', 'модель': 'Logan', 'тариф': 'эконом', 'аренда': 1200}"
597,"{'марка': 'Mazda', 'модель': '6', 'тариф': 'комфорт+', 'аренда': 2900}"
598,"{'марка': 'Peugeot', 'модель': '408', 'тариф': 'комфорт', 'аренда': 2250}"
599,"{'марка': 'Geely', 'модель': 'MK', 'тариф': 'эконом', 'аренда': 1350}"
600,"{'марка': 'Hyundai', 'модель': 'Solaris', 'тариф': 'эконом', 'аренда': 1700}"
601,"{'марка': 'Daewoo', 'модель': 'Matiz', 'тариф': 'эконом', 'аренда': 1700}"
602,"{'марка': 'Toyota', 'модель': 'Corolla', 'тариф': 'комфорт', 'аренда': 1850}"
603,"{'марка': 'Chery', 'модель': 'Tiggo 2', 'тариф': 'эконом', 'аренда': 1650}"
604,"{'марка': 'Mazda', 'модель': '3', 'тариф': 'комфорт', 'аренда': 2450}"
605,"{'марка': 'Subaru', 'модель': 'Outback', 'тариф': 'комфорт+', 'аренда': 2700}"
606,"{'марка': 'Hyundai', 'модель': 'Solaris', 'тариф': 'эконом', 'аренда': 1500}"
607,"{'марка': 'Suzuki', 'модель': 'Alto', 'тариф': 'эконом', 'аренда': 1250}"
608,"{'марка': 'Renault', 'модель': 'Logan', 'тариф': 'эконом', 'аренда': 1700}"
609,"{'марка': 'Subaru', 'модель': 'Outback', 'тариф': 'комфорт+', 'аренда': 2900}"
610,"{'марка': 'Fiat', 'модель': 'Panda', 'тариф': 'эконом', 'аренда': 1500}"
611,"{'марка': 'Honda', 'модель': 'Accord', 'тариф': 'комфорт+', 'аренда': 3150}"
612,"{'марка': 'Kia', 'модель': 'Rio', 'тариф': 'эконом', 'аренда': 1350}"
613,"{'марка': 'Toyota', 'модель': 'Corolla', 'тариф': 'комфорт', 'аренда': 2150}"
614,"{'марка': 'Hyundai', 'модель': 'Elantra', 'тариф': 'комфорт', 'аренда': 1850}"
615,"{'марка': 'Kia', 'модель': 'Rio', 'тариф': 'эконом', 'аренда': 1350}"
616,"{'марка': 'Chery', 'модель': 'Tiggo 4', 'тариф': 'комфорт', 'аренда': 1700}"
617,"{'марка': 'Chery', 'модель': 'Tiggo 7', 'тариф': 'комфорт+', 'аренда': 2450}"
618,"{'марка': 'Mitsubishi', 'модель': 'Outlander', 'тариф': 'комфорт+', 'аренда': 2400}"
619,"{'марка': 'Suzuki', 'модель': 'Alto', 'тариф': 'эконом', 'аренда': 1200}"
620,"{'марка': 'Lada', 'модель': 'Granta', 'тариф': 'эконом', 'аренда': 1800}"
621,"{'марка': 'Geely', 'модель': 'MK', 'тариф': 'эконом', 'аренда': 1500}"
622,"{'марка': 'Toyota', 'модель': 'Corolla', 'тариф': 'комфорт', 'аренда': 2250}"
623,"{'марка': 'Kia', 'модель': 'Rio', 'тариф': 'эконом', 'аренда': 1650}"
624,"{'марка': 'Renault', 'модель': 'Logan', 'тариф': 'эконом', 'аренда': 1400}"
625,"{'марка': 'Subaru', 'модель': 'Outback', 'тариф': 'комфорт+', 'аренда': 2500}"
626,"{'марка': 'Chery', 'модель': 'Tiggo 4', 'тариф': 'комфорт', 'аренда': 2000}"
627,"{'марка': 'Fiat', 'модель': 'Panda', 'тариф': 'эконом', 'аренда': 1650}"
628,"{'марка': 'Volkswagen', 'модель': 'Passat', 'тариф': 'комфорт+', 'аренда': 2800}"
629,"{'марка': 'Chery', 'модель': 'Tiggo 2', 'тариф': 'эконом', 'аренда': 1750}"
630,"{'марка': 'Honda', 'модель': 'Accord', 'тариф': 'комфорт+', 'аренда': 2650}"
631,"{'марка': 'Suzuki', 'модель': 'Alto', 'тариф': 'эконом', 'аренда': 1200}"
632,"{'марка': 'Volkswagen', 'модель': 'Polo', 'тариф': 'эконом', 'аренда': 1350}"
633,"{'марка': 'Opel', 'модель': 'Astra', 'тариф': 'комфорт', 'аренда': 1950}"
634,"{'марка': 'Chevrolet', 'модель': 'Spark', 'тариф': 'эконом', 'аренда': 1600}"
635,"{'марка': 'Chery', 'модель': 'Tiggo 4', 'тариф': 'комфорт', 'аренда': 2350}"
636,"{'марка': 'Chery', 'модель': 'Tiggo 2', 'тариф': 'эконом', 'аренда': 1600}"
637,"{'марка': 'Geely', 'модель': 'MK', 'тариф': 'эконом', 'аренда': 1600}"
638,"{'марка': 'Datsun', 'модель': 'on-DO', 'тариф': 'эконом', 'аренда': 1800}"
639,"{'марка': 'Chery', 'модель': 'Tiggo 7', 'тариф': 'комфорт+', 'аренда': 2650}"
640,"{'марка': 'Chery', 'модель': 'Tiggo 4', 'тариф': 'комфорт', 'аренда': 2400}"
641,"{'марка': 'Renault', 'модель': 'Logan', 'тариф': 'эконом', 'аренда': 1400}"
642,"{'марка': 'Geely', 'модель': 'MK', 'тариф': 'эконом', 'аренда': 1650}"
643,"{'марка': 'Renault', 'модель': 'Logan', 'тариф': 'эконом', 'аренда': 1400}"
644,"{'марка': 'Skoda', 'модель': 'Octavia', 'тариф': 'комфорт+', 'аренда': 2850}"
645,"{'марка': 'Chevrolet', 'модель': 'Spark', 'тариф': 'эконом', 'аренда': 1450}"
646,"{'марка': 'Daewoo', 'модель': 'Matiz', 'тариф': 'эконом', 'аренда': 1600}"
647,"{'марка': 'Renault', 'модель': 'Logan', 'тариф': 'эконом', 'аренда': 1200}"
648,"{'марка': 'Citroen', 'модель': 'C4', 'тариф': 'комфорт', 'аренда': 1950}"
649,"{'марка': 'Hyundai', 'модель': 'Solaris', 'тариф': 'эконом', 'аренда': 1550}"
650,"{'марка': 'Chery', 'модель': 'Tiggo 4', 'тариф': 'комфорт', 'аренда': 1950}"
651,"{'марка': 'Daewoo', 'модель': 'Matiz', 'тариф': 'эконом', 'аренда': 1700}"
652,"{'марка': 'Hyundai', 'модель': 'Solaris', 'тариф': 'эконом', 'аренда': 1800}"
653,"{'марка': 'Skoda', 'модель': 'Octavia', 'тариф': 'комфорт+', 'аренда': 2100}"
654,"{'марка': 'Geely', 'модель': 'Atlas', 'тариф': 'комфорт+', 'аренда': 3300}"
655,"{'марка': 'Hyundai', 'модель': 'Solaris', 'тариф': 'эконом', 'аренда': 1550}"
656,"{'марка': 'Peugeot', 'модель': '508', 'тариф': 'комфорт+', 'аренда': 2550}"
657,"{'марка': 'Datsun', 'модель': 'on-DO', 'тариф': 'эконом', 'аренда': 1650}"
658,"{'марка': 'Mitsubishi', 'модель': 'Outlander', 'тариф': 'комфорт+', 'аренда': 3050}"
659,"{'марка': 'Subaru', 'модель': 'Outback', 'тариф': 'комфорт+', 'аренда': 2200}"
660,"{'марка': 'Suzuki', 'модель': 'Alto', 'тариф': 'эконом', 'аренда': 1550}"
661,"{'марка': 'Kia', 'модель': 'Rio', 'тариф': 'эконом', 'аренда': 1200}"
662,"{'марка': 'Toyota', 'модель': 'Corolla', 'тариф': 'комфорт', 'аренда': 2400}"
663,"{'марка': 'Geely', 'модель': 'MK', 'тариф': 'эконом', 'аренда': 1450}"
664,"{'марка': 'Toyota', 'модель': 'Camry', 'тариф': 'комфорт+', 'аренда': 2450}"
665,"{'марка': 'Skoda', 'модель': 'Octavia', 'тариф': 'комфорт+', 'аренда': 3450}"
666,"{'марка': 'Geely', 'модель': 'Atlas', 'тариф': 'комфорт+', 'аренда': 3150}"
667,"{'марка': 'Volkswagen', 'модель': 'Polo', 'тариф': 'эконом', 'аренда': 1800}"
668,"{'марка': 'Kia', 'модель': 'Rio', 'тариф': 'эконом', 'аренда': 1200}"
669,"{'марка': 'Datsun', 'модель': 'on-DO', 'тариф': 'эконом', 'аренда': 1650}"
670,"{'марка': 'Geely', 'модель': 'Emgrand', 'тариф': 'комфорт', 'аренда': 1750}"
671,"{'марка': 'Renault', 'модель': 'Logan', 'тариф': 'эконом', 'аренда': 1750}"
672,"{'марка': 'Suzuki', 'модель': 'Alto', 'тариф': 'эконом', 'аренда': 1600}"
673,"{'марка': 'Chery', 'модель': 'Tiggo 7', 'тариф': 'комфорт+', 'аренда': 2800}"
674,"{'марка': 'Volkswagen', 'модель': 'Polo', 'тариф': 'эконом', 'аренда': 1550}"
675,"{'марка': 'Mazda', 'модель': '3', 'тариф': 'комфорт', 'аренда': 2350}"
676,"{'марка': 'Peugeot', 'модель': '508', 'тариф': 'комфорт+', 'аренда': 3400}"
677,"{'марка': 'Renault', 'модель': 'Logan', 'тариф': 'эконом', 'аренда': 1300}"
678,"{'марка': 'Toyota', 'модель': 'Camry', 'тариф': 'комфорт+', 'аренда': 3050}"
679,"{'марка': 'Datsun', 'модель': 'on-DO', 'тариф': 'эконом', 'аренда': 1600}"
680,"{'марка': 'Suzuki', 'модель': 'Alto', 'тариф': 'эконом', 'аренда': 1800}"
681,"{'марка': 'Mazda', 'модель': '6', 'тариф': 'комфорт+', 'аренда': 3350}"
682,"{'марка': 'Subaru', 'модель': 'Outback', 'тариф': 'комфорт+', 'аренда': 2600}"
683,"{'марка': 'Chevrolet', 'модель': 'Spark', 'тариф': 'эконом', 'аренда': 1650}"
684,"{'марка': 'Toyota', 'модель': 'Camry', 'тариф': 'комфорт+', 'аренда': 3000}"
685,"{'марка': 'Mazda', 'модель': '3', 'тариф': 'комфорт', 'аренда': 1800}"
686,"{'марка': 'Lada', 'модель': 'Granta', 'тариф': 'эконом', 'аренда': 1750}"
687,"{'марка': 'Hyundai', 'модель': 'Solaris', 'тариф': 'эконом', 'аренда': 1700}"
688,"{'марка': 'Suzuki', 'модель': 'Alto', 'тариф': 'эконом', 'аренда': 1300}"
689,"{'марка': 'Subaru', 'модель': 'Outback', 'тариф': 'комфорт+', 'аренда': 2650}"
690,"{'марка': 'Lada', 'модель': 'Granta', 'тариф': 'эконом', 'аренда': 1600}"
691,"{'марка': 'Geely', 'модель': 'Emgrand', 'тариф': 'комфорт', 'аренда': 2350}"
692,"{'марка': 'Opel', 'модель': 'Astra', 'тариф': 'комфорт', 'аренда': 1600}"
693,"{'марка': 'Kia', 'модель': 'Rio', 'тариф': 'эконом', 'аренда': 1700}"
694,"{'марка': 'Citroen', 'модель': 'C4', 'тариф': 'комфорт', 'аренда': 1900}"
695,"{'марка': 'Renault', 'модель': 'Logan', 'тариф': 'эконом', 'аренда': 1750}"
696,"{'марка': 'Ford', 'модель': 'Mondeo', 'тариф': 'комфорт+', 'аренда': 3150}"
697,"{'марка': 'Chery', 'модель': 'Tiggo 2', 'тариф': 'эконом', 'аренда': 1750}"
698,"{'марка': 'Datsun', 'модель': 'on-DO', 'тариф': 'эконом', 'аренда': 1800}"
699,"{'марка': 'Mazda', 'модель': '3', 'тариф': 'комфорт', 'аренда': 2300}"
700,"{'марка': 'Chevrolet', 'модель': 'Spark', 'тариф': 'эконом', 'аренда': 1750}"
701,"{'марка': 'Mazda', 'модель': '3', 'тариф': 'комфорт', 'аренда': 2300}"
702,"{'марка': 'Renault', 'модель': 'Logan', 'тариф': 'эконом', 'аренда': 1500}"
703,"{'марка': 'Subaru', 'модель': 'Outback', 'тариф': 'комфорт+', 'аренда': 2250}"
704,"{'марка': 'Geely', 'модель': 'MK', 'тариф': 'эконом', 'аренда': 1250}"
705,"{'марка': 'Mazda', 'модель': '6', 'тариф': 'комфорт+', 'аренда': 3000}"
706,"{'марка': 'Chery', 'модель': 'Tiggo 2', 'тариф': 'эконом', 'аренда': 1350}"
707,"{'марка': 'Chery', 'модель': 'Tiggo 2', 'тариф': 'эконом', 'аренда': 1200}"
708,"{'марка': 'Nissan', 'модель': 'Qashqai', 'тариф': 'комфорт+', 'аренда': 3250}"
709,"{'марка': 'Datsun', 'модель': 'on-DO', 'тариф': 'эконом', 'аренда': 1700}"
710,"{'марка': 'Geely', 'модель': 'MK', 'тариф': 'эконом', 'аренда': 1700}"
711,"{'марка': 'Geely', 'модель': 'Emgrand', 'тариф': 'комфорт', 'аренда': 2250}"
712,"{'марка': 'Suzuki', 'модель': 'Alto', 'тариф': 'эконом', 'аренда': 1300}"
713,"{'марка': 'Chery', 'модель': 'Tiggo 2', 'тариф': 'эконом', 'аренда': 1350}"
714,"{'марка': 'Daewoo', 'модель': 'Matiz', 'тариф': 'эконом', 'аренда': 1650}"
715,"{'марка': 'Peugeot', 'модель': '508', 'тариф': 'комфорт+', 'аренда': 2000}"
716,"{'марка': 'Chevrolet', 'модель': 'Spark', 'тариф': 'эконом', 'аренда': 1450}"
717,"{'марка': 'Datsun', 'модель': 'on-DO', 'тариф': 'эконом', 'аренда': 1250}"
718,"{'марка': 'Renault', 'модель': 'Logan', 'тариф': 'эконом', 'аренда': 1800}"
719,"{'марка': 'Skoda', 'модель': 'Rapid', 'тариф': 'комфорт', 'аренда': 1800}"
720,"{'марка': 'Daewoo', 'модель': 'Matiz', 'тариф': 'эконом', 'аренда': 1700}"
721,"{'марка': 'Volkswagen', 'модель': 'Jetta', 'тариф': 'комфорт', 'аренда': 1600}"
722,"{'марка': 'Datsun', 'модель': 'on-DO', 'тариф': 'эконом', 'аренда': 1500}"
723,"{'марка': 'Daewoo', 'модель': 'Matiz', 'тариф': 'эконом', 'аренда': 1500}"
724,"{'марка': 'Skoda', 'модель': 'Rapid', 'тариф': 'комфорт', 'аренда': 1750}"
725,"{'марка': 'Suzuki', 'модель': 'Alto', 'тариф': 'эконом', 'аренда': 1450}"
726,"{'марка': 'Chevrolet', 'модель': 'Spark', 'тариф': 'эконом', 'аренда': 1400}"
727,"{'марка': 'Kia', 'модель': 'Rio', 'тариф': 'эконом', 'аренда': 1750}"
728,"{'марка': 'Chevrolet', 'модель': 'Spark', 'тариф': 'эконом', 'аренда': 1450}"
729,"{'марка': 'Hyundai', 'модель': 'Solaris', 'тариф': 'эконом', 'аренда': 1550}"
730,"{'марка': 'Mazda', 'модель': '6', 'тариф': 'комфорт+', 'аренда': 3350}"
731,"{'марка': 'Mazda', 'модель': '6', 'тариф': 'комфорт+', 'аренда': 3000}"
732,"{'марка': 'Peugeot', 'модель': '408', 'тариф': 'комфорт', 'аренда': 1750}"
733,"{'марка': 'Geely', 'модель': 'Atlas', 'тариф': 'комфорт+', 'аренда': 3000}"
734,"{'марка': 'Honda', 'модель': 'Civic', 'тариф': 'комфорт', 'аренда': 2000}"
735,"{'марка': 'Renault', 'модель': 'Logan', 'тариф': 'эконом', 'аренда': 1800}"
736,"{'марка': 'Suzuki', 'модель': 'Alto', 'тариф': 'эконом', 'аренда': 1700}"
737,"{'марка': 'Mazda', 'модель': '3', 'тариф': 'комфорт', 'аренда': 2100}"
738,"{'марка': 'Daewoo', 'модель': 'Matiz', 'тариф': 'эконом', 'аренда': 1700}"
739,"{'марка': 'Skoda', 'модель': 'Rapid', 'тариф': 'комфорт', 'аренда': 2300}"
740,"{'марка': 'Renault', 'модель': 'Logan', 'тариф': 'эконом', 'аренда': 1400}"
741,"{'марка': 'Renault', 'модель': 'Logan', 'тариф': 'эконом', 'аренда': 1550}"
742,"{'марка': 'Geely', 'модель': 'Atlas', 'тариф': 'комфорт+', 'аренда': 3050}"
743,"{'марка': 'Renault', 'модель': 'Logan', 'тариф': 'эконом', 'аренда': 1250}"
744,"{'марка': 'Suzuki', 'модель': 'Alto', 'тариф': 'эконом', 'аренда': 1800}"
745,"{'марка': 'Daewoo', 'модель': 'Matiz', 'тариф': 'эконом', 'аренда': 1600}"
746,"{'марка': 'Geely', 'модель': 'MK', 'тариф': 'эконом', 'аренда': 1350}"
747,"{'марка': 'Lada', 'модель': 'Granta', 'тариф': 'эконом', 'аренда': 1300}"
748,"{'марка': 'Datsun', 'модель': 'on-DO', 'тариф': 'эконом', 'аренда': 1500}"
749,"{'марка': 'Skoda', 'модель': 'Octavia', 'тариф': 'комфорт+', 'аренда': 3500}"
750,"{'марка': 'Suzuki', 'модель': 'Alto', 'тариф': 'эконом', 'аренда': 1400}"
751,"{'марка': 'Peugeot', 'модель': '508', 'тариф': 'комфорт+', 'аренда': 3350}"
752,"{'марка': 'Skoda', 'модель': 'Octavia', 'тариф': 'комфорт+', 'аренда': 2400}"
753,"{'марка': 'Toyota', 'модель': 'Camry', 'тариф': 'комфорт+', 'аренда': 2950}"
754,"{'марка': 'Geely', 'модель': 'MK', 'тариф': 'эконом', 'аренда': 1300}"
755,"{'марка': 'Toyota', 'модель': 'Corolla', 'тариф': 'комфорт', 'аренда': 2450}"
756,"{'марка': 'Kia', 'модель': 'Rio', 'тариф': 'эконом', 'аренда': 1700}"
757,"{'марка': 'Chery', 'модель': 'Tiggo 2', 'тариф': 'эконом', 'аренда': 1300}"
758,"{'марка': 'Volkswagen', 'модель': 'Jetta', 'тариф': 'комфорт', 'аренда': 2000}"
759,"{'марка': 'Daewoo', 'модель': 'Matiz', 'тариф': 'эконом', 'аренда': 1600}"
760,"{'марка': 'Lada', 'модель': 'Granta', 'тариф': 'эконом', 'аренда': 1800}"
761,"{'марка': 'Fiat', 'модель': 'Panda', 'тариф': 'эконом', 'аренда': 1200}"
762,"{'марка': 'Volkswagen', 'модель': 'Jetta', 'тариф': 'комфорт', 'аренда': 2400}"
763,"{'марка': 'Daewoo', 'модель': 'Matiz', 'тариф': 'эконом', 'аренда': 1300}"
764,"{'марка': 'Mitsubishi', 'модель': 'Outlander', 'тариф': 'комфорт+', 'аренда': 3350}"
765,"{'марка': 'Mazda', 'модель': '3', 'тариф': 'комфорт', 'аренда': 1700}"
766,"{'марка': 'Skoda', 'модель': 'Rapid', 'тариф': 'комфорт', 'аренда': 2300}"
767,"{'марка': 'Opel', 'модель': 'Astra', 'тариф': 'комфорт', 'аренда': 2050}"
768,"{'марка': 'Peugeot', 'модель': '408', 'тариф': 'комфорт', 'аренда': 2150}"
769,"{'марка': 'Citroen', 'модель': 'C4', 'тариф': 'комфорт', 'аренда': 1650}"
770,"{'марка': 'Lada', 'модель': 'Granta', 'тариф': 'эконом', 'аренда': 1650}"
771,"{'марка': 'Skoda', 'модель': 'Rapid', 'тариф': 'комфорт', 'аренда': 2100}"
772,"{'марка': 'Volkswagen', 'модель': 'Polo', 'тариф': 'эконом', 'аренда': 1800}"
773,"{'марка': 'Hyundai', 'модель': 'Elantra', 'тариф': 'комфорт', 'аренда': 1700}"
774,"{'марка': 'Fiat', 'модель': 'Panda', 'тариф': 'эконом', 'аренда': 1750}"
775,"{'марка': 'Suzuki', 'модель': 'Alto', 'тариф': 'эконом', 'аренда': 1700}"
776,"{'марка': 'Geely', 'модель': 'MK', 'тариф': 'эконом', 'аренда': 1750}"
777,"{'марка': 'Datsun', 'модель': 'on-DO', 'тариф': 'эконом', 'аренда': 1700}"
778,"{'марка': 'Chery', 'модель': 'Tiggo 2', 'тариф': 'эконом', 'аренда': 1200}"
779,"{'марка': 'Datsun', 'модель': 'on-DO', 'тариф': 'эконом', 'аренда': 1500}"
780,"{'марка': 'Kia', 'модель': 'Rio', 'тариф': 'эконом', 'аренда': 1650}"
781,"{'марка': 'Daewoo', 'модель': 'Matiz', 'тариф': 'эконом', 'аренда': 1450}"
782,"{'марка': 'Hyundai', 'модель': 'Elantra', 'тариф': 'комфорт', 'аренда': 1950}"
783,"{'марка': 'Daewoo', 'модель': 'Matiz', 'тариф': 'эконом', 'аренда': 1500}"
784,"{'марка': 'Lada', 'модель': 'Granta', 'тариф': 'эконом', 'аренда': 1400}"
785,"{'марка': 'Daewoo', 'модель': 'Matiz', 'тариф': 'эконом', 'аренда': 1600}"
786,"{'марка': 'Geely', 'модель': 'MK', 'тариф': 'эконом', 'аренда': 1350}"
787,"{'марка': 'Volkswagen', 'модель': 'Polo', 'тариф': 'эконом', 'аренда': 1800}"
788,"{'марка': 'Chevrolet', 'модель': 'Spark', 'тариф': 'эконом', 'аренда': 1450}"
789,"{'марка': 'Chery', 'модель': 'Tiggo 2', 'тариф': 'эконом', 'аренда': 1800}"
790,"{'марка': 'Datsun', 'модель': 'on-DO', 'тариф': 'эконом', 'аренда': 1500}"
791,"{'марка': 'Fiat', 'модель': 'Panda', 'тариф': 'эконом', 'аренда': 1550}"
792,"{'марка': 'Toyota', 'модель': 'Camry', 'тариф': 'комфорт+', 'аренда': 2150}"
793,"{'марка': 'Renault', 'модель': 'Logan', 'тариф': 'эконом', 'аренда': 1400}"
794,"{'марка': 'Toyota', 'модель': 'Corolla', 'тариф': 'комфорт', 'аренда': 1650}"
795,"{'марка': 'Hyundai', 'модель': 'Solaris', 'тариф': 'эконом', 'аренда': 1400}"
796,"{'марка': 'Lada', 'модель': 'Granta', 'тариф': 'эконом', 'аренда': 1550}"
797,"{'марка': 'Toyota', 'модель': 'Camry', 'тариф': 'комфорт+', 'аренда': 2050}"
798,"{'марка': 'Geely', 'модель': 'Emgrand', 'тариф': 'комфорт', 'аренда': 2350}"
799,"{'марка': 'Renault', 'модель': 'Logan', 'тариф': 'эконом', 'аренда': 1700}"
800,"{'марка': 'Ford', 'модель': 'Mondeo', 'тариф': 'комфорт+', 'аренда': 3150}"
801,"{'марка': 'Chevrolet', 'модель': 'Spark', 'тариф': 'эконом', 'аренда': 1400}"
802,"{'марка': 'Hyundai', 'модель': 'Solaris', 'тариф': 'эконом', 'аренда': 1450}"
803,"{'марка': 'Geely', 'модель': 'MK', 'тариф': 'эконом', 'аренда': 1550}"
804,"{'марка': 'Lada', 'модель': 'Granta', 'тариф': 'эконом', 'аренда': 1700}"
805,"{'марка': 'Skoda', 'модель': 'Rapid', 'тариф': 'комфорт', 'аренда': 2200}"
806,"{'марка': 'Chery', 'модель': 'Tiggo 7', 'тариф': 'комфорт+', 'аренда': 2150}"
807,"{'марка': 'Skoda', 'модель': 'Octavia', 'тариф': 'комфорт+', 'аренда': 3350}"
808,"{'марка': 'Subaru', 'модель': 'Outback', 'тариф': 'комфорт+', 'аренда': 3000}"
809,"{'марка': 'Honda', 'модель': 'Civic', 'тариф': 'комфорт', 'аренда': 1600}"
810,"{'марка': 'Lada', 'модель': 'Granta', 'тариф': 'эконом', 'аренда': 1700}"
811,"{'марка': 'Volkswagen', 'модель': 'Polo', 'тариф': 'эконом', 'аренда': 1600}"
812,"{'марка': 'Geely', 'модель': 'Emgrand', 'тариф': 'комфорт', 'аренда': 1750}"
813,"{'марка': 'Volkswagen', 'модель': 'Polo', 'тариф': 'эконом', 'аренда': 1600}"
814,"{'марка': 'Datsun', 'модель': 'on-DO', 'тариф': 'эконом', 'аренда': 1200}"
815,"{'марка': 'Fiat', 'модель': 'Panda', 'тариф': 'эконом', 'аренда': 1400}"
816,"{'марка': 'Chery', 'модель': 'Tiggo 7', 'тариф': 'комфорт+', 'аренда': 2750}"
817,"{'марка': 'Hyundai', 'модель': 'Solaris', 'тариф': 'эконом', 'аренда': 1600}"
818,"{'марка': 'Lada', 'модель': 'Granta', 'тариф': 'эконом', 'аренда': 1300}"
819,"{'марка': 'Chevrolet', 'модель': 'Spark', 'тариф': 'эконом', 'аренда': 1550}"
820,"{'марка': 'Fiat', 'модель': 'Panda', 'тариф': 'эконом', 'аренда': 1500}"
821,"{'марка': 'Hyundai', 'модель': 'Elantra', 'тариф': 'комфорт', 'аренда': 1700}"
822,"{'марка': 'Renault', 'модель': 'Logan', 'тариф': 'эконом', 'аренда': 1200}"
823,"{'марка': 'Suzuki', 'модель': 'Alto', 'тариф': 'эконом', 'аренда': 1500}"
824,"{'марка': 'Volkswagen', 'модель': 'Polo', 'тариф': 'эконом', 'аренда': 1350}"
825,"{'марка': 'Fiat', 'модель': 'Panda', 'тариф': 'эконом', 'аренда': 1800}"
826,"{'марка': 'Volkswagen', 'модель': 'Polo', 'тариф': 'эконом', 'аренда': 1350}"
827,"{'марка': 'Peugeot', 'модель': '508', 'тариф': 'комфорт+', 'аренда': 2150}"
828,"{'марка': 'Fiat', 'модель': 'Panda', 'тариф': 'эконом', 'аренда': 1700}"
829,"{'марка': 'Hyundai', 'модель': 'Elantra', 'тариф': 'комфорт', 'аренда': 2050}"
830,"{'марка': 'Toyota', 'модель': 'Camry', 'тариф': 'комфорт+', 'аренда': 3150}"
831,"{'марка': 'Daewoo', 'модель': 'Matiz', 'тариф': 'эконом', 'аренда': 1750}"
832,"{'марка': 'Skoda', 'модель': 'Octavia', 'тариф': 'комфорт+', 'аренда': 3300}"
833,"{'марка': 'Mazda', 'модель': '3', 'тариф': 'комфорт', 'аренда': 1950}"
834,"{'марка': 'Datsun', 'модель': 'on-DO', 'тариф': 'эконом', 'аренда': 1200}"
835,"{'марка': 'Lada', 'модель': 'Granta', 'тариф': 'эконом', 'аренда': 1450}"
836,"{'марка': 'Chery', 'модель': 'Tiggo 2', 'тариф': 'эконом', 'аренда': 1550}"
837,"{'марка': 'Ford', 'модель': 'Mondeo', 'тариф': 'комфорт+', 'аренда': 2600}"
838,"{'марка': 'Geely', 'модель': 'Emgrand', 'тариф': 'комфорт', 'аренда': 1950}"
839,"{'марка': 'Subaru', 'модель': 'Outback', 'тариф': 'комфорт+', 'аренда': 3100}"
840,"{'марка': 'Geely', 'модель': 'MK', 'тариф': 'эконом', 'аренда': 1750}"
841,"{'марка': 'Geely', 'модель': 'Atlas', 'тариф': 'комфорт+', 'аренда': 2050}"
842,"{'марка': 'Daewoo', 'модель': 'Matiz', 'тариф': 'эконом', 'аренда': 1600}"
843,"{'марка': 'Honda', 'модель': 'Civic', 'тариф': 'комфорт', 'аренда': 2350}"
844,"{'марка': 'Mazda', 'модель': '3', 'тариф': 'комфорт', 'аренда': 2350}"
845,"{'марка': 'Kia', 'модель': 'Rio', 'тариф': 'эконом', 'аренда': 1650}"
846,"{'марка': 'Mazda', 'модель': '6', 'тариф': 'комфорт+', 'аренда': 3300}"
847,"{'марка': 'Datsun', 'модель': 'on-DO', 'тариф': 'эконом', 'аренда': 1550}"
848,"{'марка': 'Mitsubishi', 'модель': 'Outlander', 'тариф': 'комфорт+', 'аренда': 2200}"
849,"{'марка': 'Datsun', 'модель': 'on-DO', 'тариф': 'эконом', 'аренда': 1550}"
850,"{'марка': 'Opel', 'модель': 'Astra', 'тариф': 'комфорт', 'аренда': 2300}"
851,"{'марка': 'Peugeot', 'модель': '508', 'тариф': 'комфорт+', 'аренда': 3000}"
852,"{'марка': 'Subaru', 'модель': 'Outback', 'тариф': 'комфорт+', 'аренда': 2000}"
853,"{'марка': 'Renault', 'модель': 'Logan', 'тариф': 'эконом', 'аренда': 1250}"
854,"{'марка': 'Honda', 'модель': 'Civic', 'тариф': 'комфорт', 'аренда': 2450}"
855,"{'марка': 'Suzuki', 'модель': 'Alto', 'тариф': 'эконом', 'аренда': 1550}"
856,"{'марка': 'Hyundai', 'модель': 'Solaris', 'тариф': 'эконом', 'аренда': 1300}"
857,"{'марка': 'Honda', 'модель': 'Civic', 'тариф': 'комфорт', 'аренда': 2250}"
858,"{'марка': 'Hyundai', 'модель': 'Elantra', 'тариф': 'комфорт', 'аренда': 2100}"
859,"{'марка': 'Volkswagen', 'модель': 'Polo', 'тариф': 'эконом', 'аренда': 1600}"
860,"{'марка': 'Honda', 'модель': 'Accord', 'тариф': 'комфорт+', 'аренда': 2600}"
861,"{'марка': 'Hyundai', 'модель': 'Solaris', 'тариф': 'эконом', 'аренда': 1550}"
862,"{'марка': 'Honda', 'модель': 'Civic', 'тариф': 'комфорт', 'аренда': 2250}"
863,"{'марка': 'Hyundai', 'модель': 'Solaris', 'тариф': 'эконом', 'аренда': 1500}"
864,"{'марка': 'Chevrolet', 'модель': 'Spark', 'тариф': 'эконом', 'аренда': 1350}"
865,"{'марка': 'Datsun', 'модель': 'on-DO', 'тариф': 'эконом', 'аренда': 1650}"
866,"{'марка': 'Volkswagen', 'модель': 'Polo', 'тариф': 'эконом', 'аренда': 1250}"
867,"{'марка': 'Suzuki', 'модель': 'Alto', 'тариф': 'эконом', 'аренда': 1250}"
868,"{'марка': 'Chevrolet', 'модель': 'Spark', 'тариф': 'эконом', 'аренда': 1200}"
869,"{'марка': 'Subaru', 'модель': 'Outback', 'тариф': 'комфорт+', 'аренда': 3200}"
870,"{'марка': 'Chery', 'модель': 'Tiggo 4', 'тариф': 'комфорт', 'аренда': 2450}"
871,"{'марка': 'Daewoo', 'модель': 'Matiz', 'тариф': 'эконом', 'аренда': 1250}"
872,"{'марка': 'Hyundai', 'модель': 'Elantra', 'тариф': 'комфорт', 'аренда': 1600}"
873,"{'марка': 'Chevrolet', 'модель': 'Spark', 'тариф': 'эконом', 'аренда': 1300}"
874,"{'марка': 'Toyota', 'модель': 'Corolla', 'тариф': 'комфорт', 'аренда': 1650}"
875,"{'марка': 'Fiat', 'модель': 'Panda', 'тариф': 'эконом', 'аренда': 1600}"
876,"{'марка': 'Renault', 'модель': 'Logan', 'тариф': 'эконом', 'аренда': 1250}"
877,"{'марка': 'Kia', 'модель': 'Rio', 'тариф': 'эконом', 'аренда': 1600}"
878,"{'марка': 'Datsun', 'модель': 'on-DO', 'тариф': 'эконом', 'аренда': 1300}"
879,"{'марка': 'Fiat', 'модель': 'Panda', 'тариф': 'эконом', 'аренда': 1800}"
880,"{'марка': 'Citroen', 'модель': 'C4', 'тариф': 'комфорт', 'аренда': 2350}"
881,"{'марка': 'Lada', 'модель': 'Granta', 'тариф': 'эконом', 'аренда': 1400}"
882,"{'марка': 'Fiat', 'модель': 'Panda', 'тариф': 'эконом', 'аренда': 1250}"
883,"{'марка': 'Suzuki', 'модель': 'Alto', 'тариф': 'эконом', 'аренда': 1250}"
884,"{'марка': 'Lada', 'модель': 'Granta', 'тариф': 'эконом', 'аренда': 1800}"
885,"{'марка': 'Geely', 'модель': 'Emgrand', 'тариф': 'комфорт', 'аренда': 2300}"
886,"{'марка': 'Kia', 'модель': 'Optima', 'тариф': 'комфорт', 'аренда': 1750}"
887,"{'марка': 'Chery', 'модель': 'Tiggo 7', 'тариф': 'комфорт+', 'аренда': 2300}"
888,"{'марка': 'Geely', 'модель': 'MK', 'тариф': 'эконом', 'аренда': 1400}"
889,"{'марка': 'Volkswagen', 'модель': 'Passat', 'тариф': 'комфорт+', 'аренда': 2850}"
890,"{'марка': 'Lada', 'модель': 'Granta', 'тариф': 'эконом', 'аренда': 1350}"
891,"{'марка': 'Renault', 'модель': 'Logan', 'тариф': 'эконом', 'аренда': 1200}"
892,"{'марка': 'Datsun', 'модель': 'on-DO', 'тариф': 'эконом', 'аренда': 1250}"
893,"{'марка': 'Honda', 'модель': 'Accord', 'тариф': 'комфорт+', 'аренда': 2550}"
894,"{'марка': 'Nissan', 'модель': 'Qashqai', 'тариф': 'комфорт+', 'аренда': 2200}"
895,"{'марка': 'Kia', 'модель': 'Rio', 'тариф': 'эконом', 'аренда': 1350}"
896,"{'марка': 'Chery', 'модель': 'Tiggo 2', 'тариф': 'эконом', 'аренда': 1350}"
897,"{'марка': 'Volkswagen', 'модель': 'Jetta', 'тариф': 'комфорт', 'аренда': 1700}"
898,"{'марка': 'Fiat', 'модель': 'Panda', 'тариф': 'эконом', 'аренда': 1650}"
899,"{'марка': 'Kia', 'модель': 'Rio', 'тариф': 'эконом', 'аренда': 1300}"
900,"{'марка': 'Toyota', 'модель': 'Corolla', 'тариф': 'комфорт', 'аренда': 2350}"
901,"{'марка': 'Datsun', 'модель': 'on-DO', 'тариф': 'эконом', 'аренда': 1600}"
902,"{'марка': 'Geely', 'модель': 'Atlas', 'тариф': 'комфорт+', 'аренда': 3050}"
903,"{'марка': 'Suzuki', 'модель': 'Alto', 'тариф': 'эконом', 'аренда': 1450}"
904,"{'марка': 'Datsun', 'модель': 'on-DO', 'тариф': 'эконом', 'аренда': 1400}"
905,"{'марка': 'Daewoo', 'модель': 'Matiz', 'тариф': 'эконом', 'аренда': 1650}"
906,"{'марка': 'Citroen', 'модель': 'C4', 'тариф': 'комфорт', 'аренда': 2150}"
907,"{'марка': 'Skoda', 'модель': 'Octavia', 'тариф': 'комфорт+', 'аренда': 2900}"
908,"{'марка': 'Daewoo', 'модель': 'Matiz', 'тариф': 'эконом', 'аренда': 1750}"
909,"{'марка': 'Geely', 'модель': 'Atlas', 'тариф': 'комфорт+', 'аренда': 3400}"
910,"{'марка': 'Hyundai', 'модель': 'Solaris', 'тариф': 'эконом', 'аренда': 1300}"
911,"{'марка': 'Datsun', 'модель': 'on-DO', 'тариф': 'эконом', 'аренда': 1300}"
912,"{'марка': 'Chevrolet', 'модель': 'Spark', 'тариф': 'эконом', 'аренда': 1600}"
913,"{'марка': 'Citroen', 'модель': 'C4', 'тариф': 'комфорт', 'аренда': 2100}"
914,"{'марка': 'Peugeot', 'модель': '408', 'тариф': 'комфорт', 'аренда': 1700}"
915,"{'марка': 'Volkswagen', 'модель': 'Polo', 'тариф': 'эконом', 'аренда': 1700}"
916,"{'марка': 'Suzuki', 'модель': 'Alto', 'тариф': 'эконом', 'аренда': 1800}"
917,"{'марка': 'Kia', 'модель': 'Rio', 'тариф': 'эконом', 'аренда': 1800}"
918,"{'марка': 'Mitsubishi', 'модель': 'Outlander', 'тариф': 'комфорт+', 'аренда': 2550}"
919,"{'марка': 'Geely', 'модель': 'MK', 'тариф': 'эконом', 'аренда': 1650}"
920,"{'марка': 'Mazda', 'модель': '6', 'тариф': 'комфорт+', 'аренда': 2950}"
921,"{'марка': 'Chery', 'модель': 'Tiggo 7', 'тариф': 'комфорт+', 'аренда': 2550}"
922,"{'марка': 'Chery', 'модель': 'Tiggo 7', 'тариф': 'комфорт+', 'аренда': 2350}"
923,"{'марка': 'Peugeot', 'модель': '408', 'тариф': 'комфорт', 'аренда': 1900}"
924,"{'марка': 'Toyota', 'модель': 'Corolla', 'тариф': 'комфорт', 'аренда': 2400}"
925,"{'марка': 'Chery', 'модель': 'Tiggo 2', 'тариф': 'эконом', 'аренда': 1550}"
926,"{'марка': 'Chery', 'модель': 'Tiggo 4', 'тариф': 'комфорт', 'аренда': 2250}"
927,"{'марка': 'Suzuki', 'модель': 'Alto', 'тариф': 'эконом', 'аренда': 1250}"
928,"{'марка': 'Ford', 'модель': 'Mondeo', 'тариф': 'комфорт+', 'аренда': 2450}"
929,"{'марка': 'Volkswagen', 'модель': 'Passat', 'тариф': 'комфорт+', 'аренда': 2600}"
930,"{'марка': 'Fiat', 'модель': 'Panda', 'тариф': 'эконом', 'аренда': 1600}"
931,"{'марка': 'Daewoo', 'модель': 'Matiz', 'тариф': 'эконом', 'аренда': 1250}"
932,"{'марка': 'Chery', 'модель': 'Tiggo 4', 'тариф': 'комфорт', 'аренда': 1700}"
933,"{'марка': 'Kia', 'модель': 'Rio', 'тариф': 'эконом', 'аренда': 1750}"
934,"{'марка': 'Volkswagen', 'модель': 'Polo', 'тариф': 'эконом', 'аренда': 1300}"
935,"{'марка': 'Daewoo', 'модель': 'Matiz', 'тариф': 'эконом', 'аренда': 1750}"
936,"{'марка': 'Mazda', 'модель': '6', 'тариф': 'комфорт+', 'аренда': 3000}"
937,"{'марка': 'Nissan', 'модель': 'Qashqai', 'тариф': 'комфорт+', 'аренда': 3350}"
938,"{'марка': 'Honda', 'модель': 'Accord', 'тариф': 'комфорт+', 'аренда': 2600}"
939,"{'марка': 'Mitsubishi', 'модель': 'Outlander', 'тариф': 'комфорт+', 'аренда': 3350}"
940,"{'марка': 'Chery', 'модель': 'Tiggo 2', 'тариф': 'эконом', 'аренда': 1600}"
941,"{'марка': 'Daewoo', 'модель': 'Matiz', 'тариф': 'эконом', 'аренда': 1500}"
942,"{'марка': 'Opel', 'модель': 'Astra', 'тариф': 'комфорт', 'аренда': 2200}"
943,"{'марка': 'Chery', 'модель': 'Tiggo 2', 'тариф': 'эконом', 'аренда': 1350}"
944,"{'марка': 'Datsun', 'модель': 'on-DO', 'тариф': 'эконом', 'аренда': 1500}"
945,"{'марка': 'Chevrolet', 'модель': 'Spark', 'тариф': 'эконом', 'аренда': 1550}"
946,"{'марка': 'Volkswagen', 'модель': 'Polo', 'тариф': 'эконом', 'аренда': 1200}"
947,"{'марка': 'Volkswagen', 'модель': 'Polo', 'тариф': 'эконом', 'аренда': 1300}"
948,"{'марка': 'Geely', 'модель': 'MK', 'тариф': 'эконом', 'аренда': 1450}"
949,"{'марка': 'Toyota', 'модель': 'Corolla', 'тариф': 'комфорт', 'аренда': 2300}"
950,"{'марка': 'Lada', 'модель': 'Granta', 'тариф': 'эконом', 'аренда': 1750}"
951,"{'марка': 'Ford', 'модель': 'Mondeo', 'тариф': 'комфорт+', 'аренда': 2650}"
952,"{'марка': 'Volkswagen', 'модель': 'Passat', 'тариф': 'комфорт+', 'аренда': 3000}"
953,"{'марка': 'Fiat', 'модель': 'Panda', 'тариф': 'эконом', 'аренда': 1350}"
954,"{'марка': 'Citroen', 'модель': 'C4', 'тариф': 'комфорт', 'аренда': 1650}"
955,"{'марка': 'Toyota', 'модель': 'Camry', 'тариф': 'комфорт+', 'аренда': 3000}"
956,"{'марка': 'Renault', 'модель': 'Logan', 'тариф': 'эконом', 'аренда': 1600}"
957,"{'марка': 'Geely', 'модель': 'MK', 'тариф': 'эконом', 'аренда': 1600}"
958,"{'марка': 'Peugeot', 'модель': '408', 'тариф': 'комфорт', 'аренда': 2050}"
959,"{'марка': 'Skoda', 'модель': 'Rapid', 'тариф': 'комфорт', 'аренда': 2250}"
960,"{'марка': 'Subaru', 'модель': 'Outback', 'тариф': 'комфорт+', 'аренда': 2500}"
961,"{'марка': 'Kia', 'модель': 'Rio', 'тариф': 'эконом', 'аренда': 1200}"
962,"{'марка': 'Geely', 'модель': 'MK', 'тариф': 'эконом', 'аренда': 1700}"
963,"{'марка': 'Daewoo', 'модель': 'Matiz', 'тариф': 'эконом', 'аренда': 1300}"
964,"{'марка': 'Suzuki', 'модель': 'Alto', 'тариф': 'эконом', 'аренда': 1750}"
965,"{'марка': 'Kia', 'модель': 'Optima', 'тариф': 'комфорт', 'аренда': 2100}"
966,"{'марка': 'Chevrolet', 'модель': 'Spark', 'тариф': 'эконом', 'аренда': 1600}"
967,"{'марка': 'Hyundai', 'модель': 'Solaris', 'тариф': 'эконом', 'аренда': 1550}"
968,"{'марка': 'Geely', 'модель': 'Atlas', 'тариф': 'комфорт+', 'аренда': 2550}"
969,"{'марка': 'Fiat', 'модель': 'Panda', 'тариф': 'эконом', 'аренда': 1400}"
970,"{'марка': 'Geely', 'модель': 'MK', 'тариф': 'эконом', 'аренда': 1500}"
971,"{'марка': 'Ford', 'модель': 'Mondeo', 'тариф': 'комфорт+', 'аренда': 3000}"
972,"{'марка': 'Chery', 'модель': 'Tiggo 7', 'тариф': 'комфорт+', 'аренда': 2650}"
973,"{'марка': 'Hyundai', 'модель': 'Solaris', 'тариф': 'эконом', 'аренда': 1650}"
974,"{'марка': 'Datsun', 'модель': 'on-DO', 'тариф': 'эконом', 'аренда': 1300}"
975,"{'марка': 'Mazda', 'модель': '6', 'тариф': 'комфорт+', 'аренда': 3500}"
976,"{'марка': 'Ford', 'модель': 'Mondeo', 'тариф': 'комфорт+', 'аренда': 3250}"
977,"{'марка': 'Lada', 'модель': 'Granta', 'тариф': 'эконом', 'аренда': 1700}"
978,"{'марка': 'Peugeot', 'модель': '508', 'тариф': 'комфорт+', 'аренда': 2600}"
979,"{'марка': 'Peugeot', 'модель': '408', 'тариф': 'комфорт', 'аренда': 2200}"
980,"{'марка': 'Volkswagen', 'модель': 'Passat', 'тариф': 'комфорт+', 'аренда': 2300}"
981,"{'марка': 'Citroen', 'модель': 'C4', 'тариф': 'комфорт', 'аренда': 1700}"
982,"{'марка': 'Daewoo', 'модель': 'Matiz', 'тариф': 'эконом', 'аренда': 1550}"
983,"{'марка': 'Geely', 'модель': 'Atlas', 'тариф': 'комфорт+', 'аренда': 2600}"
984,"{'марка': 'Lada', 'модель': 'Granta', 'тариф': 'эконом', 'аренда': 1450}"
985,"{'марка': 'Suzuki', 'модель': 'Alto', 'тариф': 'эконом', 'аренда': 1550}"
986,"{'марка': 'Renault', 'модель': 'Logan', 'тариф': 'эконом', 'аренда': 1800}"
987,"{'марка': 'Renault', 'модель': 'Logan', 'тариф': 'эконом', 'аренда': 1300}"
988,"{'марка': 'Chevrolet', 'модель': 'Spark', 'тариф': 'эконом', 'аренда': 1250}"
989,"{'марка': 'Ford', 'модель': 'Mondeo', 'тариф': 'комфорт+', 'аренда': 2450}"
990,"{'марка': 'Volkswagen', 'модель': 'Polo', 'тариф': 'эконом', 'аренда': 1250}"
991,"{'марка': 'Daewoo', 'модель': 'Matiz', 'тариф': 'эконом', 'аренда': 1400}"
992,"{'марка': 'Fiat', 'модель': 'Panda', 'тариф': 'эконом', 'аренда': 1500}"
993,"{'марка': 'Peugeot', 'модель': '508', 'тариф': 'комфорт+', 'аренда': 2100}"
994,"{'марка': 'Ford', 'модель': 'Mondeo', 'тариф': 'комфорт+', 'аренда': 2800}"
995,"{'марка': 'Lada', 'модель': 'Granta', 'тариф': 'эконом', 'аренда': 1600}"
996,"{'марка': 'Honda', 'модель': 'Accord', 'тариф': 'комфорт+', 'аренда': 2700}"
997,"{'марка': 'Suzuki', 'модель': 'Alto', 'тариф': 'эконом', 'аренда': 1250}"
998,"{'марка': 'Peugeot', 'модель': '508', 'тариф': 'комфорт+', 'аренда': 2650}"
999,"{'марка': 'Kia', 'модель': 'Rio', 'тариф': 'эконом', 'аренда': 1700}"
1000,"{'марка': 'Kia', 'модель': 'Rio', 'тариф': 'эконом', 'аренда': 1500}"
1001,"{'марка': 'Geely', 'модель': 'MK', 'тариф': 'эконом', 'аренда': 1650}"
1002,"{'марка': 'Opel', 'модель': 'Astra', 'тариф': 'комфорт', 'аренда': 2250}"
1003,"{'марка': 'Renault', 'модель': 'Logan', 'тариф': 'эконом', 'аренда': 1550}"
1004,"{'марка': 'Geely', 'модель': 'MK', 'тариф': 'эконом', 'аренда': 1550}"
1005,"{'марка': 'Hyundai', 'модель': 'Solaris', 'тариф': 'эконом', 'аренда': 1550}"
1006,"{'марка': 'Toyota', 'модель': 'Corolla', 'тариф': 'комфорт', 'аренда': 2350}"
1007,"{'марка': 'Renault', 'модель': 'Logan', 'тариф': 'эконом', 'аренда': 1650}"
1008,"{'марка': 'Honda', 'модель': 'Accord', 'тариф': 'комфорт+', 'аренда': 2500}"
1009,"{'марка': 'Volkswagen', 'модель': 'Polo', 'тариф': 'эконом', 'аренда': 1600}"
1010,"{'марка': 'Kia', 'модель': 'Rio', 'тариф': 'эконом', 'аренда': 1700}"
1011,"{'марка': 'Mitsubishi', 'модель': 'Outlander', 'тариф': 'комфорт+', 'аренда': 3350}"
1012,"{'марка': 'Mitsubishi', 'модель': 'Outlander', 'тариф': 'комфорт+', 'аренда': 2900}"
1013,"{'марка': 'Volkswagen', 'модель': 'Polo', 'тариф': 'эконом', 'аренда': 1700}"
1014,"{'марка': 'Hyundai', 'модель': 'Elantra', 'тариф': 'комфорт', 'аренда': 2500}"
1015,"{'марка': 'Geely', 'модель': 'Emgrand', 'тариф': 'комфорт', 'аренда': 1900}"
1016,"{'марка': 'Toyota', 'модель': 'Camry', 'тариф': 'комфорт+', 'аренда': 2200}"
1017,"{'марка': 'Citroen', 'модель': 'C4', 'тариф': 'комфорт', 'аренда': 1650}"
1018,"{'марка': 'Renault', 'модель': 'Logan', 'тариф': 'эконом', 'аренда': 1200}"
1019,"{'марка': 'Chery', 'модель': 'Tiggo 7', 'тариф': 'комфорт+', 'аренда': 2100}"
1020,"{'марка': 'Honda', 'модель': 'Civic', 'тариф': 'комфорт', 'аренда': 2250}"
1021,"{'марка': 'Chery', 'модель': 'Tiggo 2', 'тариф': 'эконом', 'аренда': 1750}"
1022,"{'марка': 'Ford', 'модель': 'Mondeo', 'тариф': 'комфорт+', 'аренда': 2850}"
1023,"{'марка': 'Peugeot', 'модель': '408', 'тариф': 'комфорт', 'аренда': 2200}"
1024,"{'марка': 'Volkswagen', 'модель': 'Polo', 'тариф': 'эконом', 'аренда': 1500}"
1025,"{'марка': 'Chevrolet', 'модель': 'Spark', 'тариф': 'эконом', 'аренда': 1350}"
1026,"{'марка': 'Lada', 'модель': 'Granta', 'тариф': 'эконом', 'аренда': 1600}"
1027,"{'марка': 'Suzuki', 'модель': 'Alto', 'тариф': 'эконом', 'аренда': 1450}"
1028,"{'марка': 'Suzuki', 'модель': 'Alto', 'тариф': 'эконом', 'аренда': 1600}"
1029,"{'марка': 'Nissan', 'модель': 'Qashqai', 'тариф': 'комфорт+', 'аренда': 2050}"
1030,"{'марка': 'Lada', 'модель': 'Granta', 'тариф': 'эконом', 'аренда': 1300}"
1031,"{'марка': 'Geely', 'модель': 'MK', 'тариф': 'эконом', 'аренда': 1650}"
1032,"{'марка': 'Suzuki', 'модель': 'Alto', 'тариф': 'эконом', 'аренда': 1350}"
1033,"{'марка': 'Datsun', 'модель': 'on-DO', 'тариф': 'эконом', 'аренда': 1500}"
1034,"{'марка': 'Kia', 'модель': 'Rio', 'тариф': 'эконом', 'аренда': 1200}"
1035,"{'марка': 'Hyundai', 'модель': 'Solaris', 'тариф': 'эконом', 'аренда': 1600}"
1036,"{'марка': 'Datsun', 'модель': 'on-DO', 'тариф': 'эконом', 'аренда': 1650}"
1037,"{'марка': 'Daewoo', 'модель': 'Matiz', 'тариф': 'эконом', 'аренда': 1200}"
1038,"{'марка': 'Hyundai', 'модель': 'Solaris', 'тариф': 'эконом', 'аренда': 1200}"
1039,"{'марка': 'Citroen', 'модель': 'C4', 'тариф': 'комфорт', 'аренда': 2000}"
1040,"{'марка': 'Skoda', 'модель': 'Rapid', 'тариф': 'комфорт', 'аренда': 1800}"
1041,"{'марка': 'Toyota', 'модель': 'Corolla', 'тариф': 'комфорт', 'аренда': 1750}"
1042,"{'марка': 'Honda', 'модель': 'Accord', 'тариф': 'комфорт+', 'аренда': 2550}"
1043,"{'марка': 'Lada', 'модель': 'Granta', 'тариф': 'эконом', 'аренда': 1450}"
1044,"{'марка': 'Geely', 'модель': 'Atlas', 'тариф': 'комфорт+', 'аренда': 2850}"
1045,"{'марка': 'Mazda', 'модель': '6', 'тариф': 'комфорт+', 'аренда': 2900}"
1046,"{'марка': 'Volkswagen', 'модель': 'Polo', 'тариф': 'эконом', 'аренда': 1700}"
1047,"{'марка': 'Suzuki', 'модель': 'Alto', 'тариф': 'эконом', 'аренда': 1600}"
1048,"{'марка': 'Lada', 'модель': 'Granta', 'тариф': 'эконом', 'аренда': 1200}"
1049,"{'марка': 'Hyundai', 'модель': 'Solaris', 'тариф': 'эконом', 'аренда': 1450}"
1050,"{'марка': 'Hyundai', 'модель': 'Solaris', 'тариф': 'эконом', 'аренда': 1450}"
1051,"{'марка': 'Chevrolet', 'модель': 'Spark', 'тариф': 'эконом', 'аренда': 1650}"
1052,"{'марка': 'Chevrolet', 'модель': 'Spark', 'тариф': 'эконом', 'аренда': 1250}"
1053,"{'марка': 'Nissan', 'модель': 'Qashqai', 'тариф': 'комфорт+', 'аренда': 3100}"
1054,"{'марка': 'Volkswagen', 'модель': 'Polo', 'тариф': 'эконом', 'аренда': 1350}"
1055,"{'марка': 'Kia', 'модель': 'Rio', 'тариф': 'эконом', 'аренда': 1250}"
1056,"{'марка': 'Volkswagen', 'модель': 'Polo', 'тариф': 'эконом', 'аренда': 1350}"
1057,"{'марка': 'Toyota', 'модель': 'Camry', 'тариф': 'комфорт+', 'аренда': 2750}"
1058,"{'марка': 'Toyota', 'модель': 'Corolla', 'тариф': 'комфорт', 'аренда': 1650}"
1059,"{'марка': 'Fiat', 'модель': 'Panda', 'тариф': 'эконом', 'аренда': 1400}"
1060,"{'марка': 'Honda', 'модель': 'Civic', 'тариф': 'комфорт', 'аренда': 1650}"
1061,"{'марка': 'Chery', 'модель': 'Tiggo 2', 'тариф': 'эконом', 'аренда': 1350}"
1062,"{'марка': 'Hyundai', 'модель': 'Solaris', 'тариф': 'эконом', 'аренда': 1300}"
1063,"{'марка': 'Honda', 'модель': 'Civic', 'тариф': 'комфорт', 'аренда': 2050}"
1064,"{'марка': 'Lada', 'модель': 'Granta', 'тариф': 'эконом', 'аренда': 1200}"
1065,"{'марка': 'Daewoo', 'модель': 'Matiz', 'тариф': 'эконом', 'аренда': 1600}"
1066,"{'марка': 'Kia', 'модель': 'Rio', 'тариф': 'эконом', 'аренда': 1600}"
1067,"{'марка': 'Mazda', 'модель': '6', 'тариф': 'комфорт+', 'аренда': 3350}"
1068,"{'марка': 'Citroen', 'модель': 'C4', 'тариф': 'комфорт', 'аренда': 1600}"
1069,"{'марка': 'Lada', 'модель': 'Granta', 'тариф': 'эконом', 'аренда': 1300}"
1070,"{'марка': 'Peugeot', 'модель': '508', 'тариф': 'комфорт+', 'аренда': 3000}"
1071,"{'марка': 'Mazda', 'модель': '6', 'тариф': 'комфорт+', 'аренда': 2900}"
1072,"{'марка': 'Kia', 'модель': 'Rio', 'тариф': 'эконом', 'аренда': 1400}"
1073,"{'марка': 'Volkswagen', 'модель': 'Polo', 'тариф': 'эконом', 'аренда': 1700}"
1074,"{'марка': 'Subaru', 'модель': 'Outback', 'тариф': 'комфорт+', 'аренда': 3350}"
1075,"{'марка': 'Fiat', 'модель': 'Panda', 'тариф': 'эконом', 'аренда': 1300}"
1076,"{'марка': 'Datsun', 'модель': 'on-DO', 'тариф': 'эконом', 'аренда': 1400}"
1077,"{'марка': 'Mazda', 'модель': '3', 'тариф': 'комфорт', 'аренда': 1750}"
1078,"{'марка': 'Fiat', 'модель': 'Panda', 'тариф': 'эконом', 'аренда': 1300}"
1079,"{'марка': 'Volkswagen', 'модель': 'Jetta', 'тариф': 'комфорт', 'аренда': 1850}"
1080,"{'марка': 'Skoda', 'модель': 'Rapid', 'тариф': 'комфорт', 'аренда': 1800}"
1081,"{'марка': 'Geely', 'модель': 'MK', 'тариф': 'эконом', 'аренда': 1350}"
1082,"{'марка': 'Volkswagen', 'модель': 'Polo', 'тариф': 'эконом', 'аренда': 1650}"
1083,"{'марка': 'Toyota', 'модель': 'Camry', 'тариф': 'комфорт+', 'аренда': 2700}"
1084,"{'марка': 'Chery', 'модель': 'Tiggo 2', 'тариф': 'эконом', 'аренда': 1400}"
1085,"{'марка': 'Hyundai', 'модель': 'Solaris', 'тариф': 'эконом', 'аренда': 1400}"
1086,"{'марка': 'Geely', 'модель': 'MK', 'тариф': 'эконом', 'аренда': 1350}"
1087,"{'марка': 'Volkswagen', 'модель': 'Polo', 'тариф': 'эконом', 'аренда': 1350}"
1088,"{'марка': 'Chery', 'модель': 'Tiggo 2', 'тариф': 'эконом', 'аренда': 1700}"
1089,"{'марка': 'Lada', 'модель': 'Granta', 'тариф': 'эконом', 'аренда': 1200}"
1090,"{'марка': 'Datsun', 'модель': 'on-DO', 'тариф': 'эконом', 'аренда': 1450}"
1091,"{'марка': 'Suzuki', 'модель': 'Alto', 'тариф': 'эконом', 'аренда': 1700}"
1092,"{'марка': 'Honda', 'модель': 'Accord', 'тариф': 'комфорт+', 'аренда': 3150}"
1093,"{'марка': 'Hyundai', 'модель': 'Solaris', 'тариф': 'эконом', 'аренда': 1800}"
1094,"{'марка': 'Hyundai', 'модель': 'Solaris', 'тариф': 'эконом', 'аренда': 1600}"
1095,"{'марка': 'Geely', 'модель': 'Emgrand', 'тариф': 'комфорт', 'аренда': 2450}"
1096,"{'марка': 'Lada', 'модель': 'Granta', 'тариф': 'эконом', 'аренда': 1700}"
1097,"{'марка': 'Geely', 'модель': 'Atlas', 'тариф': 'комфорт+', 'аренда': 3500}"
1098,"{'марка': 'Datsun', 'модель': 'on-DO', 'тариф': 'эконом', 'аренда': 1800}"
1099,"{'марка': 'Geely', 'модель': 'MK', 'тариф': 'эконом', 'аренда': 1550}"
1100,"{'марка': 'Datsun', 'модель': 'on-DO', 'тариф': 'эконом', 'аренда': 1550}"
1101,"{'марка': 'Daewoo', 'модель': 'Matiz', 'тариф': 'эконом', 'аренда': 1200}"
1102,"{'марка': 'Fiat', 'модель': 'Panda', 'тариф': 'эконом', 'аренда': 1600}"
1103,"{'марка': 'Volkswagen', 'модель': 'Polo', 'тариф': 'эконом', 'аренда': 1400}"
1104,"{'марка': 'Datsun', 'модель': 'on-DO', 'тариф': 'эконом', 'аренда': 1250}"
1105,"{'марка': 'Ford', 'модель': 'Mondeo', 'тариф': 'комфорт+', 'аренда': 2250}"
1106,"{'марка': 'Chery', 'модель': 'Tiggo 4', 'тариф': 'комфорт', 'аренда': 1700}"
1107,"{'марка': 'Lada', 'модель': 'Granta', 'тариф': 'эконом', 'аренда': 1400}"
1108,"{'марка': 'Volkswagen', 'модель': 'Polo', 'тариф': 'эконом', 'аренда': 1450}"
1109,"{'марка': 'Chevrolet', 'модель': 'Spark', 'тариф': 'эконом', 'аренда': 1800}"
1110,"{'марка': 'Datsun', 'модель': 'on-DO', 'тариф': 'эконом', 'аренда': 1350}"
1111,"{'марка': 'Volkswagen', 'модель': 'Passat', 'тариф': 'комфорт+', 'аренда': 2800}"
1112,"{'марка': 'Renault', 'модель': 'Logan', 'тариф': 'эконом', 'аренда': 1550}"
1113,"{'марка': 'Lada', 'модель': 'Granta', 'тариф': 'эконом', 'аренда': 1750}"
1114,"{'марка': 'Mazda', 'модель': '6', 'тариф': 'комфорт+', 'аренда': 2600}"
1115,"{'марка': 'Hyundai', 'модель': 'Elantra', 'тариф': 'комфорт', 'аренда': 2050}"
1116,"{'марка': 'Kia', 'модель': 'Rio', 'тариф': 'эконом', 'аренда': 1250}"
1117,"{'марка': 'Volkswagen', 'модель': 'Polo', 'тариф': 'эконом', 'аренда': 1350}"
1118,"{'марка': 'Fiat', 'модель': 'Panda', 'тариф': 'эконом', 'аренда': 1750}"
1119,"{'марка': 'Datsun', 'модель': 'on-DO', 'тариф': 'эконом', 'аренда': 1600}"
1120,"{'марка': 'Chevrolet', 'модель': 'Spark', 'тариф': 'эконом', 'аренда': 1350}"
1121,"{'марка': 'Volkswagen', 'модель': 'Polo', 'тариф': 'эконом', 'аренда': 1450}"
1122,"{'марка': 'Chery', 'модель': 'Tiggo 2', 'тариф': 'эконом', 'аренда': 1250}"
1123,"{'марка': 'Mitsubishi', 'модель': 'Outlander', 'тариф': 'комфорт+', 'аренда': 2700}"
1124,"{'марка': 'Skoda', 'модель': 'Rapid', 'тариф': 'комфорт', 'аренда': 2500}"
1125,"{'марка': 'Lada', 'модель': 'Granta', 'тариф': 'эконом', 'аренда': 1200}"
1126,"{'марка': 'Volkswagen', 'модель': 'Polo', 'тариф': 'эконом', 'аренда': 1600}"
1127,"{'марка': 'Hyundai', 'модель': 'Solaris', 'тариф': 'эконом', 'аренда': 1550}"
1128,"{'марка': 'Renault', 'модель': 'Logan', 'тариф': 'эконом', 'аренда': 1200}"
1129,"{'марка': 'Geely', 'модель': 'MK', 'тариф': 'эконом', 'аренда': 1600}"
1130,"{'марка': 'Honda', 'модель': 'Accord', 'тариф': 'комфорт+', 'аренда': 2700}"
1131,"{'марка': 'Chevrolet', 'модель': 'Spark', 'тариф': 'эконом', 'аренда': 1550}"
1132,"{'марка': 'Chevrolet', 'модель': 'Spark', 'тариф': 'эконом', 'аренда': 1300}"
1133,"{'марка': 'Chevrolet', 'модель': 'Spark', 'тариф': 'эконом', 'аренда': 1800}"
1134,"{'марка': 'Geely', 'модель': 'Atlas', 'тариф': 'комфорт+', 'аренда': 2550}"
1135,"{'марка': 'Fiat', 'модель': 'Panda', 'тариф': 'эконом', 'аренда': 1750}"
1136,"{'марка': 'Fiat', 'модель': 'Panda', 'тариф': 'эконом', 'аренда': 1650}"
1137,"{'марка': 'Volkswagen', 'модель': 'Polo', 'тариф': 'эконом', 'аренда': 1750}"
1138,"{'марка': 'Fiat', 'модель': 'Panda', 'тариф': 'эконом', 'аренда': 1300}"
1139,"{'марка': 'Skoda', 'модель': 'Octavia', 'тариф': 'комфорт+', 'аренда': 2950}"
1140,"{'марка': 'Citroen', 'модель': 'C4', 'тариф': 'комфорт', 'аренда': 1800}"
1141,"{'марка': 'Toyota', 'модель': 'Corolla', 'тариф': 'комфорт', 'аренда': 1750}"
1142,"{'марка': 'Kia', 'модель': 'Rio', 'тариф': 'эконом', 'аренда': 1700}"
1143,"{'марка': 'Geely', 'модель': 'Emgrand', 'тариф': 'комфорт', 'аренда': 1750}"
1144,"{'марка': 'Kia', 'модель': 'Rio', 'тариф': 'эконом', 'аренда': 1400}"
1145,"{'марка': 'Geely', 'модель': 'Emgrand', 'тариф': 'комфорт', 'аренда': 2350}"
1146,"{'марка': 'Volkswagen', 'модель': 'Polo', 'тариф': 'эконом', 'аренда': 1500}"
1147,"{'марка': 'Geely', 'модель': 'Atlas', 'тариф': 'комфорт+', 'аренда': 3450}"
1148,"{'марка': 'Volkswagen', 'модель': 'Polo', 'тариф': 'эконом', 'аренда': 1250}"
1149,"{'марка': 'Suzuki', 'модель': 'Alto', 'тариф': 'эконом', 'аренда': 1350}"
1150,"{'марка': 'Hyundai', 'модель': 'Solaris', 'тариф': 'эконом', 'аренда': 1450}"
1151,"{'марка': 'Chevrolet', 'модель': 'Spark', 'тариф': 'эконом', 'аренда': 1550}"
1152,"{'марка': 'Renault', 'модель': 'Logan', 'тариф': 'эконом', 'аренда': 1450}"
1153,"{'марка': 'Chery', 'модель': 'Tiggo 2', 'тариф': 'эконом', 'аренда': 1800}"
1154,"{'марка': 'Peugeot', 'модель': '408', 'тариф': 'комфорт', 'аренда': 1600}"
1155,"{'марка': 'Renault', 'модель': 'Logan', 'тариф': 'эконом', 'аренда': 1300}"
1156,"{'марка': 'Hyundai', 'модель': 'Solaris', 'тариф': 'эконом', 'аренда': 1400}"
1157,"{'марка': 'Geely', 'модель': 'MK', 'тариф': 'эконом', 'аренда': 1400}"
1158,"{'марка': 'Chery', 'модель': 'Tiggo 2', 'тариф': 'эконом', 'аренда': 1800}"
1159,"{'марка': 'Suzuki', 'модель': 'Alto', 'тариф': 'эконом', 'аренда': 1400}"
1160,"{'марка': 'Daewoo', 'модель': 'Matiz', 'тариф': 'эконом', 'аренда': 1700}"
1161,"{'марка': 'Toyota', 'модель': 'Camry', 'тариф': 'комфорт+', 'аренда': 2300}"
1162,"{'марка': 'Chery', 'модель': 'Tiggo 7', 'тариф': 'комфорт+', 'аренда': 2250}"
1163,"{'марка': 'Chevrolet', 'модель': 'Spark', 'тариф': 'эконом', 'аренда': 1450}"
1164,"{'марка': 'Lada', 'модель': 'Granta', 'тариф': 'эконом', 'аренда': 1400}"
1165,"{'марка': 'Volkswagen', 'модель': 'Polo', 'тариф': 'эконом', 'аренда': 1200}"
1166,"{'марка': 'Chery', 'модель': 'Tiggo 4', 'тариф': 'комфорт', 'аренда': 1950}"
1167,"{'марка': 'Chevrolet', 'модель': 'Spark', 'тариф': 'эконом', 'аренда': 1650}"
1168,"{'марка': 'Volkswagen', 'модель': 'Polo', 'тариф': 'эконом', 'аренда': 1450}"
1169,"{'марка': 'Suzuki', 'модель': 'Alto', 'тариф': 'эконом', 'аренда': 1200}"
1170,"{'марка': 'Mazda', 'модель': '6', 'тариф': 'комфорт+', 'аренда': 2950}"
1171,"{'марка': 'Hyundai', 'модель': 'Elantra', 'тариф': 'комфорт', 'аренда': 1700}"
1172,"{'марка': 'Volkswagen', 'модель': 'Polo', 'тариф': 'эконом', 'аренда': 1600}"
1173,"{'марка': 'Opel', 'модель': 'Astra', 'тариф': 'комфорт', 'аренда': 2400}"
1174,"{'марка': 'Geely', 'модель': 'Emgrand', 'тариф': 'комфорт', 'аренда': 1700}"
1175,"{'марка': 'Citroen', 'модель': 'C4', 'тариф': 'комфорт', 'аренда': 2000}"
1176,"{'марка': 'Chevrolet', 'модель': 'Spark', 'тариф': 'эконом', 'аренда': 1300}"
1177,"{'марка': 'Lada', 'модель': 'Granta', 'тариф': 'эконом', 'аренда': 1400}"
1178,"{'марка': 'Citroen', 'модель': 'C4', 'тариф': 'комфорт', 'аренда': 2000}"
1179,"{'марка': 'Daewoo', 'модель': 'Matiz', 'тариф': 'эконом', 'аренда': 1400}"
1180,"{'марка': 'Kia', 'модель': 'Rio', 'тариф': 'эконом', 'аренда': 1600}"
1181,"{'марка': 'Citroen', 'модель': 'C4', 'тариф': 'комфорт', 'аренда': 2200}"
1182,"{'марка': 'Toyota', 'модель': 'Corolla', 'тариф': 'комфорт', 'аренда': 1800}"
1183,"{'марка': 'Volkswagen', 'модель': 'Polo', 'тариф': 'эконом', 'аренда': 1800}"
1184,"{'марка': 'Kia', 'модель': 'Rio', 'тариф': 'эконом', 'аренда': 1800}"
1185,"{'марка': 'Hyundai', 'модель': 'Solaris', 'тариф': 'эконом', 'аренда': 1350}"
1186,"{'марка': 'Geely', 'модель': 'Emgrand', 'тариф': 'комфорт', 'аренда': 2500}"
1187,"{'марка': 'Volkswagen', 'модель': 'Jetta', 'тариф': 'комфорт', 'аренда': 1850}"
1188,"{'марка': 'Toyota', 'модель': 'Camry', 'тариф': 'комфорт+', 'аренда': 3150}"
1189,"{'марка': 'Geely', 'модель': 'MK', 'тариф': 'эконом', 'аренда': 1550}"
1190,"{'марка': 'Renault', 'модель': 'Logan', 'тариф': 'эконом', 'аренда': 1400}"
1191,"{'марка': 'Mitsubishi', 'модель': 'Outlander', 'тариф': 'комфорт+', 'аренда': 2750}"
1192,"{'марка': 'Chery', 'модель': 'Tiggo 2', 'тариф': 'эконом', 'аренда': 1600}"
1193,"{'марка': 'Chery', 'модель': 'Tiggo 7', 'тариф': 'комфорт+', 'аренда': 2000}"
1194,"{'марка': 'Mazda', 'модель': '3', 'тариф': 'комфорт', 'аренда': 2300}"
1195,"{'марка': 'Kia', 'модель': 'Optima', 'тариф': 'комфорт', 'аренда': 2350}"
1196,"{'марка': 'Suzuki', 'модель': 'Alto', 'тариф': 'эконом', 'аренда': 1200}"
1197,"{'марка': 'Kia', 'модель': 'Rio', 'тариф': 'эконом', 'аренда': 1450}"
1198,"{'марка': 'Skoda', 'модель': 'Octavia', 'тариф': 'комфорт+', 'аренда': 2100}"
1199,"{'марка': 'Daewoo', 'модель': 'Matiz', 'тариф': 'эконом', 'аренда': 1550}"
1200,"{'марка': 'Opel', 'модель': 'Astra', 'тариф': 'комфорт', 'аренда': 1950}"
1201,"{'марка': 'Chevrolet', 'модель': 'Spark', 'тариф': 'эконом', 'аренда': 1500}"
1202,"{'марка': 'Chery', 'модель': 'Tiggo 4', 'тариф': 'комфорт', 'аренда': 2300}"
1203,"{'марка': 'Skoda', 'модель': 'Octavia', 'тариф': 'комфорт+', 'аренда': 3200}"
1204,"{'марка': 'Geely', 'модель': 'Emgrand', 'тариф': 'комфорт', 'аренда': 2500}"
1205,"{'марка': 'Hyundai', 'модель': 'Solaris', 'тариф': 'эконом', 'аренда': 1200}"
1206,"{'марка': 'Geely', 'модель': 'MK', 'тариф': 'эконом', 'аренда': 1600}"
1207,"{'марка': 'Suzuki', 'модель': 'Alto', 'тариф': 'эконом', 'аренда': 1250}"
1208,"{'марка': 'Volkswagen', 'модель': 'Passat', 'тариф': 'комфорт+', 'аренда': 2700}"
1209,"{'марка': 'Opel', 'модель': 'Astra', 'тариф': 'комфорт', 'аренда': 1750}"
1210,"{'марка': 'Volkswagen', 'модель': 'Polo', 'тариф': 'эконом', 'аренда': 1500}"
1211,"{'марка': 'Chery', 'модель': 'Tiggo 2', 'тариф': 'эконом', 'аренда': 1750}"
1212,"{'марка': 'Volkswagen', 'модель': 'Polo', 'тариф': 'эконом', 'аренда': 1800}"
1213,"{'марка': 'Geely', 'модель': 'MK', 'тариф': 'эконом', 'аренда': 1750}"
1214,"{'марка': 'Chevrolet', 'модель': 'Spark', 'тариф': 'эконом', 'аренда': 1700}"
1215,"{'марка': 'Peugeot', 'модель': '408', 'тариф': 'комфорт', 'аренда': 2200}"
1216,"{'марка': 'Chevrolet', 'модель': 'Spark', 'тариф': 'эконом', 'аренда': 1550}"
1217,"{'марка': 'Volkswagen', 'модель': 'Polo', 'тариф': 'эконом', 'аренда': 1500}"
1218,"{'марка': 'Honda', 'модель': 'Accord', 'тариф': 'комфорт+', 'аренда': 2950}"
1219,"{'марка': 'Mitsubishi', 'модель': 'Outlander', 'тариф': 'комфорт+', 'аренда': 3250}"
1220,"{'марка': 'Hyundai', 'модель': 'Elantra', 'тариф': 'комфорт', 'аренда': 1700}"
1221,"{'марка': 'Ford', 'модель': 'Mondeo', 'тариф': 'комфорт+', 'аренда': 3000}"
1222,"{'марка': 'Mazda', 'модель': '6', 'тариф': 'комфорт+', 'аренда': 3150}"
1223,"{'марка': 'Fiat', 'модель': 'Panda', 'тариф': 'эконом', 'аренда': 1550}"
1224,"{'марка': 'Citroen', 'модель': 'C4', 'тариф': 'комфорт', 'аренда': 2350}"
1225,"{'марка': 'Lada', 'модель': 'Granta', 'тариф': 'эконом', 'аренда': 1500}"
1226,"{'марка': 'Volkswagen', 'модель': 'Polo', 'тариф': 'эконом', 'аренда': 1550}"
1227,"{'марка': 'Volkswagen', 'модель': 'Passat', 'тариф': 'комфорт+', 'аренда': 2600}"
1228,"{'марка': 'Volkswagen', 'модель': 'Polo', 'тариф': 'эконом', 'аренда': 1650}"
1229,"{'марка': 'Datsun', 'модель': 'on-DO', 'тариф': 'эконом', 'аренда': 1550}"
1230,"{'марка': 'Subaru', 'модель': 'Outback', 'тариф': 'комфорт+', 'аренда': 2400}"
1231,"{'марка': 'Chevrolet', 'модель': 'Spark', 'тариф': 'эконом', 'аренда': 1700}"
1232,"{'марка': 'Hyundai', 'модель': 'Solaris', 'тариф': 'эконом', 'аренда': 1550}"
1233,"{'марка': 'Mazda', 'модель': '3', 'тариф': 'комфорт', 'аренда': 2450}"
1234,"{'марка': 'Hyundai', 'модель': 'Elantra', 'тариф': 'комфорт', 'аренда': 2450}"
1235,"{'марка': 'Kia', 'модель': 'Rio', 'тариф': 'эконом', 'аренда': 1350}"
1236,"{'марка': 'Hyundai', 'модель': 'Solaris', 'тариф': 'эконом', 'аренда': 1250}"
1237,"{'марка': 'Volkswagen', 'модель': 'Polo', 'тариф': 'эконом', 'аренда': 1250}"
1238,"{'марка': 'Skoda', 'модель': 'Octavia', 'тариф': 'комфорт+', 'аренда': 2300}"
1239,"{'марка': 'Mitsubishi', 'модель': 'Outlander', 'тариф': 'комфорт+', 'аренда': 2100}"
1240,"{'марка': 'Kia', 'модель': 'Rio', 'тариф': 'эконом', 'аренда': 1600}"
1241,"{'марка': 'Chery', 'модель': 'Tiggo 4', 'тариф': 'комфорт', 'аренда': 2250}"
1242,"{'марка': 'Fiat', 'модель': 'Panda', 'тариф': 'эконом', 'аренда': 1250}"
1243,"{'марка': 'Chevrolet', 'модель': 'Spark', 'тариф': 'эконом', 'аренда': 1700}"
1244,"{'марка': 'Datsun', 'модель': 'on-DO', 'тариф': 'эконом', 'аренда': 1550}"
1245,"{'марка': 'Chery', 'модель': 'Tiggo 2', 'тариф': 'эконом', 'аренда': 1400}"
1246,"{'марка': 'Renault', 'модель': 'Logan', 'тариф': 'эконом', 'аренда': 1200}"
1247,"{'марка': 'Lada', 'модель': 'Granta', 'тариф': 'эконом', 'аренда': 1800}"
1248,"{'марка': 'Suzuki', 'модель': 'Alto', 'тариф': 'эконом', 'аренда': 1350}"
1249,"{'марка': 'Lada', 'модель': 'Granta', 'тариф': 'эконом', 'аренда': 1400}"
1250,"{'марка': 'Kia', 'модель': 'Rio', 'тариф': 'эконом', 'аренда': 1600}"
1251,"{'марка': 'Peugeot', 'модель': '408', 'тариф': 'комфорт', 'аренда': 2050}"
1252,"{'марка': 'Opel', 'модель': 'Astra', 'тариф': 'комфорт', 'аренда': 1650}"
1253,"{'марка': 'Volkswagen', 'модель': 'Polo', 'тариф': 'эконом', 'аренда': 1600}"
1254,"{'марка': 'Subaru', 'модель': 'Outback', 'тариф': 'комфорт+', 'аренда': 2300}"
1255,"{'марка': 'Citroen', 'модель': 'C4', 'тариф': 'комфорт', 'аренда': 2250}"
1256,"{'марка': 'Suzuki', 'модель': 'Alto', 'тариф': 'эконом', 'аренда': 1550}"
1257,"{'марка': 'Volkswagen', 'модель': 'Jetta', 'тариф': 'комфорт', 'аренда': 2500}"
1258,"{'марка': 'Suzuki', 'модель': 'Alto', 'тариф': 'эконом', 'аренда': 1450}"
1259,"{'марка': 'Mitsubishi', 'модель': 'Outlander', 'тариф': 'комфорт+', 'аренда': 2550}"
1260,"{'марка': 'Datsun', 'модель': 'on-DO', 'тариф': 'эконом', 'аренда': 1750}"
1261,"{'марка': 'Chery', 'модель': 'Tiggo 2', 'тариф': 'эконом', 'аренда': 1750}"
1262,"{'марка': 'Hyundai', 'модель': 'Solaris', 'тариф': 'эконом', 'аренда': 1450}"
1263,"{'марка': 'Renault', 'модель': 'Logan', 'тариф': 'эконом', 'аренда': 1600}"
1264,"{'марка': 'Mitsubishi', 'модель': 'Outlander', 'тариф': 'комфорт+', 'аренда': 2200}"
1265,"{'марка': 'Geely', 'модель': 'MK', 'тариф': 'эконом', 'аренда': 1200}"
1266,"{'марка': 'Kia', 'модель': 'Rio', 'тариф': 'эконом', 'аренда': 1500}"
1267,"{'марка': 'Geely', 'модель': 'Atlas', 'тариф': 'комфорт+', 'аренда': 2800}"
1268,"{'марка': 'Daewoo', 'модель': 'Matiz', 'тариф': 'эконом', 'аренда': 1500}"
1269,"{'марка': 'Lada', 'модель': 'Granta', 'тариф': 'эконом', 'аренда': 1750}"
1270,"{'марка': 'Chery', 'модель': 'Tiggo 2', 'тариф': 'эконом', 'аренда': 1800}"
1271,"{'марка': 'Hyundai', 'модель': 'Solaris', 'тариф': 'эконом', 'аренда': 1750}"
1272,"{'марка': 'Hyundai', 'модель': 'Solaris', 'тариф': 'эконом', 'аренда': 1700}"
1273,"{'марка': 'Geely', 'модель': 'MK', 'тариф': 'эконом', 'аренда': 1500}"
1274,"{'марка': 'Volkswagen', 'модель': 'Jetta', 'тариф': 'комфорт', 'аренда': 1950}"
1275,"{'марка': 'Volkswagen', 'модель': 'Polo', 'тариф': 'эконом', 'аренда': 1400}"
1276,"{'марка': 'Daewoo', 'модель': 'Matiz', 'тариф': 'эконом', 'аренда': 1750}"
1277,"{'марка': 'Chery', 'модель': 'Tiggo 2', 'тариф': 'эконом', 'аренда': 1200}"
1278,"{'марка': 'Lada', 'модель': 'Granta', 'тариф': 'эконом', 'аренда': 1750}"
1279,"{'марка': 'Skoda', 'модель': 'Octavia', 'тариф': 'комфорт+', 'аренда': 3300}"
1280,"{'марка': 'Mazda', 'модель': '3', 'тариф': 'комфорт', 'аренда': 2500}"
1281,"{'марка': 'Chery', 'модель': 'Tiggo 2', 'тариф': 'эконом', 'аренда': 1200}"
1282,"{'марка': 'Daewoo', 'модель': 'Matiz', 'тариф': 'эконом', 'аренда': 1450}"
1283,"{'марка': 'Chery', 'модель': 'Tiggo 7', 'тариф': 'комфорт+', 'аренда': 3000}"
1284,"{'марка': 'Geely', 'модель': 'Emgrand', 'тариф': 'комфорт', 'аренда': 1900}"
1285,"{'марка': 'Nissan', 'модель': 'Qashqai', 'тариф': 'комфорт+', 'аренда': 2350}"
1286,"{'марка': 'Toyota', 'модель': 'Camry', 'тариф': 'комфорт+', 'аренда': 2650}"
1287,"{'марка': 'Volkswagen', 'модель': 'Polo', 'тариф': 'эконом', 'аренда': 1200}"
1288,"{'марка': 'Kia', 'модель': 'Optima', 'тариф': 'комфорт', 'аренда': 1800}"
1289,"{'марка': 'Renault', 'модель': 'Logan', 'тариф': 'эконом', 'аренда': 1300}"
1290,"{'марка': 'Kia', 'модель': 'Optima', 'тариф': 'комфорт', 'аренда': 2000}"
1291,"{'марка': 'Kia', 'модель': 'Rio', 'тариф': 'эконом', 'аренда': 1550}"
1292,"{'марка': 'Renault', 'модель': 'Logan', 'тариф': 'эконом', 'аренда': 1450}"
1293,"{'марка': 'Nissan', 'модель': 'Qashqai', 'тариф': 'комфорт+', 'аренда': 3400}"
1294,"{'марка': 'Hyundai', 'модель': 'Elantra', 'тариф': 'комфорт', 'аренда': 2300}"
1295,"{'марка': 'Chevrolet', 'модель': 'Spark', 'тариф': 'эконом', 'аренда': 1250}"
1296,"{'марка': 'Chery', 'модель': 'Tiggo 2', 'тариф': 'эконом', 'аренда': 1700}"
1297,"{'марка': 'Fiat', 'модель': 'Panda', 'тариф': 'эконом', 'аренда': 1750}"
1298,"{'марка': 'Volkswagen', 'модель': 'Jetta', 'тариф': 'комфорт', 'аренда': 1850}"
1299,"{'марка': 'Daewoo', 'модель': 'Matiz', 'тариф': 'эконом', 'аренда': 1250}"
1300,"{'марка': 'Volkswagen', 'модель': 'Polo', 'тариф': 'эконом', 'аренда': 1250}"
1301,"{'марка': 'Peugeot', 'модель': '408', 'тариф': 'комфорт', 'аренда': 2050}"
1302,"{'марка': 'Renault', 'модель': 'Logan', 'тариф': 'эконом', 'аренда': 1200}"
1303,"{'марка': 'Datsun', 'модель': 'on-DO', 'тариф': 'эконом', 'аренда': 1350}"
1304,"{'марка': 'Hyundai', 'модель': 'Solaris', 'тариф': 'эконом', 'аренда': 1600}"
1305,"{'марка': 'Subaru', 'модель': 'Outback', 'тариф': 'комфорт+', 'аренда': 3000}"
1306,"{'марка': 'Toyota', 'модель': 'Camry', 'тариф': 'комфорт+', 'аренда': 2950}"
1307,"{'марка': 'Suzuki', 'модель': 'Alto', 'тариф': 'эконом', 'аренда': 1800}"
1308,"{'марка': 'Suzuki', 'модель': 'Alto', 'тариф': 'эконом', 'аренда': 1200}"
1309,"{'марка': 'Volkswagen', 'модель': 'Polo', 'тариф': 'эконом', 'аренда': 1700}"
1310,"{'марка': 'Renault', 'модель': 'Logan', 'тариф': 'эконом', 'аренда': 1650}"
1311,"{'марка': 'Volkswagen', 'модель': 'Polo', 'тариф': 'эконом', 'аренда': 1400}"
1312,"{'марка': 'Geely', 'модель': 'MK', 'тариф': 'эконом', 'аренда': 1350}"
1313,"{'марка': 'Volkswagen', 'модель': 'Polo', 'тариф': 'эконом', 'аренда': 1750}"
1314,"{'марка': 'Ford', 'модель': 'Mondeo', 'тариф': 'комфорт+', 'аренда': 2250}"
1315,"{'марка': 'Subaru', 'модель': 'Outback', 'тариф': 'комфорт+', 'аренда': 2000}"
1316,"{'марка': 'Hyundai', 'модель': 'Elantra', 'тариф': 'комфорт', 'аренда': 1700}"
1317,"{'марка': 'Kia', 'модель': 'Rio', 'тариф': 'эконом', 'аренда': 1200}"
1318,"{'марка': 'Toyota', 'модель': 'Camry', 'тариф': 'комфорт+', 'аренда': 2750}"
1319,"{'марка': 'Hyundai', 'модель': 'Solaris', 'тариф': 'эконом', 'аренда': 1500}"
1320,"{'марка': 'Geely', 'модель': 'Emgrand', 'тариф': 'комфорт', 'аренда': 2500}"
1321,"{'марка': 'Hyundai', 'модель': 'Solaris', 'тариф': 'эконом', 'аренда': 1350}"
1322,"{'марка': 'Fiat', 'модель': 'Panda', 'тариф': 'эконом', 'аренда': 1200}"
1323,"{'марка': 'Lada', 'модель': 'Granta', 'тариф': 'эконом', 'аренда': 1800}"
1324,"{'марка': 'Fiat', 'модель': 'Panda', 'тариф': 'эконом', 'аренда': 1750}"
1325,"{'марка': 'Kia', 'модель': 'Rio', 'тариф': 'эконом', 'аренда': 1200}"
1326,"{'марка': 'Geely', 'модель': 'Atlas', 'тариф': 'комфорт+', 'аренда': 3300}"
1327,"{'марка': 'Lada', 'модель': 'Granta', 'тариф': 'эконом', 'аренда': 1600}"
1328,"{'марка': 'Daewoo', 'модель': 'Matiz', 'тариф': 'эконом', 'аренда': 1550}"
1329,"{'марка': 'Kia', 'модель': 'Rio', 'тариф': 'эконом', 'аренда': 1400}"
1330,"{'марка': 'Hyundai', 'модель': 'Solaris', 'тариф': 'эконом', 'аренда': 1200}"
1331,"{'марка': 'Honda', 'модель': 'Civic', 'тариф': 'комфорт', 'аренда': 2500}"
1332,"{'марка': 'Chery', 'модель': 'Tiggo 2', 'тариф': 'эконом', 'аренда': 1350}"
1333,"{'марка': 'Chevrolet', 'модель': 'Spark', 'тариф': 'эконом', 'аренда': 1700}"
1334,"{'марка': 'Peugeot', 'модель': '508', 'тариф': 'комфорт+', 'аренда': 2800}"
1335,"{'марка': 'Citroen', 'модель': 'C4', 'тариф': 'комфорт', 'аренда': 2350}"
1336,"{'марка': 'Opel', 'модель': 'Astra', 'тариф': 'комфорт', 'аренда': 1700}"
1337,"{'марка': 'Chevrolet', 'модель': 'Spark', 'тариф': 'эконом', 'аренда': 1550}"
1338,"{'марка': 'Opel', 'модель': 'Astra', 'тариф': 'комфорт', 'аренда': 2450}"
1339,"{'марка': 'Kia', 'модель': 'Rio', 'тариф': 'эконом', 'аренда': 1750}"
1340,"{'марка': 'Chery', 'модель': 'Tiggo 2', 'тариф': 'эконом', 'аренда': 1350}"
1341,"{'марка': 'Chery', 'модель': 'Tiggo 2', 'тариф': 'эконом', 'аренда': 1800}"
1342,"{'марка': 'Kia', 'модель': 'Rio', 'тариф': 'эконом', 'аренда': 1350}"
1343,"{'марка': 'Hyundai', 'модель': 'Solaris', 'тариф': 'эконом', 'аренда': 1750}"
1344,"{'марка': 'Kia', 'модель': 'Rio', 'тариф': 'эконом', 'аренда': 1500}"
1345,"{'марка': 'Hyundai', 'модель': 'Solaris', 'тариф': 'эконом', 'аренда': 1400}"
1346,"{'марка': 'Geely', 'модель': 'MK', 'тариф': 'эконом', 'аренда': 1350}"
1347,"{'марка': 'Kia', 'модель': 'Rio', 'тариф': 'эконом', 'аренда': 1600}"
1348,"{'марка': 'Subaru', 'модель': 'Outback', 'тариф': 'комфорт+', 'аренда': 3100}"
1349,"{'марка': 'Geely', 'модель': 'MK', 'тариф': 'эконом', 'аренда': 1800}"
1350,"{'марка': 'Fiat', 'модель': 'Panda', 'тариф': 'эконом', 'аренда': 1600}"
1351,"{'марка': 'Chevrolet', 'модель': 'Spark', 'тариф': 'эконом', 'аренда': 1250}"
1352,"{'марка': 'Chery', 'модель': 'Tiggo 7', 'тариф': 'комфорт+', 'аренда': 3050}"
1353,"{'марка': 'Chery', 'модель': 'Tiggo 2', 'тариф': 'эконом', 'аренда': 1650}"
1354,"{'марка': 'Opel', 'модель': 'Astra', 'тариф': 'комфорт', 'аренда': 2350}"
1355,"{'марка': 'Chevrolet', 'модель': 'Spark', 'тариф': 'эконом', 'аренда': 1250}"
1356,"{'марка': 'Daewoo', 'модель': 'Matiz', 'тариф': 'эконом', 'аренда': 1600}"
1357,"{'марка': 'Kia', 'модель': 'Rio', 'тариф': 'эконом', 'аренда': 1550}"
1358,"{'марка': 'Honda', 'модель': 'Civic', 'тариф': 'комфорт', 'аренда': 1650}"
1359,"{'марка': 'Volkswagen', 'модель': 'Polo', 'тариф': 'эконом', 'аренда': 1550}"
1360,"{'марка': 'Daewoo', 'модель': 'Matiz', 'тариф': 'эконом', 'аренда': 1300}"
1361,"{'марка': 'Kia', 'модель': 'Rio', 'тариф': 'эконом', 'аренда': 1350}"
1362,"{'марка': 'Honda', 'модель': 'Accord', 'тариф': 'комфорт+', 'аренда': 2400}"
1363,"{'марка': 'Chery', 'модель': 'Tiggo 2', 'тариф': 'эконом', 'аренда': 1700}"
1364,"{'марка': 'Geely', 'модель': 'MK', 'тариф': 'эконом', 'аренда': 1550}"
1365,"{'марка': 'Fiat', 'модель': 'Panda', 'тариф': 'эконом', 'аренда': 1400}"
1366,"{'марка': 'Suzuki', 'модель': 'Alto', 'тариф': 'эконом', 'аренда': 1500}"
1367,"{'марка': 'Honda', 'модель': 'Accord', 'тариф': 'комфорт+', 'аренда': 3400}"
1368,"{'марка': 'Nissan', 'модель': 'Qashqai', 'тариф': 'комфорт+', 'аренда': 3250}"
1369,"{'марка': 'Renault', 'модель': 'Logan', 'тариф': 'эконом', 'аренда': 1750}"
1370,"{'марка': 'Subaru', 'модель': 'Outback', 'тариф': 'комфорт+', 'аренда': 3300}"
1371,"{'марка': 'Daewoo', 'модель': 'Matiz', 'тариф': 'эконом', 'аренда': 1800}"
1372,"{'марка': 'Chery', 'модель': 'Tiggo 7', 'тариф': 'комфорт+', 'аренда': 3300}"
1373,"{'марка': 'Suzuki', 'модель': 'Alto', 'тариф': 'эконом', 'аренда': 1650}"
1374,"{'марка': 'Mazda', 'модель': '6', 'тариф': 'комфорт+', 'аренда': 3100}"
1375,"{'марка': 'Renault', 'модель': 'Logan', 'тариф': 'эконом', 'аренда': 1650}"
1376,"{'марка': 'Mazda', 'модель': '3', 'тариф': 'комфорт', 'аренда': 2350}"
1377,"{'марка': 'Nissan', 'модель': 'Qashqai', 'тариф': 'комфорт+', 'аренда': 3400}"
1378,"{'марка': 'Volkswagen', 'модель': 'Passat', 'тариф': 'комфорт+', 'аренда': 2950}"
1379,"{'марка': 'Peugeot', 'модель': '408', 'тариф': 'комфорт', 'аренда': 2400}"
1380,"{'марка': 'Opel', 'модель': 'Astra', 'тариф': 'комфорт', 'аренда': 2050}"
1381,"{'марка': 'Chevrolet', 'модель': 'Spark', 'тариф': 'эконом', 'аренда': 1200}"
1382,"{'марка': 'Peugeot', 'модель': '408', 'тариф': 'комфорт', 'аренда': 2400}"
1383,"{'марка': 'Chevrolet', 'модель': 'Spark', 'тариф': 'эконом', 'аренда': 1700}"
1384,"{'марка': 'Fiat', 'модель': 'Panda', 'тариф': 'эконом', 'аренда': 1400}"
1385,"{'марка': 'Citroen', 'модель': 'C4', 'тариф': 'комфорт', 'аренда': 2050}"
1386,"{'марка': 'Mazda', 'модель': '3', 'тариф': 'комфорт', 'аренда': 2300}"
1387,"{'марка': 'Volkswagen', 'модель': 'Polo', 'тариф': 'эконом', 'аренда': 1450}"
1388,"{'марка': 'Geely', 'модель': 'Atlas', 'тариф': 'комфорт+', 'аренда': 2650}"
1389,"{'марка': 'Geely', 'модель': 'Atlas', 'тариф': 'комфорт+', 'аренда': 2250}"
1390,"{'марка': 'Hyundai', 'модель': 'Elantra', 'тариф': 'комфорт', 'аренда': 1800}"
1391,"{'марка': 'Geely', 'модель': 'MK', 'тариф': 'эконом', 'аренда': 1750}"
1392,"{'марка': 'Geely', 'модель': 'MK', 'тариф': 'эконом', 'аренда': 1450}"
1393,"{'марка': 'Suzuki', 'модель': 'Alto', 'тариф': 'эконом', 'аренда': 1200}"
1394,"{'марка': 'Lada', 'модель': 'Granta', 'тариф': 'эконом', 'аренда': 1400}"
1395,"{'марка': 'Suzuki', 'модель': 'Alto', 'тариф': 'эконом', 'аренда': 1450}"
1396,"{'марка': 'Skoda', 'модель': 'Octavia', 'тариф': 'комфорт+', 'аренда': 2150}"
1397,"{'марка': 'Lada', 'модель': 'Granta', 'тариф': 'эконом', 'аренда': 1700}"
1398,"{'марка': 'Hyundai', 'модель': 'Solaris', 'тариф': 'эконом', 'аренда': 1600}"
1399,"{'марка': 'Suzuki', 'модель': 'Alto', 'тариф': 'эконом', 'аренда': 1650}"
1400,"{'марка': 'Volkswagen', 'модель': 'Polo', 'тариф': 'эконом', 'аренда': 1250}"
1401,"{'марка': 'Renault', 'модель': 'Logan', 'тариф': 'эконом', 'аренда': 1750}"
1402,"{'марка': 'Opel', 'модель': 'Astra', 'тариф': 'комфорт', 'аренда': 2000}"
1403,"{'марка': 'Chery', 'модель': 'Tiggo 2', 'тариф': 'эконом', 'аренда': 1550}"
1404,"{'марка': 'Lada', 'модель': 'Granta', 'тариф': 'эконом', 'аренда': 1200}"
1405,"{'марка': 'Chevrolet', 'модель': 'Spark', 'тариф': 'эконом', 'аренда': 1550}"
1406,"{'марка': 'Chevrolet', 'модель': 'Spark', 'тариф': 'эконом', 'аренда': 1350}"
1407,"{'марка': 'Geely', 'модель': 'Emgrand', 'тариф': 'комфорт', 'аренда': 1800}"
1408,"{'марка': 'Chery', 'модель': 'Tiggo 7', 'тариф': 'комфорт+', 'аренда': 2450}"
1409,"{'марка': 'Geely', 'модель': 'MK', 'тариф': 'эконом', 'аренда': 1450}"
1410,"{'марка': 'Datsun', 'модель': 'on-DO', 'тариф': 'эконом', 'аренда': 1800}"
1411,"{'марка': 'Volkswagen', 'модель': 'Polo', 'тариф': 'эконом', 'аренда': 1250}"
1412,"{'марка': 'Peugeot', 'модель': '408', 'тариф': 'комфорт', 'аренда': 1800}"
1413,"{'марка': 'Opel', 'модель': 'Astra', 'тариф': 'комфорт', 'аренда': 2100}"
1414,"{'марка': 'Datsun', 'модель': 'on-DO', 'тариф': 'эконом', 'аренда': 1800}"
1415,"{'марка': 'Renault', 'модель': 'Logan', 'тариф': 'эконом', 'аренда': 1450}"
1416,"{'марка': 'Hyundai', 'модель': 'Solaris', 'тариф': 'эконом', 'аренда': 1700}"
1417,"{'марка': 'Skoda', 'модель': 'Rapid', 'тариф': 'комфорт', 'аренда': 2200}"
1418,"{'марка': 'Volkswagen', 'модель': 'Jetta', 'тариф': 'комфорт', 'аренда': 2000}"
1419,"{'марка': 'Geely', 'модель': 'Emgrand', 'тариф': 'комфорт', 'аренда': 1950}"
1420,"{'марка': 'Chevrolet', 'модель': 'Spark', 'тариф': 'эконом', 'аренда': 1500}"
1421,"{'марка': 'Daewoo', 'модель': 'Matiz', 'тариф': 'эконом', 'аренда': 1800}"
1422,"{'марка': 'Peugeot', 'модель': '508', 'тариф': 'комфорт+', 'аренда': 2400}"
1423,"{'марка': 'Hyundai', 'модель': 'Solaris', 'тариф': 'эконом', 'аренда': 1600}"
1424,"{'марка': 'Mazda', 'модель': '6', 'тариф': 'комфорт+', 'аренда': 2050}"
1425,"{'марка': 'Chery', 'модель': 'Tiggo 4', 'тариф': 'комфорт', 'аренда': 2050}"
1426,"{'марка': 'Volkswagen', 'модель': 'Polo', 'тариф': 'эконом', 'аренда': 1600}"
1427,"{'марка': 'Geely', 'модель': 'MK', 'тариф': 'эконом', 'аренда': 1450}"
1428,"{'марка': 'Datsun', 'модель': 'on-DO', 'тариф': 'эконом', 'аренда': 1300}"
1429,"{'марка': 'Renault', 'модель': 'Logan', 'тариф': 'эконом', 'аренда': 1700}"
1430,"{'марка': 'Renault', 'модель': 'Logan', 'тариф': 'эконом', 'аренда': 1750}"
1431,"{'марка': 'Hyundai', 'модель': 'Solaris', 'тариф': 'эконом', 'аренда': 1300}"
1432,"{'марка': 'Chery', 'модель': 'Tiggo 2', 'тариф': 'эконом', 'аренда': 1450}"
1433,"{'марка': 'Renault', 'модель': 'Logan', 'тариф': 'эконом', 'аренда': 1750}"
1434,"{'марка': 'Fiat', 'модель': 'Panda', 'тариф': 'эконом', 'аренда': 1650}"
1435,"{'марка': 'Subaru', 'модель': 'Outback', 'тариф': 'комфорт+', 'аренда': 3500}"
1436,"{'марка': 'Volkswagen', 'модель': 'Passat', 'тариф': 'комфорт+', 'аренда': 3350}"
1437,"{'марка': 'Mazda', 'модель': '3', 'тариф': 'комфорт', 'аренда': 1850}"
1438,"{'марка': 'Geely', 'модель': 'MK', 'тариф': 'эконом', 'аренда': 1800}"
1439,"{'марка': 'Geely', 'модель': 'Emgrand', 'тариф': 'комфорт', 'аренда': 1650}"
1440,"{'марка': 'Daewoo', 'модель': 'Matiz', 'тариф': 'эконом', 'аренда': 1650}"
1441,"{'марка': 'Kia', 'модель': 'Rio', 'тариф': 'эконом', 'аренда': 1800}"
1442,"{'марка': 'Datsun', 'модель': 'on-DO', 'тариф': 'эконом', 'аренда': 1350}"
1443,"{'марка': 'Geely', 'модель': 'Emgrand', 'тариф': 'комфорт', 'аренда': 1700}"
1444,"{'марка': 'Chery', 'модель': 'Tiggo 2', 'тариф': 'эконом', 'аренда': 1250}"
1445,"{'марка': 'Chevrolet', 'модель': 'Spark', 'тариф': 'эконом', 'аренда': 1600}"
1446,"{'марка': 'Mazda', 'модель': '6', 'тариф': 'комфорт+', 'аренда': 2450}"
1447,"{'марка': 'Mazda', 'модель': '6', 'тариф': 'комфорт+', 'аренда': 2700}"
1448,"{'марка': 'Kia', 'модель': 'Optima', 'тариф': 'комфорт', 'аренда': 1600}"
1449,"{'марка': 'Mazda', 'модель': '6', 'тариф': 'комфорт+', 'аренда': 2950}"
1450,"{'марка': 'Mazda', 'модель': '6', 'тариф': 'комфорт+', 'аренда': 2600}"
1451,"{'марка': 'Honda', 'модель': 'Accord', 'тариф': 'комфорт+', 'аренда': 2200}"
1452,"{'марка': 'Daewoo', 'модель': 'Matiz', 'тариф': 'эконом', 'аренда': 1450}"
1453,"{'марка': 'Mazda', 'модель': '3', 'тариф': 'комфорт', 'аренда': 2150}"
1454,"{'марка': 'Suzuki', 'модель': 'Alto', 'тариф': 'эконом', 'аренда': 1400}"
1455,"{'марка': 'Lada', 'модель': 'Granta', 'тариф': 'эконом', 'аренда': 1700}"
1456,"{'марка': 'Chevrolet', 'модель': 'Spark', 'тариф': 'эконом', 'аренда': 1600}"
1457,"{'марка': 'Volkswagen', 'модель': 'Polo', 'тариф': 'эконом', 'аренда': 1350}"
1458,"{'марка': 'Hyundai', 'модель': 'Solaris', 'тариф': 'эконом', 'аренда': 1750}"
1459,"{'марка': 'Hyundai', 'модель': 'Elantra', 'тариф': 'комфорт', 'аренда': 2450}"
1460,"{'марка': 'Nissan', 'модель': 'Qashqai', 'тариф': 'комфорт+', 'аренда': 2050}"
1461,"{'марка': 'Fiat', 'модель': 'Panda', 'тариф': 'эконом', 'аренда': 1750}"
1462,"{'марка': 'Chery', 'модель': 'Tiggo 2', 'тариф': 'эконом', 'аренда': 1650}"
1463,"{'марка': 'Geely', 'модель': 'MK', 'тариф': 'эконом', 'аренда': 1550}"
1464,"{'марка': 'Suzuki', 'модель': 'Alto', 'тариф': 'эконом', 'аренда': 1450}"
1465,"{'марка': 'Hyundai', 'модель': 'Elantra', 'тариф': 'комфорт', 'аренда': 1900}"
1466,"{'марка': 'Lada', 'модель': 'Granta', 'тариф': 'эконом', 'аренда': 1800}"
1467,"{'марка': 'Citroen', 'модель': 'C4', 'тариф': 'комфорт', 'аренда': 1650}"
1468,"{'марка': 'Chery', 'модель': 'Tiggo 2', 'тариф': 'эконом', 'аренда': 1750}"
1469,"{'марка': 'Opel', 'модель': 'Astra', 'тариф': 'комфорт', 'аренда': 2000}"
1470,"{'марка': 'Skoda', 'модель': 'Octavia', 'тариф': 'комфорт+', 'аренда': 2900}"
1471,"{'марка': 'Renault', 'модель': 'Logan', 'тариф': 'эконом', 'аренда': 1500}"
1472,"{'марка': 'Toyota', 'модель': 'Corolla', 'тариф': 'комфорт', 'аренда': 1950}"
1473,"{'марка': 'Honda', 'модель': 'Accord', 'тариф': 'комфорт+', 'аренда': 2600}"
1474,"{'марка': 'Lada', 'модель': 'Granta', 'тариф': 'эконом', 'аренда': 1800}"
1475,"{'марка': 'Chevrolet', 'модель': 'Spark', 'тариф': 'эконом', 'аренда': 1250}"
1476,"{'марка': 'Geely', 'модель': 'Emgrand', 'тариф': 'комфорт', 'аренда': 1950}"
1477,"{'марка': 'Kia', 'модель': 'Rio', 'тариф': 'эконом', 'аренда': 1600}"
1478,"{'марка': 'Mazda', 'модель': '3', 'тариф': 'комфорт', 'аренда': 1750}"
1479,"{'марка': 'Chery', 'модель': 'Tiggo 2', 'тариф': 'эконом', 'аренда': 1400}"
1480,"{'марка': 'Nissan', 'модель': 'Qashqai', 'тариф': 'комфорт+', 'аренда': 2700}"
1481,"{'марка': 'Hyundai', 'модель': 'Solaris', 'тариф': 'эконом', 'аренда': 1300}"
1482,"{'марка': 'Suzuki', 'модель': 'Alto', 'тариф': 'эконом', 'аренда': 1200}"
1483,"{'марка': 'Kia', 'модель': 'Optima', 'тариф': 'комфорт', 'аренда': 1950}"
1484,"{'марка': 'Chevrolet', 'модель': 'Spark', 'тариф': 'эконом', 'аренда': 1750}"
1485,"{'марка': 'Geely', 'модель': 'MK', 'тариф': 'эконом', 'аренда': 1250}"
1486,"{'марка': 'Lada', 'модель': 'Granta', 'тариф': 'эконом', 'аренда': 1500}"
1487,"{'марка': 'Chery', 'модель': 'Tiggo 2', 'тариф': 'эконом', 'аренда': 1500}"
1488,"{'марка': 'Suzuki', 'модель': 'Alto', 'тариф': 'эконом', 'аренда': 1650}"
1489,"{'марка': 'Suzuki', 'модель': 'Alto', 'тариф': 'эконом', 'аренда': 1600}"
1490,"{'марка': 'Volkswagen', 'модель': 'Jetta', 'тариф': 'комфорт', 'аренда': 2450}"
1491,"{'марка': 'Datsun', 'модель': 'on-DO', 'тариф': 'эконом', 'аренда': 1400}"
1492,"{'марка': 'Volkswagen', 'модель': 'Polo', 'тариф': 'эконом', 'аренда': 1800}"
1493,"{'марка': 'Honda', 'модель': 'Accord', 'тариф': 'комфорт+', 'аренда': 3500}"
1494,"{'марка': 'Volkswagen', 'модель': 'Polo', 'тариф': 'эконом', 'аренда': 1200}"
1495,"{'марка': 'Lada', 'модель': 'Granta', 'тариф': 'эконом', 'аренда': 1800}"
1496,"{'марка': 'Datsun', 'модель': 'on-DO', 'тариф': 'эконом', 'аренда': 1750}"
1497,"{'марка': 'Lada', 'модель': 'Granta', 'тариф': 'эконом', 'аренда': 1200}"
1498,"{'марка': 'Renault', 'модель': 'Logan', 'тариф': 'эконом', 'аренда': 1800}"
1499,"{'марка': 'Volkswagen', 'модель': 'Jetta', 'тариф': 'комфорт', 'аренда': 1950}"
1500,"{'марка': 'Peugeot', 'модель': '508', 'тариф': 'комфорт+', 'аренда': 2400}"
1501,"{'марка': 'Lada', 'модель': 'Granta', 'тариф': 'эконом', 'аренда': 1600}"
1502,"{'марка': 'Renault', 'модель': 'Logan', 'тариф': 'эконом', 'аренда': 1250}"
1503,"{'марка': 'Ford', 'модель': 'Mondeo', 'тариф': 'комфорт+', 'аренда': 2600}"
1504,"{'марка': 'Chevrolet', 'модель': 'Spark', 'тариф': 'эконом', 'аренда': 1350}"
1505,"{'марка': 'Opel', 'модель': 'Astra', 'тариф': 'комфорт', 'аренда': 2100}"
1506,"{'марка': 'Lada', 'модель': 'Granta', 'тариф': 'эконом', 'аренда': 1200}"
1507,"{'марка': 'Renault', 'модель': 'Logan', 'тариф': 'эконом', 'аренда': 1800}"
1508,"{'марка': 'Honda', 'модель': 'Accord', 'тариф': 'комфорт+', 'аренда': 2550}"
1509,"{'марка': 'Opel', 'модель': 'Astra', 'тариф': 'комфорт', 'аренда': 2250}"
1510,"{'марка': 'Fiat', 'модель': 'Panda', 'тариф': 'эконом', 'аренда': 1350}"
1511,"{'марка': 'Fiat', 'модель': 'Panda', 'тариф': 'эконом', 'аренда': 1600}"
1512,"{'марка': 'Datsun', 'модель': 'on-DO', 'тариф': 'эконом', 'аренда': 1300}"
1513,"{'марка': 'Toyota', 'модель': 'Camry', 'тариф': 'комфорт+', 'аренда': 3450}"
1514,"{'марка': 'Chery', 'модель': 'Tiggo 7', 'тариф': 'комфорт+', 'аренда': 3100}"
1515,"{'марка': 'Suzuki', 'модель': 'Alto', 'тариф': 'эконом', 'аренда': 1300}"
1516,"{'марка': 'Opel', 'модель': 'Astra', 'тариф': 'комфорт', 'аренда': 2050}"
1517,"{'марка': 'Toyota', 'модель': 'Corolla', 'тариф': 'комфорт', 'аренда': 1950}"
1518,"{'марка': 'Datsun', 'модель': 'on-DO', 'тариф': 'эконом', 'аренда': 1500}"
1519,"{'марка': 'Chevrolet', 'модель': 'Spark', 'тариф': 'эконом', 'аренда': 1400}"
1520,"{'марка': 'Suzuki', 'модель': 'Alto', 'тариф': 'эконом', 'аренда': 1250}"
1521,"{'марка': 'Chery', 'модель': 'Tiggo 2', 'тариф': 'эконом', 'аренда': 1400}"
1522,"{'марка': 'Volkswagen', 'модель': 'Jetta', 'тариф': 'комфорт', 'аренда': 2500}"
1523,"{'марка': 'Volkswagen', 'модель': 'Jetta', 'тариф': 'комфорт', 'аренда': 2300}"
1524,"{'марка': 'Kia', 'модель': 'Rio', 'тариф': 'эконом', 'аренда': 1700}"
1525,"{'марка': 'Peugeot', 'модель': '508', 'тариф': 'комфорт+', 'аренда': 3450}"
1526,"{'марка': 'Mazda', 'модель': '6', 'тариф': 'комфорт+', 'аренда': 3100}"
1527,"{'марка': 'Volkswagen', 'модель': 'Polo', 'тариф': 'эконом', 'аренда': 1650}"
1528,"{'марка': 'Lada', 'модель': 'Granta', 'тариф': 'эконом', 'аренда': 1600}"
1529,"{'марка': 'Chery', 'модель': 'Tiggo 2', 'тариф': 'эконом', 'аренда': 1350}"
1530,"{'марка': 'Suzuki', 'модель': 'Alto', 'тариф': 'эконом', 'аренда': 1550}"
1531,"{'марка': 'Hyundai', 'модель': 'Solaris', 'тариф': 'эконом', 'аренда': 1400}"
1532,"{'марка': 'Peugeot', 'модель': '408', 'тариф': 'комфорт', 'аренда': 2400}"
1533,"{'марка': 'Skoda', 'модель': 'Octavia', 'тариф': 'комфорт+', 'аренда': 3200}"
1534,"{'марка': 'Lada', 'модель': 'Granta', 'тариф': 'эконом', 'аренда': 1700}"
1535,"{'марка': 'Fiat', 'модель': 'Panda', 'тариф': 'эконом', 'аренда': 1400}"
1536,"{'марка': 'Mazda', 'модель': '3', 'тариф': 'комфорт', 'аренда': 1600}"
1537,"{'марка': 'Chery', 'модель': 'Tiggo 4', 'тариф': 'комфорт', 'аренда': 1700}"
1538,"{'марка': 'Chevrolet', 'модель': 'Spark', 'тариф': 'эконом', 'аренда': 1600}"
1539,"{'марка': 'Honda', 'модель': 'Civic', 'тариф': 'комфорт', 'аренда': 2400}"
1540,"{'марка': 'Mitsubishi', 'модель': 'Outlander', 'тариф': 'комфорт+', 'аренда': 2000}"
1541,"{'марка': 'Chery', 'модель': 'Tiggo 2', 'тариф': 'эконом', 'аренда': 1800}"
1542,"{'марка': 'Peugeot', 'модель': '508', 'тариф': 'комфорт+', 'аренда': 2100}"
1543,"{'марка': 'Volkswagen', 'модель': 'Polo', 'тариф': 'эконом', 'аренда': 1400}"
1544,"{'марка': 'Honda', 'модель': 'Civic', 'тариф': 'комфорт', 'аренда': 1900}"
1545,"{'марка': 'Skoda', 'модель': 'Rapid', 'тариф': 'комфорт', 'аренда': 1800}"
1546,"{'марка': 'Datsun', 'модель': 'on-DO', 'тариф': 'эконом', 'аренда': 1650}"
1547,"{'марка': 'Daewoo', 'модель': 'Matiz', 'тариф': 'эконом', 'аренда': 1800}"
1548,"{'марка': 'Fiat', 'модель': 'Panda', 'тариф': 'эконом', 'аренда': 1450}"
1549,"{'марка': 'Suzuki', 'модель': 'Alto', 'тариф': 'эконом', 'аренда': 1500}"
1550,"{'марка': 'Volkswagen', 'модель': 'Polo', 'тариф': 'эконом', 'аренда': 1800}"
1551,"{'марка': 'Datsun', 'модель': 'on-DO', 'тариф': 'эконом', 'аренда': 1500}"
1552,"{'марка': 'Peugeot', 'модель': '408', 'тариф': 'комфорт', 'аренда': 2150}"
1553,"{'марка': 'Chery', 'модель': 'Tiggo 2', 'тариф': 'эконом', 'аренда': 1400}"
1554,"{'марка': 'Daewoo', 'модель': 'Matiz', 'тариф': 'эконом', 'аренда': 1400}"
1555,"{'марка': 'Peugeot', 'модель': '408', 'тариф': 'комфорт', 'аренда': 2250}"
1556,"{'марка': 'Geely', 'модель': 'Emgrand', 'тариф': 'комфорт', 'аренда': 2200}"
1557,"{'марка': 'Mazda', 'модель': '3', 'тариф': 'комфорт', 'аренда': 2250}"
1558,"{'марка': 'Nissan', 'модель': 'Qashqai', 'тариф': 'комфорт+', 'аренда': 2700}"
1559,"{'марка': 'Skoda', 'модель': 'Octavia', 'тариф': 'комфорт+', 'аренда': 3100}"
1560,"{'марка': 'Volkswagen', 'модель': 'Passat', 'тариф': 'комфорт+', 'аренда': 2250}"
1561,"{'марка': 'Renault', 'модель': 'Logan', 'тариф': 'эконом', 'аренда': 1700}"
1562,"{'марка': 'Ford', 'модель': 'Mondeo', 'тариф': 'комфорт+', 'аренда': 2650}"
1563,"{'марка': 'Fiat', 'модель': 'Panda', 'тариф': 'эконом', 'аренда': 1300}"
1564,"{'марка': 'Kia', 'модель': 'Rio', 'тариф': 'эконом', 'аренда': 1750}"
1565,"{'марка': 'Datsun', 'модель': 'on-DO', 'тариф': 'эконом', 'аренда': 1750}"
1566,"{'марка': 'Renault', 'модель': 'Logan', 'тариф': 'эконом', 'аренда': 1750}"
1567,"{'марка': 'Volkswagen', 'модель': 'Polo', 'тариф': 'эконом', 'аренда': 1650}"
1568,"{'марка': 'Datsun', 'модель': 'on-DO', 'тариф': 'эконом', 'аренда': 1350}"
1569,"{'марка': 'Toyota', 'модель': 'Corolla', 'тариф': 'комфорт', 'аренда': 2400}"
1570,"{'марка': 'Kia', 'модель': 'Rio', 'тариф': 'эконом', 'аренда': 1450}"
1571,"{'марка': 'Volkswagen', 'модель': 'Jetta', 'тариф': 'комфорт', 'аренда': 1650}"
1572,"{'марка': 'Mazda', 'модель': '3', 'тариф': 'комфорт', 'аренда': 1800}"
1573,"{'марка': 'Subaru', 'модель': 'Outback', 'тариф': 'комфорт+', 'аренда': 2000}"
1574,"{'марка': 'Volkswagen', 'модель': 'Jetta', 'тариф': 'комфорт', 'аренда': 1600}"
1575,"{'марка': 'Ford', 'модель': 'Mondeo', 'тариф': 'комфорт+', 'аренда': 2950}"
1576,"{'марка': 'Suzuki', 'модель': 'Alto', 'тариф': 'эконом', 'аренда': 1400}"
1577,"{'марка': 'Renault', 'модель': 'Logan', 'тариф': 'эконом', 'аренда': 1600}"
1578,"{'марка': 'Chery', 'модель': 'Tiggo 4', 'тариф': 'комфорт', 'аренда': 2450}"
1579,"{'марка': 'Kia', 'модель': 'Rio', 'тариф': 'эконом', 'аренда': 1550}"
1580,"{'марка': 'Chery', 'модель': 'Tiggo 2', 'тариф': 'эконом', 'аренда': 1350}"
1581,"{'марка': 'Chevrolet', 'модель': 'Spark', 'тариф': 'эконом', 'аренда': 1800}"
1582,"{'марка': 'Geely', 'модель': 'Atlas', 'тариф': 'комфорт+', 'аренда': 3350}"
1583,"{'марка': 'Geely', 'модель': 'Atlas', 'тариф': 'комфорт+', 'аренда': 2250}"
1584,"{'марка': 'Skoda', 'модель': 'Octavia', 'тариф': 'комфорт+', 'аренда': 2450}"
1585,"{'марка': 'Chery', 'модель': 'Tiggo 2', 'тариф': 'эконом', 'аренда': 1200}"
1586,"{'марка': 'Subaru', 'модель': 'Outback', 'тариф': 'комфорт+', 'аренда': 2150}"
1587,"{'марка': 'Chery', 'модель': 'Tiggo 4', 'тариф': 'комфорт', 'аренда': 1900}"
1588,"{'марка': 'Datsun', 'модель': 'on-DO', 'тариф': 'эконом', 'аренда': 1750}"
1589,"{'марка': 'Mazda', 'модель': '3', 'тариф': 'комфорт', 'аренда': 1900}"
1590,"{'марка': 'Mazda', 'модель': '6', 'тариф': 'комфорт+', 'аренда': 2450}"
1591,"{'марка': 'Chevrolet', 'модель': 'Spark', 'тариф': 'эконом', 'аренда': 1400}"
1592,"{'марка': 'Geely', 'модель': 'Atlas', 'тариф': 'комфорт+', 'аренда': 2400}"
1593,"{'марка': 'Daewoo', 'модель': 'Matiz', 'тариф': 'эконом', 'аренда': 1350}"
1594,"{'марка': 'Chevrolet', 'модель': 'Spark', 'тариф': 'эконом', 'аренда': 1350}"
1595,"{'марка': 'Honda', 'модель': 'Accord', 'тариф': 'комфорт+', 'аренда': 2150}"
1596,"{'марка': 'Daewoo', 'модель': 'Matiz', 'тариф': 'эконом', 'аренда': 1350}"
1597,"{'марка': 'Renault', 'модель': 'Logan', 'тариф': 'эконом', 'аренда': 1200}"
1598,"{'марка': 'Renault', 'модель': 'Logan', 'тариф': 'эконом', 'аренда': 1350}"
1599,"{'марка': 'Hyundai', 'модель': 'Elantra', 'тариф': 'комфорт', 'аренда': 1700}"
1600,"{'марка': 'Kia', 'модель': 'Rio', 'тариф': 'эконом', 'аренда': 1350}"
1601,"{'марка': 'Chevrolet', 'модель': 'Spark', 'тариф': 'эконом', 'аренда': 1450}"
1602,"{'марка': 'Hyundai', 'модель': 'Solaris', 'тариф': 'эконом', 'аренда': 1550}"
1603,"{'марка': 'Kia', 'модель': 'Rio', 'тариф': 'эконом', 'аренда': 1400}"
1604,"{'марка': 'Fiat', 'модель': 'Panda', 'тариф': 'эконом', 'аренда': 1650}"
1605,"{'марка': 'Geely', 'модель': 'MK', 'тариф': 'эконом', 'аренда': 1700}"
1606,"{'марка': 'Mazda', 'модель': '3', 'тариф': 'комфорт', 'аренда': 1800}"
1607,"{'марка': 'Geely', 'модель': 'MK', 'тариф': 'эконом', 'аренда': 1300}"
1608,"{'марка': 'Datsun', 'модель': 'on-DO', 'тариф': 'эконом', 'аренда': 1450}"
1609,"{'марка': 'Volkswagen', 'модель': 'Polo', 'тариф': 'эконом', 'аренда': 1350}"
1610,"{'марка': 'Mazda', 'модель': '6', 'тариф': 'комфорт+', 'аренда': 2000}"
1611,"{'марка': 'Kia', 'модель': 'Rio', 'тариф': 'эконом', 'аренда': 1200}"
1612,"{'марка': 'Hyundai', 'модель': 'Solaris', 'тариф': 'эконом', 'аренда': 1700}"
1613,"{'марка': 'Suzuki', 'модель': 'Alto', 'тариф': 'эконом', 'аренда': 1250}"
1614,"{'марка': 'Datsun', 'модель': 'on-DO', 'тариф': 'эконом', 'аренда': 1750}"
1615,"{'марка': 'Suzuki', 'модель': 'Alto', 'тариф': 'эконом', 'аренда': 1400}"
1616,"{'марка': 'Chevrolet', 'модель': 'Spark', 'тариф': 'эконом', 'аренда': 1350}"
1617,"{'марка': 'Chery', 'модель': 'Tiggo 2', 'тариф': 'эконом', 'аренда': 1550}"
1618,"{'марка': 'Datsun', 'модель': 'on-DO', 'тариф': 'эконом', 'аренда': 1350}"
1619,"{'марка': 'Skoda', 'модель': 'Octavia', 'тариф': 'комфорт+', 'аренда': 3300}"
1620,"{'марка': 'Lada', 'модель': 'Granta', 'тариф': 'эконом', 'аренда': 1400}"
1621,"{'марка': 'Toyota', 'модель': 'Camry', 'тариф': 'комфорт+', 'аренда': 2350}"
1622,"{'марка': 'Volkswagen', 'модель': 'Jetta', 'тариф': 'комфорт', 'аренда': 1900}"
1623,"{'марка': 'Datsun', 'модель': 'on-DO', 'тариф': 'эконом', 'аренда': 1250}"
1624,"{'марка': 'Volkswagen', 'модель': 'Polo', 'тариф': 'эконом', 'аренда': 1750}"
1625,"{'марка': 'Volkswagen', 'модель': 'Polo', 'тариф': 'эконом', 'аренда': 1200}"
1626,"{'марка': 'Daewoo', 'модель': 'Matiz', 'тариф': 'эконом', 'аренда': 1550}"
1627,"{'марка': 'Skoda', 'модель': 'Octavia', 'тариф': 'комфорт+', 'аренда': 3150}"
1628,"{'марка': 'Suzuki', 'модель': 'Alto', 'тариф': 'эконом', 'аренда': 1400}"
1629,"{'марка': 'Chevrolet', 'модель': 'Spark', 'тариф': 'эконом', 'аренда': 1800}"
1630,"{'марка': 'Geely', 'модель': 'Atlas', 'тариф': 'комфорт+', 'аренда': 3250}"
1631,"{'марка': 'Honda', 'модель': 'Accord', 'тариф': 'комфорт+', 'аренда': 3000}"
1632,"{'марка': 'Chery', 'модель': 'Tiggo 7', 'тариф': 'комфорт+', 'аренда': 2200}"
1633,"{'марка': 'Mazda', 'модель': '6', 'тариф': 'комфорт+', 'аренда': 2200}"
1634,"{'марка': 'Kia', 'модель': 'Optima', 'тариф': 'комфорт', 'аренда': 1700}"
1635,"{'марка': 'Fiat', 'модель': 'Panda', 'тариф': 'эконом', 'аренда': 1750}"
1636,"{'марка': 'Geely', 'модель': 'MK', 'тариф': 'эконом', 'аренда': 1450}"
1637,"{'марка': 'Toyota', 'модель': 'Camry', 'тариф': 'комфорт+', 'аренда': 3050}"
1638,"{'марка': 'Volkswagen', 'модель': 'Passat', 'тариф': 'комфорт+', 'аренда': 3050}"
1639,"{'марка': 'Fiat', 'модель': 'Panda', 'тариф': 'эконом', 'аренда': 1750}"
1640,"{'марка': 'Hyundai', 'модель': 'Solaris', 'тариф': 'эконом', 'аренда': 1550}"
1641,"{'марка': 'Daewoo', 'модель': 'Matiz', 'тариф': 'эконом', 'аренда': 1350}"
1642,"{'марка': 'Mitsubishi', 'модель': 'Outlander', 'тариф': 'комфорт+', 'аренда': 2950}"
1643,"{'марка': 'Mitsubishi', 'модель': 'Outlander', 'тариф': 'комфорт+', 'аренда': 2850}"
1644,"{'марка': 'Datsun', 'модель': 'on-DO', 'тариф': 'эконом', 'аренда': 1350}"
1645,"{'марка': 'Mazda', 'модель': '6', 'тариф': 'комфорт+', 'аренда': 2700}"
1646,"{'марка': 'Hyundai', 'модель': 'Elantra', 'тариф': 'комфорт', 'аренда': 2350}"
1647,"{'марка': 'Kia', 'модель': 'Rio', 'тариф': 'эконом', 'аренда': 1450}"
1648,"{'марка': 'Chery', 'модель': 'Tiggo 4', 'тариф': 'комфорт', 'аренда': 1600}"
1649,"{'марка': 'Ford', 'модель': 'Mondeo', 'тариф': 'комфорт+', 'аренда': 2450}"
1650,"{'марка': 'Volkswagen', 'модель': 'Passat', 'тариф': 'комфорт+', 'аренда': 2700}"
1651,"{'марка': 'Volkswagen', 'модель': 'Polo', 'тариф': 'эконом', 'аренда': 1300}"
1652,"{'марка': 'Lada', 'модель': 'Granta', 'тариф': 'эконом', 'аренда': 1200}"
1653,"{'марка': 'Geely', 'модель': 'MK', 'тариф': 'эконом', 'аренда': 1300}"
1654,"{'марка': 'Volkswagen', 'модель': 'Polo', 'тариф': 'эконом', 'аренда': 1500}"
1655,"{'марка': 'Mazda', 'модель': '3', 'тариф': 'комфорт', 'аренда': 2400}"
1656,"{'марка': 'Chery', 'модель': 'Tiggo 2', 'тариф': 'эконом', 'аренда': 1350}"
1657,"{'марка': 'Renault', 'модель': 'Logan', 'тариф': 'эконом', 'аренда': 1250}"
1658,"{'марка': 'Volkswagen', 'модель': 'Polo', 'тариф': 'эконом', 'аренда': 1800}"
1659,"{'марка': 'Mitsubishi', 'модель': 'Outlander', 'тариф': 'комфорт+', 'аренда': 3200}"
1660,"{'марка': 'Nissan', 'модель': 'Qashqai', 'тариф': 'комфорт+', 'аренда': 3200}"
1661,"{'марка': 'Volkswagen', 'модель': 'Polo', 'тариф': 'эконом', 'аренда': 1550}"
1662,"{'марка': 'Volkswagen', 'модель': 'Polo', 'тариф': 'эконом', 'аренда': 1300}"
1663,"{'марка': 'Geely', 'модель': 'Atlas', 'тариф': 'комфорт+', 'аренда': 2600}"
1664,"{'марка': 'Skoda', 'модель': 'Octavia', 'тариф': 'комфорт+', 'аренда': 2450}"
1665,"{'марка': 'Renault', 'модель': 'Logan', 'тариф': 'эконом', 'аренда': 1500}"
1666,"{'марка': 'Datsun', 'модель': 'on-DO', 'тариф': 'эконом', 'аренда': 1350}"
1667,"{'марка': 'Daewoo', 'модель': 'Matiz', 'тариф': 'эконом', 'аренда': 1350}"
1668,"{'марка': 'Honda', 'модель': 'Accord', 'тариф': 'комфорт+', 'аренда': 3300}"
1669,"{'марка': 'Hyundai', 'модель': 'Solaris', 'тариф': 'эконом', 'аренда': 1750}"
1670,"{'марка': 'Hyundai', 'модель': 'Solaris', 'тариф': 'эконом', 'аренда': 1450}"
1671,"{'марка': 'Lada', 'модель': 'Granta', 'тариф': 'эконом', 'аренда': 1750}"
1672,"{'марка': 'Volkswagen', 'модель': 'Jetta', 'тариф': 'комфорт', 'аренда': 2200}"
1673,"{'марка': 'Datsun', 'модель': 'on-DO', 'тариф': 'эконом', 'аренда': 1700}"
1674,"{'марка': 'Skoda', 'модель': 'Octavia', 'тариф': 'комфорт+', 'аренда': 3250}"
1675,"{'марка': 'Mazda', 'модель': '6', 'тариф': 'комфорт+', 'аренда': 3500}"
1676,"{'марка': 'Honda', 'модель': 'Accord', 'тариф': 'комфорт+', 'аренда': 2750}"
1677,"{'марка': 'Subaru', 'модель': 'Outback', 'тариф': 'комфорт+', 'аренда': 2550}"
1678,"{'марка': 'Kia', 'модель': 'Optima', 'тариф': 'комфорт', 'аренда': 1800}"
1679,"{'марка': 'Suzuki', 'модель': 'Alto', 'тариф': 'эконом', 'аренда': 1750}"
1680,"{'марка': 'Geely', 'модель': 'MK', 'тариф': 'эконом', 'аренда': 1300}"
1681,"{'марка': 'Honda', 'модель': 'Civic', 'тариф': 'комфорт', 'аренда': 2200}"
1682,"{'марка': 'Toyota', 'модель': 'Corolla', 'тариф': 'комфорт', 'аренда': 2000}"
1683,"{'марка': 'Chery', 'модель': 'Tiggo 4', 'тариф': 'комфорт', 'аренда': 1850}"
1684,"{'марка': 'Geely', 'модель': 'Atlas', 'тариф': 'комфорт+', 'аренда': 3250}"
1685,"{'марка': 'Chery', 'модель': 'Tiggo 2', 'тариф': 'эконом', 'аренда': 1350}"
1686,"{'марка': 'Suzuki', 'модель': 'Alto', 'тариф': 'эконом', 'аренда': 1250}"
1687,"{'марка': 'Chery', 'модель': 'Tiggo 2', 'тариф': 'эконом', 'аренда': 1450}"
1688,"{'марка': 'Citroen', 'модель': 'C4', 'тариф': 'комфорт', 'аренда': 1600}"
1689,"{'марка': 'Lada', 'модель': 'Granta', 'тариф': 'эконом', 'аренда': 1350}"
1690,"{'марка': 'Volkswagen', 'модель': 'Jetta', 'тариф': 'комфорт', 'аренда': 2050}"
1691,"{'марка': 'Chery', 'модель': 'Tiggo 2', 'тариф': 'эконом', 'аренда': 1600}"
1692,"{'марка': 'Hyundai', 'модель': 'Solaris', 'тариф': 'эконом', 'аренда': 1350}"
1693,"{'марка': 'Geely', 'модель': 'MK', 'тариф': 'эконом', 'аренда': 1750}"
1694,"{'марка': 'Hyundai', 'модель': 'Solaris', 'тариф': 'эконом', 'аренда': 1400}"
1695,"{'марка': 'Kia', 'модель': 'Rio', 'тариф': 'эконом', 'аренда': 1450}"
1696,"{'марка': 'Geely', 'модель': 'MK', 'тариф': 'эконом', 'аренда': 1400}"
1697,"{'марка': 'Peugeot', 'модель': '508', 'тариф': 'комфорт+', 'аренда': 2400}"
1698,"{'марка': 'Renault', 'модель': 'Logan', 'тариф': 'эконом', 'аренда': 1200}"
1699,"{'марка': 'Nissan', 'модель': 'Qashqai', 'тариф': 'комфорт+', 'аренда': 2400}"
1700,"{'марка': 'Geely', 'модель': 'Atlas', 'тариф': 'комфорт+', 'аренда': 3400}"
1701,"{'марка': 'Volkswagen', 'модель': 'Polo', 'тариф': 'эконом', 'аренда': 1800}"
1702,"{'марка': 'Chevrolet', 'модель': 'Spark', 'тариф': 'эконом', 'аренда': 1300}"
1703,"{'марка': 'Daewoo', 'модель': 'Matiz', 'тариф': 'эконом', 'аренда': 1250}"
1704,"{'марка': 'Datsun', 'модель': 'on-DO', 'тариф': 'эконом', 'аренда': 1600}"
1705,"{'марка': 'Peugeot', 'модель': '508', 'тариф': 'комфорт+', 'аренда': 3000}"
1706,"{'марка': 'Toyota', 'модель': 'Camry', 'тариф': 'комфорт+', 'аренда': 2250}"
1707,"{'марка': 'Datsun', 'модель': 'on-DO', 'тариф': 'эконом', 'аренда': 1750}"
1708,"{'марка': 'Geely', 'модель': 'MK', 'тариф': 'эконом', 'аренда': 1300}"
1709,"{'марка': 'Skoda', 'модель': 'Rapid', 'тариф': 'комфорт', 'аренда': 1700}"
1710,"{'марка': 'Peugeot', 'модель': '408', 'тариф': 'комфорт', 'аренда': 1600}"
1711,"{'марка': 'Geely', 'модель': 'MK', 'тариф': 'эконом', 'аренда': 1600}"
1712,"{'марка': 'Geely', 'модель': 'MK', 'тариф': 'эконом', 'аренда': 1400}"
1713,"{'марка': 'Kia', 'модель': 'Optima', 'тариф': 'комфорт', 'аренда': 1850}"
1714,"{'марка': 'Chevrolet', 'модель': 'Spark', 'тариф': 'эконом', 'аренда': 1600}"
1715,"{'марка': 'Chevrolet', 'модель': 'Spark', 'тариф': 'эконом', 'аренда': 1450}"
1716,"{'марка': 'Geely', 'модель': 'MK', 'тариф': 'эконом', 'аренда': 1600}"
1717,"{'марка': 'Honda', 'модель': 'Accord', 'тариф': 'комфорт+', 'аренда': 2400}"
1718,"{'марка': 'Chery', 'модель': 'Tiggo 2', 'тариф': 'эконом', 'аренда': 1550}"
1719,"{'марка': 'Toyota', 'модель': 'Corolla', 'тариф': 'комфорт', 'аренда': 1750}"
1720,"{'марка': 'Mitsubishi', 'модель': 'Outlander', 'тариф': 'комфорт+', 'аренда': 2950}"
1721,"{'марка': 'Chevrolet', 'модель': 'Spark', 'тариф': 'эконом', 'аренда': 1750}"
1722,"{'марка': 'Honda', 'модель': 'Accord', 'тариф': 'комфорт+', 'аренда': 2650}"
1723,"{'марка': 'Geely', 'модель': 'MK', 'тариф': 'эконом', 'аренда': 1700}"
1724,"{'марка': 'Geely', 'модель': 'MK', 'тариф': 'эконом', 'аренда': 1450}"
1725,"{'марка': 'Daewoo', 'модель': 'Matiz', 'тариф': 'эконом', 'аренда': 1200}"
1726,"{'марка': 'Hyundai', 'модель': 'Solaris', 'тариф': 'эконом', 'аренда': 1400}"
1727,"{'марка': 'Peugeot', 'модель': '408', 'тариф': 'комфорт', 'аренда': 2300}"
1728,"{'марка': 'Peugeot', 'модель': '408', 'тариф': 'комфорт', 'аренда': 1650}"
1729,"{'марка': 'Hyundai', 'модель': 'Elantra', 'тариф': 'комфорт', 'аренда': 2250}"
1730,"{'марка': 'Nissan', 'модель': 'Qashqai', 'тариф': 'комфорт+', 'аренда': 2400}"
1731,"{'марка': 'Skoda', 'модель': 'Octavia', 'тариф': 'комфорт+', 'аренда': 2300}"
1732,"{'марка': 'Lada', 'модель': 'Granta', 'тариф': 'эконом', 'аренда': 1350}"
1733,"{'марка': 'Toyota', 'модель': 'Corolla', 'тариф': 'комфорт', 'аренда': 1650}"
1734,"{'марка': 'Chery', 'модель': 'Tiggo 2', 'тариф': 'эконом', 'аренда': 1200}"
1735,"{'марка': 'Lada', 'модель': 'Granta', 'тариф': 'эконом', 'аренда': 1500}"
1736,"{'марка': 'Datsun', 'модель': 'on-DO', 'тариф': 'эконом', 'аренда': 1200}"
1737,"{'марка': 'Suzuki', 'модель': 'Alto', 'тариф': 'эконом', 'аренда': 1300}"
1738,"{'марка': 'Hyundai', 'модель': 'Solaris', 'тариф': 'эконом', 'аренда': 1450}"
1739,"{'марка': 'Suzuki', 'модель': 'Alto', 'тариф': 'эконом', 'аренда': 1500}"
1740,"{'марка': 'Daewoo', 'модель': 'Matiz', 'тариф': 'эконом', 'аренда': 1550}"
1741,"{'марка': 'Hyundai', 'модель': 'Solaris', 'тариф': 'эконом', 'аренда': 1500}"
1742,"{'марка': 'Peugeot', 'модель': '408', 'тариф': 'комфорт', 'аренда': 2200}"
1743,"{'марка': 'Datsun', 'модель': 'on-DO', 'тариф': 'эконом', 'аренда': 1400}"
1744,"{'марка': 'Kia', 'модель': 'Optima', 'тариф': 'комфорт', 'аренда': 1600}"
1745,"{'марка': 'Fiat', 'модель': 'Panda', 'тариф': 'эконом', 'аренда': 1450}"
1746,"{'марка': 'Mazda', 'модель': '3', 'тариф': 'комфорт', 'аренда': 2350}"
1747,"{'марка': 'Datsun', 'модель': 'on-DO', 'тариф': 'эконом', 'аренда': 1500}"
1748,"{'марка': 'Chevrolet', 'модель': 'Spark', 'тариф': 'эконом', 'аренда': 1800}"
1749,"{'марка': 'Peugeot', 'модель': '408', 'тариф': 'комфорт', 'аренда': 2200}"
1750,"{'марка': 'Toyota', 'модель': 'Corolla', 'тариф': 'комфорт', 'аренда': 2250}"
1751,"{'марка': 'Geely', 'модель': 'Atlas', 'тариф': 'комфорт+', 'аренда': 2500}"
1752,"{'марка': 'Daewoo', 'модель': 'Matiz', 'тариф': 'эконом', 'аренда': 1300}"
1753,"{'марка': 'Datsun', 'модель': 'on-DO', 'тариф': 'эконом', 'аренда': 1600}"
1754,"{'марка': 'Nissan', 'модель': 'Qashqai', 'тариф': 'комфорт+', 'аренда': 3300}"
1755,"{'марка': 'Kia', 'модель': 'Rio', 'тариф': 'эконом', 'аренда': 1700}"
1756,"{'марка': 'Volkswagen', 'модель': 'Jetta', 'тариф': 'комфорт', 'аренда': 2400}"
1757,"{'марка': 'Honda', 'модель': 'Civic', 'тариф': 'комфорт', 'аренда': 2250}"
1758,"{'марка': 'Peugeot', 'модель': '408', 'тариф': 'комфорт', 'аренда': 1950}"
1759,"{'марка': 'Daewoo', 'модель': 'Matiz', 'тариф': 'эконом', 'аренда': 1550}"
1760,"{'марка': 'Hyundai', 'модель': 'Solaris', 'тариф': 'эконом', 'аренда': 1800}"
1761,"{'марка': 'Daewoo', 'модель': 'Matiz', 'тариф': 'эконом', 'аренда': 1250}"
1762,"{'марка': 'Lada', 'модель': 'Granta', 'тариф': 'эконом', 'аренда': 1400}"
1763,"{'марка': 'Opel', 'модель': 'Astra', 'тариф': 'комфорт', 'аренда': 2200}"
1764,"{'марка': 'Renault', 'модель': 'Logan', 'тариф': 'эконом', 'аренда': 1600}"
1765,"{'марка': 'Kia', 'модель': 'Rio', 'тариф': 'эконом', 'аренда': 1350}"
1766,"{'марка': 'Volkswagen', 'модель': 'Polo', 'тариф': 'эконом', 'аренда': 1600}"
1767,"{'марка': 'Kia', 'модель': 'Optima', 'тариф': 'комфорт', 'аренда': 1900}"
1768,"{'марка': 'Fiat', 'модель': 'Panda', 'тариф': 'эконом', 'аренда': 1400}"
1769,"{'марка': 'Ford', 'модель': 'Mondeo', 'тариф': 'комфорт+', 'аренда': 3500}"
1770,"{'марка': 'Fiat', 'модель': 'Panda', 'тариф': 'эконом', 'аренда': 1650}"
1771,"{'марка': 'Renault', 'модель': 'Logan', 'тариф': 'эконом', 'аренда': 1350}"
1772,"{'марка': 'Opel', 'модель': 'Astra', 'тариф': 'комфорт', 'аренда': 1600}"
1773,"{'марка': 'Geely', 'модель': 'MK', 'тариф': 'эконом', 'аренда': 1750}"
1774,"{'марка': 'Hyundai', 'модель': 'Solaris', 'тариф': 'эконом', 'аренда': 1750}"
1775,"{'марка': 'Honda', 'модель': 'Accord', 'тариф': 'комфорт+', 'аренда': 2600}"
1776,"{'марка': 'Suzuki', 'модель': 'Alto', 'тариф': 'эконом', 'аренда': 1800}"
1777,"{'марка': 'Nissan', 'модель': 'Qashqai', 'тариф': 'комфорт+', 'аренда': 3350}"
1778,"{'марка': 'Mazda', 'модель': '6', 'тариф': 'комфорт+', 'аренда': 2200}"
1779,"{'марка': 'Volkswagen', 'модель': 'Polo', 'тариф': 'эконом', 'аренда': 1450}"
1780,"{'марка': 'Daewoo', 'модель': 'Matiz', 'тариф': 'эконом', 'аренда': 1700}"
1781,"{'марка': 'Mazda', 'модель': '6', 'тариф': 'комфорт+', 'аренда': 3250}"
1782,"{'марка': 'Geely', 'модель': 'MK', 'тариф': 'эконом', 'аренда': 1550}"
1783,"{'марка': 'Volkswagen', 'модель': 'Polo', 'тариф': 'эконом', 'аренда': 1200}"
1784,"{'марка': 'Lada', 'модель': 'Granta', 'тариф': 'эконом', 'аренда': 1600}"
1785,"{'марка': 'Skoda', 'модель': 'Octavia', 'тариф': 'комфорт+', 'аренда': 2850}"
1786,"{'марка': 'Chery', 'модель': 'Tiggo 2', 'тариф': 'эконом', 'аренда': 1300}"
1787,"{'марка': 'Volkswagen', 'модель': 'Polo', 'тариф': 'эконом', 'аренда': 1550}"
1788,"{'марка': 'Kia', 'модель': 'Optima', 'тариф': 'комфорт', 'аренда': 2400}"
1789,"{'марка': 'Geely', 'модель': 'MK', 'тариф': 'эконом', 'аренда': 1650}"
1790,"{'марка': 'Honda', 'модель': 'Accord', 'тариф': 'комфорт+', 'аренда': 2200}"
1791,"{'марка': 'Kia', 'модель': 'Rio', 'тариф': 'эконом', 'аренда': 1500}"
1792,"{'марка': 'Lada', 'модель': 'Granta', 'тариф': 'эконом', 'аренда': 1400}"
1793,"{'марка': 'Chery', 'модель': 'Tiggo 7', 'тариф': 'комфорт+', 'аренда': 3250}"
1794,"{'марка': 'Toyota', 'модель': 'Camry', 'тариф': 'комфорт+', 'аренда': 2100}"
1795,"{'марка': 'Mazda', 'модель': '3', 'тариф': 'комфорт', 'аренда': 2400}"
1796,"{'марка': 'Toyota', 'модель': 'Camry', 'тариф': 'комфорт+', 'аренда': 2100}"
1797,"{'марка': 'Chevrolet', 'модель': 'Spark', 'тариф': 'эконом', 'аренда': 1800}"
1798,"{'марка': 'Honda', 'модель': 'Civic', 'тариф': 'комфорт', 'аренда': 2000}"
1799,"{'марка': 'Citroen', 'модель': 'C4', 'тариф': 'комфорт', 'аренда': 1650}"
1800,"{'марка': 'Geely', 'модель': 'MK', 'тариф': 'эконом', 'аренда': 1650}"
1801,"{'марка': 'Chevrolet', 'модель': 'Spark', 'тариф': 'эконом', 'аренда': 1200}"
1802,"{'марка': 'Renault', 'модель': 'Logan', 'тариф': 'эконом', 'аренда': 1450}"
1803,"{'марка': 'Kia', 'модель': 'Rio', 'тариф': 'эконом', 'аренда': 1750}"
1804,"{'марка': 'Honda', 'модель': 'Accord', 'тариф': 'комфорт+', 'аренда': 3050}"
1805,"{'марка': 'Lada', 'модель': 'Granta', 'тариф': 'эконом', 'аренда': 1750}"
1806,"{'марка': 'Geely', 'модель': 'MK', 'тариф': 'эконом', 'аренда': 1250}"
1807,"{'марка': 'Chery', 'модель': 'Tiggo 4', 'тариф': 'комфорт', 'аренда': 2500}"
1808,"{'марка': 'Datsun', 'модель': 'on-DO', 'тариф': 'эконом', 'аренда': 1450}"
1809,"{'марка': 'Renault', 'модель': 'Logan', 'тариф': 'эконом', 'аренда': 1700}"
1810,"{'марка': 'Lada', 'модель': 'Granta', 'тариф': 'эконом', 'аренда': 1700}"
1811,"{'марка': 'Peugeot', 'модель': '508', 'тариф': 'комфорт+', 'аренда': 3400}"
1812,"{'марка': 'Chery', 'модель': 'Tiggo 2', 'тариф': 'эконом', 'аренда': 1750}"
1813,"{'марка': 'Kia', 'модель': 'Rio', 'тариф': 'эконом', 'аренда': 1650}"
